group_id,rules,split,image_count,empty_count,total_box_count,jieba_image_count,jieba_box_count,zonglie_image_count,zonglie_box_count,qilie_image_count,qilie_box_count,jiaza_image_count,jiaza_box_count,yiwuyaru_image_count,yiwuyaru_box_count,huashang_image_count,huashang_box_count,mamianmakeng_image_count,mamianmakeng_box_count,yanghuatiepi_image_count,yanghuatiepi_box_count,gunyin_image_count,gunyin_box_count
0001388270,numeric_raw_prefix,train,1,0,3,0,0,1,2,0,0,1,1,0,0,0,0,0,0,0,0,0,0
0001388400,numeric_raw_prefix,train,5,5,0,0,0,0,0,0,0,0,0,0,0,0,0,0,0,0,0,0,0
0001388609,numeric_raw_prefix,train,1,0,1,0,0,0,0,0,0,0,0,0,0,0,0,1,1,0,0,0,0
0001389370,numeric_raw_prefix,train,1,0,2,0,0,1,2,0,0,0,0,0,0,0,0,0,0,0,0,0,0
0001389511,numeric_raw_prefix,train,4,3,6,0,0,0,0,0,0,0,0,0,0,0,0,0,0,1,6,0,0
0001389516,numeric_raw_prefix,train,1,0,1,0,0,1,1,0,0,0,0,0,0,0,0,0,0,0,0,0,0
0001390648,numeric_raw_prefix,train,8,5,3,0,0,0,0,0,0,0,0,0,0,0,0,0,0,3,3,0,0
0001392084,numeric_raw_prefix,train,1,1,0,0,0,0,0,0,0,0,0,0,0,0,0,0,0,0,0,0,0
0001395654,numeric_raw_prefix,train,1,0,1,0,0,1,1,0,0,0,0,0,0,0,0,0,0,0,0,0,0
0001396042,numeric_raw_prefix,train,1,0,1,0,0,1,1,0,0,0,0,0,0,0,0,0,0,0,0,0,0
0001396074,numeric_raw_prefix,train,1,1,0,0,0,0,0,0,0,0,0,0,0,0,0,0,0,0,0,0,0
0001396149,numeric_raw_prefix,train,1,1,0,0,0,0,0,0,0,0,0,0,0,0,0,0,0,0,0,0,0
0001396586,numeric_raw_prefix,train,2,0,4,0,0,0,0,0,0,0,0,0,0,0,0,0,0,2,4,0,0
0001396593,numeric_raw_prefix,train,1,1,0,0,0,0,0,0,0,0,0,0,0,0,0,0,0,0,0,0,0
0001396594,numeric_raw_prefix,train,1,1,0,0,0,0,0,0,0,0,0,0,0,0,0,0,0,0,0,0,0
0001396714,numeric_raw_prefix,train,3,0,4,0,0,0,0,0,0,2,2,0,0,0,0,0,0,2,2,0,0
0001396893,numeric_raw_prefix,train,1,1,0,0,0,0,0,0,0,0,0,0,0,0,0,0,0,0,0,0,0
0001396894,numeric_raw_prefix,train,2,1,1,0,0,0,0,0,0,0,0,0,0,0,0,0,0,1,1,0,0
0001397187,numeric_raw_prefix,train,1,1,0,0,0,0,0,0,0,0,0,0,0,0,0,0,0,0,0,0,0
0001397412,numeric_raw_prefix,train,2,2,0,0,0,0,0,0,0,0,0,0,0,0,0,0,0,0,0,0,0
0001397421,numeric_raw_prefix,train,4,3,1,0,0,0,0,0,0,0,0,0,0,0,0,1,1,0,0,0,0
0001397868,numeric_raw_prefix,train,2,2,0,0,0,0,0,0,0,0,0,0,0,0,0,0,0,0,0,0,0
0001398309,numeric_raw_prefix,train,2,2,0,0,0,0,0,0,0,0,0,0,0,0,0,0,0,0,0,0,0
0001398404,numeric_raw_prefix,train,2,1,1,0,0,0,0,0,0,0,0,0,0,0,0,0,0,1,1,0,0
0001399164,numeric_raw_prefix,train,4,0,10,0,0,0,0,0,0,0,0,0,0,0,0,4,10,0,0,0,0
0001399491,numeric_raw_prefix,train,1,1,0,0,0,0,0,0,0,0,0,0,0,0,0,0,0,0,0,0,0
0001399652,numeric_raw_prefix,train,2,0,5,0,0,2,5,0,0,0,0,0,0,0,0,0,0,0,0,0,0
0001399899,numeric_raw_prefix,train,2,1,3,0,0,1,3,0,0,0,0,0,0,0,0,0,0,0,0,0,0
0001400153,numeric_raw_prefix,train,1,0,2,0,0,0,0,0,0,0,0,0,0,0,0,1,2,0,0,0,0
0001400157,numeric_raw_prefix,train,1,0,8,0,0,0,0,0,0,0,0,0,0,0,0,1,7,1,1,0,0
0001400160,numeric_raw_prefix,train,2,0,4,0,0,0,0,0,0,0,0,0,0,0,0,1,3,1,1,0,0
0001400164,numeric_raw_prefix,train,4,0,13,0,0,0,0,0,0,0,0,0,0,0,0,4,13,0,0,0,0
0001400165,numeric_raw_prefix,train,1,0,2,0,0,0,0,0,0,0,0,0,0,0,0,1,2,0,0,0,0
0001400166,numeric_raw_prefix,train,3,0,7,0,0,0,0,0,0,0,0,1,1,0,0,3,5,0,0,1,1
0001400264,numeric_raw_prefix,val,1,0,1,1,1,0,0,0,0,0,0,0,0,0,0,0,0,0,0,0,0
0001401010,numeric_raw_prefix,train,1,0,3,1,3,0,0,0,0,0,0,0,0,0,0,0,0,0,0,0,0
0001401415,numeric_raw_prefix,train,1,0,1,0,0,0,0,0,0,0,0,0,0,0,0,1,1,0,0,0,0
0001401945,numeric_raw_prefix,train,1,0,1,1,1,0,0,0,0,0,0,0,0,0,0,0,0,0,0,0,0
0001402648,numeric_raw_prefix,train,3,1,3,0,0,0,0,0,0,0,0,0,0,0,0,0,0,2,3,0,0
0001403861,numeric_raw_prefix,train,1,0,2,0,0,1,2,0,0,0,0,0,0,0,0,0,0,0,0,0,0
0001404083,numeric_raw_prefix,train,2,0,4,0,0,0,0,0,0,1,1,0,0,0,0,0,0,1,3,0,0
0001404107,numeric_raw_prefix,train,12,12,0,0,0,0,0,0,0,0,0,0,0,0,0,0,0,0,0,0,0
0001404284,numeric_raw_prefix,train,2,1,3,0,0,1,3,0,0,0,0,0,0,0,0,0,0,0,0,0,0
0001404397,numeric_raw_prefix,val,3,2,16,0,0,0,0,0,0,0,0,0,0,0,0,1,16,0,0,0,0
0001404398,numeric_raw_prefix,train,3,0,10,0,0,0,0,0,0,0,0,0,0,0,0,3,10,0,0,0,0
0001404449,numeric_raw_prefix,train,1,1,0,0,0,0,0,0,0,0,0,0,0,0,0,0,0,0,0,0,0
0001405563,numeric_raw_prefix,train,1,0,2,0,0,1,2,0,0,0,0,0,0,0,0,0,0,0,0,0,0
0001405587,numeric_raw_prefix,train,3,1,2,0,0,2,2,0,0,0,0,0,0,0,0,0,0,0,0,0,0
0001405806,numeric_raw_prefix,train,1,1,0,0,0,0,0,0,0,0,0,0,0,0,0,0,0,0,0,0,0
0001406455,numeric_raw_prefix,train,13,12,6,0,0,0,0,0,0,0,0,1,6,0,0,0,0,0,0,0,0
0001406531,numeric_raw_prefix,train,3,3,0,0,0,0,0,0,0,0,0,0,0,0,0,0,0,0,0,0,0
0001408096,numeric_raw_prefix,train,3,3,0,0,0,0,0,0,0,0,0,0,0,0,0,0,0,0,0,0,0
0001408268,numeric_raw_prefix,train,1,1,0,0,0,0,0,0,0,0,0,0,0,0,0,0,0,0,0,0,0
0001408907,numeric_raw_prefix,train,2,0,4,0,0,0,0,0,0,0,0,0,0,0,0,2,4,0,0,0,0
0001408913,numeric_raw_prefix,train,1,0,10,0,0,0,0,0,0,0,0,0,0,0,0,1,10,0,0,0,0
0001408914,numeric_raw_prefix,train,1,0,1,0,0,0,0,0,0,0,0,0,0,0,0,1,1,0,0,0,0
0001408915,numeric_raw_prefix,train,5,1,17,0,0,0,0,0,0,0,0,0,0,0,0,4,17,0,0,0,0
0001408916,numeric_raw_prefix,train,3,1,5,0,0,0,0,0,0,0,0,0,0,0,0,2,5,0,0,0,0
0001408917,numeric_raw_prefix,train,2,0,10,0,0,0,0,0,0,0,0,0,0,0,0,2,10,0,0,0,0
0001408918,numeric_raw_prefix,train,2,0,9,0,0,0,0,0,0,0,0,0,0,0,0,2,9,0,0,0,0
0001408921,numeric_raw_prefix,train,1,0,4,0,0,0,0,0,0,0,0,0,0,0,0,1,4,0,0,0,0
0001409456,numeric_raw_prefix,train,2,2,0,0,0,0,0,0,0,0,0,0,0,0,0,0,0,0,0,0,0
0001409916,numeric_raw_prefix,train,2,2,0,0,0,0,0,0,0,0,0,0,0,0,0,0,0,0,0,0,0
0001410086,numeric_raw_prefix,train,3,0,6,0,0,0,0,0,0,0,0,0,0,0,0,3,6,0,0,0,0
0001410225,numeric_raw_prefix,train,1,0,2,0,0,0,0,0,0,0,0,0,0,0,0,1,2,0,0,0,0
0001410231,numeric_raw_prefix,train,1,1,0,0,0,0,0,0,0,0,0,0,0,0,0,0,0,0,0,0,0
0001411181,numeric_raw_prefix,train,1,1,0,0,0,0,0,0,0,0,0,0,0,0,0,0,0,0,0,0,0
0001411186,numeric_raw_prefix,train,1,0,1,0,0,1,1,0,0,0,0,0,0,0,0,0,0,0,0,0,0
0001411271,numeric_raw_prefix,train,3,0,3,0,0,3,3,0,0,0,0,0,0,0,0,0,0,0,0,0,0
0001411376,numeric_raw_prefix,train,1,1,0,0,0,0,0,0,0,0,0,0,0,0,0,0,0,0,0,0,0
0001412099,numeric_raw_prefix,train,1,0,17,1,17,0,0,0,0,0,0,0,0,0,0,0,0,0,0,0,0
0001412159,numeric_raw_prefix,train,1,1,0,0,0,0,0,0,0,0,0,0,0,0,0,0,0,0,0,0,0
0001412163,numeric_raw_prefix,train,1,0,2,0,0,0,0,0,0,0,0,1,1,0,0,1,1,0,0,0,0
0001412682,numeric_raw_prefix,train,1,0,1,0,0,0,0,0,0,0,0,0,0,0,0,1,1,0,0,0,0
0001412891,numeric_raw_prefix,train,1,1,0,0,0,0,0,0,0,0,0,0,0,0,0,0,0,0,0,0,0
0001412925,numeric_raw_prefix,train,3,0,14,0,0,0,0,0,0,0,0,0,0,0,0,3,13,0,0,1,1
0001412971,numeric_raw_prefix,train,2,0,6,0,0,0,0,0,0,0,0,0,0,0,0,1,1,1,3,2,2
0001413817,numeric_raw_prefix,train,2,1,1,0,0,0,0,0,0,0,0,0,0,0,0,0,0,1,1,0,0
0001413853,numeric_raw_prefix,train,4,1,3,0,0,0,0,0,0,0,0,0,0,0,0,3,3,0,0,0,0
0001414756,numeric_raw_prefix,train,3,2,1,0,0,0,0,0,0,1,1,0,0,0,0,0,0,0,0,0,0
0001414921,numeric_raw_prefix,train,1,0,2,0,0,1,2,0,0,0,0,0,0,0,0,0,0,0,0,0,0
0001414933,numeric_raw_prefix,train,1,0,3,0,0,1,2,0,0,0,0,0,0,0,0,1,1,0,0,0,0
0001416282,numeric_raw_prefix,train,1,0,2,0,0,0,0,0,0,0,0,0,0,0,0,1,2,0,0,0,0
0001416284,numeric_raw_prefix,train,1,0,3,0,0,0,0,0,0,0,0,0,0,0,0,1,3,0,0,0,0
0001416364,numeric_raw_prefix,val,6,1,30,1,4,1,2,0,0,5,23,0,0,0,0,0,0,1,1,0,0
0001416457,numeric_raw_prefix,train,1,1,0,0,0,0,0,0,0,0,0,0,0,0,0,0,0,0,0,0,0
0001416970,numeric_raw_prefix,val,5,2,7,1,4,0,0,0,0,2,2,1,1,0,0,0,0,0,0,0,0
0001417541,numeric_raw_prefix,val,6,1,10,1,2,0,0,4,7,0,0,1,1,0,0,0,0,0,0,0,0
0001417970,numeric_raw_prefix,train,1,0,1,0,0,1,1,0,0,0,0,0,0,0,0,0,0,0,0,0,0
0001417971,numeric_raw_prefix,val,3,3,0,0,0,0,0,0,0,0,0,0,0,0,0,0,0,0,0,0,0
0001417977,numeric_raw_prefix,train,2,2,0,0,0,0,0,0,0,0,0,0,0,0,0,0,0,0,0,0,0
0001417980,numeric_raw_prefix,train,2,1,1,0,0,1,1,0,0,0,0,0,0,0,0,0,0,0,0,0,0
0001418428,numeric_raw_prefix,train,3,0,3,0,0,0,0,0,0,0,0,0,0,0,0,3,3,0,0,0,0
0001418441,numeric_raw_prefix,train,1,0,7,0,0,0,0,0,0,0,0,0,0,0,0,1,7,0,0,0,0
0001418444,numeric_raw_prefix,train,6,0,25,0,0,0,0,0,0,0,0,0,0,0,0,6,25,0,0,0,0
0001418446,numeric_raw_prefix,train,3,0,16,0,0,0,0,0,0,0,0,0,0,0,0,3,16,0,0,0,0
0001418447,numeric_raw_prefix,train,1,0,2,0,0,0,0,0,0,0,0,0,0,0,0,1,2,0,0,0,0
0001419010,numeric_raw_prefix,train,3,1,3,0,0,0,0,0,0,2,3,0,0,0,0,0,0,0,0,0,0
0001420397,numeric_raw_prefix,train,2,2,0,0,0,0,0,0,0,0,0,0,0,0,0,0,0,0,0,0,0
0001420757,numeric_raw_prefix,train,2,2,0,0,0,0,0,0,0,0,0,0,0,0,0,0,0,0,0,0,0
0001420758,numeric_raw_prefix,train,4,3,1,0,0,1,1,0,0,0,0,0,0,0,0,0,0,0,0,0,0
0001420759,numeric_raw_prefix,train,3,3,0,0,0,0,0,0,0,0,0,0,0,0,0,0,0,0,0,0,0
0001420760,numeric_raw_prefix,train,3,2,1,0,0,0,0,0,0,0,0,0,0,0,0,0,0,1,1,0,0
0001420762,numeric_raw_prefix,train,8,3,6,0,0,0,0,0,0,0,0,0,0,0,0,0,0,5,6,0,0
0001420776,numeric_raw_prefix,train,4,0,4,0,0,4,4,0,0,0,0,0,0,0,0,0,0,0,0,0,0
0001420777,numeric_raw_prefix,train,5,3,2,0,0,2,2,0,0,0,0,0,0,0,0,0,0,0,0,0,0
0001420780,numeric_raw_prefix,train,2,1,1,0,0,1,1,0,0,0,0,0,0,0,0,0,0,0,0,0,0
0001420781,numeric_raw_prefix,val,6,3,8,1,1,3,4,0,0,0,0,0,0,0,0,0,0,3,3,0,0
0001420782,numeric_raw_prefix,train,3,3,0,0,0,0,0,0,0,0,0,0,0,0,0,0,0,0,0,0,0
0001420833,numeric_raw_prefix,train,2,1,1,0,0,0,0,0,0,0,0,0,0,0,0,1,1,0,0,0,0
0001421035,numeric_raw_prefix,train,2,0,12,0,0,0,0,0,0,0,0,0,0,0,0,1,3,2,9,0,0
0001422550,numeric_raw_prefix,train,1,0,1,0,0,0,0,0,0,0,0,0,0,0,0,0,0,1,1,0,0
0001422620,numeric_raw_prefix,val,9,7,13,0,0,0,0,0,0,0,0,0,0,0,0,2,13,0,0,0,0
0001424049,numeric_raw_prefix,train,1,1,0,0,0,0,0,0,0,0,0,0,0,0,0,0,0,0,0,0,0
0001424085,numeric_raw_prefix,train,1,0,2,0,0,1,2,0,0,0,0,0,0,0,0,0,0,0,0,0,0
0001424328,numeric_raw_prefix,train,1,0,1,0,0,0,0,0,0,1,1,0,0,0,0,0,0,0,0,0,0
0001424882,numeric_raw_prefix,train,2,0,10,0,0,0,0,0,0,0,0,0,0,0,0,2,10,0,0,0,0
0001424892,numeric_raw_prefix,train,2,0,16,0,0,0,0,0,0,0,0,0,0,0,0,2,16,0,0,0,0
0001426108,numeric_raw_prefix,train,1,1,0,0,0,0,0,0,0,0,0,0,0,0,0,0,0,0,0,0,0
0001427659,numeric_raw_prefix,train,2,0,2,0,0,0,0,0,0,0,0,0,0,0,0,2,2,0,0,0,0
0001428303,numeric_raw_prefix,train,2,0,17,0,0,0,0,0,0,0,0,1,2,0,0,2,15,0,0,0,0
0001428671,numeric_raw_prefix,train,1,1,0,0,0,0,0,0,0,0,0,0,0,0,0,0,0,0,0,0,0
0001428808,numeric_raw_prefix,train,3,0,17,0,0,0,0,0,0,0,0,0,0,0,0,3,17,0,0,0,0
0001428810,numeric_raw_prefix,train,1,0,15,0,0,0,0,0,0,0,0,1,1,0,0,1,14,0,0,0,0
0001428815,numeric_raw_prefix,train,1,0,6,0,0,0,0,0,0,0,0,0,0,0,0,1,6,0,0,0,0
0001428922,numeric_raw_prefix,train,2,0,5,0,0,0,0,0,0,0,0,0,0,0,0,2,5,0,0,0,0
0001429378,numeric_raw_prefix,val,1,0,2,0,0,1,1,0,0,0,0,0,0,0,0,0,0,1,1,0,0
0001429919,numeric_raw_prefix,train,3,2,1,0,0,0,0,0,0,0,0,0,0,0,0,1,1,0,0,0,0
0001430517,numeric_raw_prefix,val,2,1,2,0,0,0,0,0,0,1,1,0,0,0,0,0,0,1,1,0,0
0001430606,numeric_raw_prefix,train,3,0,18,0,0,0,0,0,0,0,0,1,1,0,0,3,17,0,0,0,0
0001430617,numeric_raw_prefix,train,1,0,5,0,0,1,3,0,0,0,0,0,0,0,0,0,0,1,1,1,1
0001430618,numeric_raw_prefix,train,1,0,8,1,1,1,5,0,0,1,2,0,0,0,0,0,0,0,0,0,0
0001430796,numeric_raw_prefix,train,1,0,1,0,0,1,1,0,0,0,0,0,0,0,0,0,0,0,0,0,0
0001430797,numeric_raw_prefix,train,1,1,0,0,0,0,0,0,0,0,0,0,0,0,0,0,0,0,0,0,0
0001430834,numeric_raw_prefix,train,2,1,1,0,0,1,1,0,0,0,0,0,0,0,0,0,0,0,0,0,0
0001432069,numeric_raw_prefix,train,1,0,1,0,0,0,0,0,0,0,0,0,0,0,0,1,1,0,0,0,0
0001432070,numeric_raw_prefix,train,1,0,7,0,0,0,0,0,0,0,0,0,0,0,0,1,7,0,0,0,0
0001432313,numeric_raw_prefix,train,1,0,3,0,0,0,0,0,0,0,0,0,0,0,0,1,3,0,0,0,0
0001432626,numeric_raw_prefix,train,3,1,10,0,0,0,0,0,0,0,0,1,1,0,0,2,9,0,0,0,0
0001432632,numeric_raw_prefix,train,1,0,8,0,0,0,0,0,0,0,0,0,0,0,0,1,8,0,0,0,0
0001432633,numeric_raw_prefix,val,6,2,14,0,0,0,0,0,0,0,0,3,3,0,0,3,11,0,0,0,0
0001433039,numeric_raw_prefix,val,1,1,0,0,0,0,0,0,0,0,0,0,0,0,0,0,0,0,0,0,0
0001433206,numeric_raw_prefix,train,2,2,0,0,0,0,0,0,0,0,0,0,0,0,0,0,0,0,0,0,0
0001433380,numeric_raw_prefix,train,1,1,0,0,0,0,0,0,0,0,0,0,0,0,0,0,0,0,0,0,0
0001441823,numeric_raw_prefix,val,9,5,22,0,0,0,0,0,0,0,0,0,0,0,0,3,19,1,3,0,0
0001441824,numeric_raw_prefix,val,4,1,37,0,0,0,0,0,0,0,0,0,0,0,0,3,37,0,0,0,0
0001441825,numeric_raw_prefix,train,8,0,91,0,0,0,0,0,0,0,0,0,0,0,0,8,91,0,0,0,0
0001441826,numeric_raw_prefix,train,9,3,43,1,1,0,0,0,0,0,0,0,0,0,0,6,42,0,0,0,0
0001441827,numeric_raw_prefix,train,6,0,130,0,0,0,0,0,0,0,0,0,0,0,0,6,129,1,1,0,0
0001441828,numeric_raw_prefix,train,12,0,458,0,0,0,0,0,0,0,0,0,0,0,0,12,458,0,0,0,0
0001441829,numeric_raw_prefix,train,27,0,889,0,0,0,0,0,0,0,0,0,0,0,0,27,889,0,0,0,0
0001441830,numeric_raw_prefix,val,16,0,191,1,1,0,0,0,0,0,0,1,1,0,0,16,189,0,0,0,0
0001469108,numeric_raw_prefix,val,2,2,0,0,0,0,0,0,0,0,0,0,0,0,0,0,0,0,0,0,0
0001469133,numeric_raw_prefix,train,6,6,0,0,0,0,0,0,0,0,0,0,0,0,0,0,0,0,0,0,0
0001469138,numeric_raw_prefix,train,3,2,1,0,0,0,0,0,0,0,0,0,0,0,0,0,0,0,0,1,1
0001469147,numeric_raw_prefix,train,4,4,0,0,0,0,0,0,0,0,0,0,0,0,0,0,0,0,0,0,0
0001469158,numeric_raw_prefix,train,1,0,1,0,0,0,0,0,0,0,0,0,0,0,0,0,0,0,0,1,1
0001469239,numeric_raw_prefix,train,2,2,0,0,0,0,0,0,0,0,0,0,0,0,0,0,0,0,0,0,0
0001469242,numeric_raw_prefix,train,4,4,0,0,0,0,0,0,0,0,0,0,0,0,0,0,0,0,0,0,0
0001469332,numeric_raw_prefix,train,2,2,0,0,0,0,0,0,0,0,0,0,0,0,0,0,0,0,0,0,0
0001469690,numeric_raw_prefix,val,2,0,2,1,1,1,1,0,0,0,0,0,0,0,0,0,0,0,0,0,0
0001469693,numeric_raw_prefix,train,4,2,2,0,0,0,0,0,0,0,0,1,1,0,0,0,0,1,1,0,0
0001469694,numeric_raw_prefix,train,1,1,0,0,0,0,0,0,0,0,0,0,0,0,0,0,0,0,0,0,0
0001469702,numeric_raw_prefix,train,2,1,1,0,0,0,0,0,0,0,0,1,1,0,0,0,0,0,0,0,0
0001469704,numeric_raw_prefix,train,2,2,0,0,0,0,0,0,0,0,0,0,0,0,0,0,0,0,0,0,0
0001469708,numeric_raw_prefix,train,1,1,0,0,0,0,0,0,0,0,0,0,0,0,0,0,0,0,0,0,0
0001469711,numeric_raw_prefix,train,3,3,0,0,0,0,0,0,0,0,0,0,0,0,0,0,0,0,0,0,0
0001469713,numeric_raw_prefix,train,1,0,1,0,0,0,0,0,0,0,0,1,1,0,0,0,0,0,0,0,0
0001469714,numeric_raw_prefix,train,4,2,2,0,0,0,0,0,0,0,0,1,1,0,0,0,0,1,1,0,0
0001469716,numeric_raw_prefix,train,1,0,1,0,0,0,0,0,0,0,0,0,0,0,0,0,0,1,1,0,0
0001469717,numeric_raw_prefix,train,2,2,0,0,0,0,0,0,0,0,0,0,0,0,0,0,0,0,0,0,0
0001469719,numeric_raw_prefix,train,1,1,0,0,0,0,0,0,0,0,0,0,0,0,0,0,0,0,0,0,0
0001469723,numeric_raw_prefix,val,1,1,0,0,0,0,0,0,0,0,0,0,0,0,0,0,0,0,0,0,0
0001469725,numeric_raw_prefix,train,1,1,0,0,0,0,0,0,0,0,0,0,0,0,0,0,0,0,0,0,0
0001469726,numeric_raw_prefix,train,2,2,0,0,0,0,0,0,0,0,0,0,0,0,0,0,0,0,0,0,0
0001469730,numeric_raw_prefix,train,3,1,2,1,1,0,0,0,0,0,0,1,1,0,0,0,0,0,0,0,0
0001469734,numeric_raw_prefix,train,1,1,0,0,0,0,0,0,0,0,0,0,0,0,0,0,0,0,0,0,0
0001469735,numeric_raw_prefix,train,1,1,0,0,0,0,0,0,0,0,0,0,0,0,0,0,0,0,0,0,0
0001469736,numeric_raw_prefix,train,1,1,0,0,0,0,0,0,0,0,0,0,0,0,0,0,0,0,0,0,0
0001469740,numeric_raw_prefix,train,1,0,1,0,0,0,0,0,0,0,0,1,1,0,0,0,0,0,0,0,0
0001469741,numeric_raw_prefix,train,3,2,1,0,0,0,0,0,0,0,0,0,0,0,0,1,1,0,0,0,0
0001469753,numeric_raw_prefix,train,1,1,0,0,0,0,0,0,0,0,0,0,0,0,0,0,0,0,0,0,0
0001469758,numeric_raw_prefix,train,3,2,2,0,0,1,2,0,0,0,0,0,0,0,0,0,0,0,0,0,0
0001469760,numeric_raw_prefix,train,4,3,1,0,0,0,0,0,0,0,0,0,0,1,1,0,0,0,0,0,0
0001469761,numeric_raw_prefix,train,6,5,2,0,0,0,0,0,0,0,0,0,0,1,2,0,0,0,0,0,0
0001469762,numeric_raw_prefix,val,8,8,0,0,0,0,0,0,0,0,0,0,0,0,0,0,0,0,0,0,0
0001469763,numeric_raw_prefix,val,7,7,0,0,0,0,0,0,0,0,0,0,0,0,0,0,0,0,0,0,0
0001469764,numeric_raw_prefix,train,2,2,0,0,0,0,0,0,0,0,0,0,0,0,0,0,0,0,0,0,0
0001469767,numeric_raw_prefix,train,1,1,0,0,0,0,0,0,0,0,0,0,0,0,0,0,0,0,0,0,0
0001469768,numeric_raw_prefix,train,3,2,3,0,0,0,0,0,0,0,0,0,0,0,0,1,1,1,2,0,0
0001469769,numeric_raw_prefix,train,1,1,0,0,0,0,0,0,0,0,0,0,0,0,0,0,0,0,0,0,0
0001469770,numeric_raw_prefix,train,2,2,0,0,0,0,0,0,0,0,0,0,0,0,0,0,0,0,0,0,0
0001469771,numeric_raw_prefix,train,1,1,0,0,0,0,0,0,0,0,0,0,0,0,0,0,0,0,0,0,0
0001469772,numeric_raw_prefix,train,1,1,0,0,0,0,0,0,0,0,0,0,0,0,0,0,0,0,0,0,0
0001469777,numeric_raw_prefix,train,2,1,2,0,0,0,0,0,0,0,0,0,0,0,0,0,0,1,2,0,0
0001469780,numeric_raw_prefix,train,2,2,0,0,0,0,0,0,0,0,0,0,0,0,0,0,0,0,0,0,0
0001469781,numeric_raw_prefix,train,1,1,0,0,0,0,0,0,0,0,0,0,0,0,0,0,0,0,0,0,0
0001469782,numeric_raw_prefix,train,3,2,1,0,0,0,0,0,0,0,0,0,0,0,0,0,0,1,1,0,0
0001469783,numeric_raw_prefix,train,1,1,0,0,0,0,0,0,0,0,0,0,0,0,0,0,0,0,0,0,0
0001469789,numeric_raw_prefix,train,2,2,0,0,0,0,0,0,0,0,0,0,0,0,0,0,0,0,0,0,0
0001469791,numeric_raw_prefix,train,1,0,2,0,0,0,0,0,0,0,0,0,0,0,0,0,0,1,2,0,0
0001469793,numeric_raw_prefix,train,4,1,9,0,0,0,0,0,0,0,0,0,0,1,2,0,0,2,7,0,0
0001469798,numeric_raw_prefix,train,4,1,7,0,0,0,0,0,0,0,0,0,0,0,0,1,1,2,6,0,0
0001469806,numeric_raw_prefix,train,1,0,1,0,0,0,0,0,0,0,0,0,0,0,0,1,1,0,0,0,0
0001469808,numeric_raw_prefix,train,1,0,1,0,0,0,0,0,0,0,0,0,0,0,0,0,0,1,1,0,0
0001469809,numeric_raw_prefix,train,2,2,0,0,0,0,0,0,0,0,0,0,0,0,0,0,0,0,0,0,0
0001469810,numeric_raw_prefix,train,2,1,6,0,0,0,0,0,0,0,0,1,6,0,0,0,0,0,0,0,0
0001469811,numeric_raw_prefix,train,1,1,0,0,0,0,0,0,0,0,0,0,0,0,0,0,0,0,0,0,0
0001469814,numeric_raw_prefix,train,2,1,3,0,0,0,0,0,0,0,0,1,3,0,0,0,0,0,0,0,0
0001469815,numeric_raw_prefix,train,1,1,0,0,0,0,0,0,0,0,0,0,0,0,0,0,0,0,0,0,0
0001469818,numeric_raw_prefix,train,1,1,0,0,0,0,0,0,0,0,0,0,0,0,0,0,0,0,0,0,0
0001469819,numeric_raw_prefix,train,1,0,2,0,0,0,0,0,0,0,0,0,0,0,0,0,0,1,2,0,0
0001469820,numeric_raw_prefix,val,2,2,0,0,0,0,0,0,0,0,0,0,0,0,0,0,0,0,0,0,0
0001469821,numeric_raw_prefix,train,2,2,0,0,0,0,0,0,0,0,0,0,0,0,0,0,0,0,0,0,0
0001469824,numeric_raw_prefix,train,1,1,0,0,0,0,0,0,0,0,0,0,0,0,0,0,0,0,0,0,0
0001469828,numeric_raw_prefix,train,1,1,0,0,0,0,0,0,0,0,0,0,0,0,0,0,0,0,0,0,0
0001469833,numeric_raw_prefix,train,2,2,0,0,0,0,0,0,0,0,0,0,0,0,0,0,0,0,0,0,0
0001469836,numeric_raw_prefix,train,1,1,0,0,0,0,0,0,0,0,0,0,0,0,0,0,0,0,0,0,0
0001469837,numeric_raw_prefix,train,4,3,3,0,0,0,0,0,0,0,0,0,0,1,3,0,0,0,0,0,0
0001469839,numeric_raw_prefix,train,1,0,1,0,0,0,0,0,0,0,0,0,0,0,0,0,0,1,1,0,0
0001469841,numeric_raw_prefix,train,1,0,1,0,0,0,0,0,0,0,0,0,0,0,0,0,0,1,1,0,0
0001469845,numeric_raw_prefix,train,1,0,1,1,1,0,0,0,0,0,0,0,0,0,0,0,0,0,0,0,0
0001469849,numeric_raw_prefix,train,1,1,0,0,0,0,0,0,0,0,0,0,0,0,0,0,0,0,0,0,0
0001469851,numeric_raw_prefix,train,1,0,1,0,0,0,0,0,0,0,0,1,1,0,0,0,0,0,0,0,0
0001469855,numeric_raw_prefix,train,1,1,0,0,0,0,0,0,0,0,0,0,0,0,0,0,0,0,0,0,0
0001469856,numeric_raw_prefix,train,2,1,2,0,0,0,0,0,0,0,0,1,2,0,0,0,0,0,0,0,0
0001469860,numeric_raw_prefix,train,2,2,0,0,0,0,0,0,0,0,0,0,0,0,0,0,0,0,0,0,0
0001469863,numeric_raw_prefix,train,1,1,0,0,0,0,0,0,0,0,0,0,0,0,0,0,0,0,0,0,0
0001469866,numeric_raw_prefix,train,1,1,0,0,0,0,0,0,0,0,0,0,0,0,0,0,0,0,0,0,0
0001469871,numeric_raw_prefix,val,2,0,2,0,0,0,0,0,0,0,0,0,0,0,0,0,0,2,2,0,0
0001469874,numeric_raw_prefix,train,1,0,1,0,0,0,0,0,0,0,0,1,1,0,0,0,0,0,0,0,0
0001469877,numeric_raw_prefix,val,2,0,2,0,0,0,0,0,0,0,0,2,2,0,0,0,0,0,0,0,0
0001469879,numeric_raw_prefix,train,2,2,0,0,0,0,0,0,0,0,0,0,0,0,0,0,0,0,0,0,0
0001469881,numeric_raw_prefix,train,1,1,0,0,0,0,0,0,0,0,0,0,0,0,0,0,0,0,0,0,0
0001469888,numeric_raw_prefix,train,1,1,0,0,0,0,0,0,0,0,0,0,0,0,0,0,0,0,0,0,0
0001469890,numeric_raw_prefix,train,2,1,1,0,0,0,0,0,0,0,0,0,0,1,1,0,0,0,0,0,0
0001469896,numeric_raw_prefix,train,2,2,0,0,0,0,0,0,0,0,0,0,0,0,0,0,0,0,0,0,0
0001469897,numeric_raw_prefix,val,2,1,1,0,0,0,0,0,0,0,0,0,0,0,0,0,0,1,1,0,0
0001469898,numeric_raw_prefix,train,3,1,8,0,0,0,0,0,0,0,0,0,0,0,0,0,0,2,8,0,0
0001469901,numeric_raw_prefix,train,2,2,0,0,0,0,0,0,0,0,0,0,0,0,0,0,0,0,0,0,0
0001469909,numeric_raw_prefix,train,1,0,1,0,0,0,0,0,0,0,0,0,0,0,0,0,0,1,1,0,0
0001469912,numeric_raw_prefix,val,2,2,0,0,0,0,0,0,0,0,0,0,0,0,0,0,0,0,0,0,0
0001469927,numeric_raw_prefix,train,4,4,0,0,0,0,0,0,0,0,0,0,0,0,0,0,0,0,0,0,0
0001469928,numeric_raw_prefix,val,4,4,0,0,0,0,0,0,0,0,0,0,0,0,0,0,0,0,0,0,0
0001469940,numeric_raw_prefix,train,2,2,0,0,0,0,0,0,0,0,0,0,0,0,0,0,0,0,0,0,0
0001469946,numeric_raw_prefix,train,1,0,1,0,0,0,0,0,0,0,0,1,1,0,0,0,0,0,0,0,0
0001469948,numeric_raw_prefix,train,1,1,0,0,0,0,0,0,0,0,0,0,0,0,0,0,0,0,0,0,0
0001469955,numeric_raw_prefix,train,1,1,0,0,0,0,0,0,0,0,0,0,0,0,0,0,0,0,0,0,0
0001469960,numeric_raw_prefix,train,1,1,0,0,0,0,0,0,0,0,0,0,0,0,0,0,0,0,0,0,0
0001469968,numeric_raw_prefix,train,1,1,0,0,0,0,0,0,0,0,0,0,0,0,0,0,0,0,0,0,0
0001469969,numeric_raw_prefix,train,3,3,0,0,0,0,0,0,0,0,0,0,0,0,0,0,0,0,0,0,0
0001469973,numeric_raw_prefix,train,1,1,0,0,0,0,0,0,0,0,0,0,0,0,0,0,0,0,0,0,0
0001469975,numeric_raw_prefix,train,2,2,0,0,0,0,0,0,0,0,0,0,0,0,0,0,0,0,0,0,0
0001469979,numeric_raw_prefix,train,1,0,2,0,0,0,0,0,0,0,0,0,0,0,0,0,0,1,2,0,0
0001469981,numeric_raw_prefix,train,1,1,0,0,0,0,0,0,0,0,0,0,0,0,0,0,0,0,0,0,0
0001469989,numeric_raw_prefix,train,1,1,0,0,0,0,0,0,0,0,0,0,0,0,0,0,0,0,0,0,0
0001469990,numeric_raw_prefix,train,1,0,1,0,0,0,0,0,0,0,0,0,0,0,0,0,0,1,1,0,0
0001469992,numeric_raw_prefix,train,1,0,1,0,0,0,0,0,0,0,0,0,0,0,0,0,0,1,1,0,0
0001469996,numeric_raw_prefix,train,1,0,1,0,0,0,0,0,0,0,0,1,1,0,0,0,0,0,0,0,0
0001469998,numeric_raw_prefix,train,1,1,0,0,0,0,0,0,0,0,0,0,0,0,0,0,0,0,0,0,0
0001470001,numeric_raw_prefix,train,1,1,0,0,0,0,0,0,0,0,0,0,0,0,0,0,0,0,0,0,0
0001470003,numeric_raw_prefix,train,1,1,0,0,0,0,0,0,0,0,0,0,0,0,0,0,0,0,0,0,0
0001470004,numeric_raw_prefix,train,2,1,1,0,0,0,0,0,0,0,0,1,1,0,0,0,0,0,0,0,0
0001470010,numeric_raw_prefix,val,6,5,1,0,0,0,0,0,0,0,0,0,0,0,0,0,0,1,1,0,0
0001470014,numeric_raw_prefix,train,1,1,0,0,0,0,0,0,0,0,0,0,0,0,0,0,0,0,0,0,0
0001470016,numeric_raw_prefix,val,2,2,0,0,0,0,0,0,0,0,0,0,0,0,0,0,0,0,0,0,0
0001470017,numeric_raw_prefix,train,1,1,0,0,0,0,0,0,0,0,0,0,0,0,0,0,0,0,0,0,0
0001470026,numeric_raw_prefix,train,1,1,0,0,0,0,0,0,0,0,0,0,0,0,0,0,0,0,0,0,0
0001470039,numeric_raw_prefix,train,7,6,2,0,0,0,0,0,0,0,0,0,0,0,0,0,0,1,2,0,0
0001470040,numeric_raw_prefix,train,5,5,0,0,0,0,0,0,0,0,0,0,0,0,0,0,0,0,0,0,0
0001470041,numeric_raw_prefix,train,4,4,0,0,0,0,0,0,0,0,0,0,0,0,0,0,0,0,0,0,0
0001470044,numeric_raw_prefix,train,5,5,0,0,0,0,0,0,0,0,0,0,0,0,0,0,0,0,0,0,0
0001470045,numeric_raw_prefix,train,5,4,1,1,1,0,0,0,0,0,0,0,0,0,0,0,0,0,0,0,0
0001470046,numeric_raw_prefix,train,1,1,0,0,0,0,0,0,0,0,0,0,0,0,0,0,0,0,0,0,0
0001470048,numeric_raw_prefix,train,3,3,0,0,0,0,0,0,0,0,0,0,0,0,0,0,0,0,0,0,0
0001470049,numeric_raw_prefix,train,3,3,0,0,0,0,0,0,0,0,0,0,0,0,0,0,0,0,0,0,0
0001470051,numeric_raw_prefix,train,1,0,1,0,0,0,0,0,0,0,0,0,0,0,0,0,0,1,1,0,0
0001470052,numeric_raw_prefix,train,1,1,0,0,0,0,0,0,0,0,0,0,0,0,0,0,0,0,0,0,0
0001470055,numeric_raw_prefix,val,2,2,0,0,0,0,0,0,0,0,0,0,0,0,0,0,0,0,0,0,0
0001470056,numeric_raw_prefix,train,1,1,0,0,0,0,0,0,0,0,0,0,0,0,0,0,0,0,0,0,0
0001470065,numeric_raw_prefix,train,1,0,1,0,0,0,0,0,0,0,0,0,0,0,0,0,0,1,1,0,0
0001470066,numeric_raw_prefix,train,1,1,0,0,0,0,0,0,0,0,0,0,0,0,0,0,0,0,0,0,0
0001470067,numeric_raw_prefix,train,3,0,5,0,0,0,0,0,0,0,0,0,0,0,0,1,2,2,3,0,0
0001470089,numeric_raw_prefix,train,2,2,0,0,0,0,0,0,0,0,0,0,0,0,0,0,0,0,0,0,0
0001470098,numeric_raw_prefix,train,2,1,1,0,0,0,0,0,0,0,0,0,0,0,0,1,1,0,0,0,0
0001470099,numeric_raw_prefix,train,1,0,1,0,0,0,0,0,0,0,0,0,0,0,0,1,1,0,0,0,0
0001470102,numeric_raw_prefix,train,1,1,0,0,0,0,0,0,0,0,0,0,0,0,0,0,0,0,0,0,0
0001470105,numeric_raw_prefix,train,2,2,0,0,0,0,0,0,0,0,0,0,0,0,0,0,0,0,0,0,0
0001470106,numeric_raw_prefix,train,2,2,0,0,0,0,0,0,0,0,0,0,0,0,0,0,0,0,0,0,0
0001470108,numeric_raw_prefix,train,1,1,0,0,0,0,0,0,0,0,0,0,0,0,0,0,0,0,0,0,0
0001470110,numeric_raw_prefix,train,1,1,0,0,0,0,0,0,0,0,0,0,0,0,0,0,0,0,0,0,0
0001470112,numeric_raw_prefix,val,1,0,1,0,0,0,0,0,0,0,0,1,1,0,0,0,0,0,0,0,0
0001470115,numeric_raw_prefix,train,2,2,0,0,0,0,0,0,0,0,0,0,0,0,0,0,0,0,0,0,0
0001470116,numeric_raw_prefix,train,1,1,0,0,0,0,0,0,0,0,0,0,0,0,0,0,0,0,0,0,0
0001470117,numeric_raw_prefix,train,1,1,0,0,0,0,0,0,0,0,0,0,0,0,0,0,0,0,0,0,0
0001470118,numeric_raw_prefix,train,3,3,0,0,0,0,0,0,0,0,0,0,0,0,0,0,0,0,0,0,0
0001470119,numeric_raw_prefix,train,2,2,0,0,0,0,0,0,0,0,0,0,0,0,0,0,0,0,0,0,0
0001470121,numeric_raw_prefix,train,1,1,0,0,0,0,0,0,0,0,0,0,0,0,0,0,0,0,0,0,0
0001470123,numeric_raw_prefix,train,2,2,0,0,0,0,0,0,0,0,0,0,0,0,0,0,0,0,0,0,0
0001470124,numeric_raw_prefix,train,3,3,0,0,0,0,0,0,0,0,0,0,0,0,0,0,0,0,0,0,0
0001470125,numeric_raw_prefix,val,4,4,0,0,0,0,0,0,0,0,0,0,0,0,0,0,0,0,0,0,0
0001470127,numeric_raw_prefix,train,2,2,0,0,0,0,0,0,0,0,0,0,0,0,0,0,0,0,0,0,0
0001470128,numeric_raw_prefix,train,3,3,0,0,0,0,0,0,0,0,0,0,0,0,0,0,0,0,0,0,0
0001470132,numeric_raw_prefix,train,1,1,0,0,0,0,0,0,0,0,0,0,0,0,0,0,0,0,0,0,0
0001470134,numeric_raw_prefix,train,1,1,0,0,0,0,0,0,0,0,0,0,0,0,0,0,0,0,0,0,0
0001470136,numeric_raw_prefix,train,4,4,0,0,0,0,0,0,0,0,0,0,0,0,0,0,0,0,0,0,0
0001470142,numeric_raw_prefix,train,3,3,0,0,0,0,0,0,0,0,0,0,0,0,0,0,0,0,0,0,0
0001470143,numeric_raw_prefix,train,1,1,0,0,0,0,0,0,0,0,0,0,0,0,0,0,0,0,0,0,0
0001470144,numeric_raw_prefix,train,1,0,1,0,0,0,0,0,0,0,0,0,0,0,0,0,0,1,1,0,0
0001470145,numeric_raw_prefix,train,2,2,0,0,0,0,0,0,0,0,0,0,0,0,0,0,0,0,0,0,0
0001470146,numeric_raw_prefix,val,4,4,0,0,0,0,0,0,0,0,0,0,0,0,0,0,0,0,0,0,0
0001470148,numeric_raw_prefix,train,3,3,0,0,0,0,0,0,0,0,0,0,0,0,0,0,0,0,0,0,0
0001470152,numeric_raw_prefix,train,1,1,0,0,0,0,0,0,0,0,0,0,0,0,0,0,0,0,0,0,0
0001470154,numeric_raw_prefix,train,1,1,0,0,0,0,0,0,0,0,0,0,0,0,0,0,0,0,0,0,0
0001470155,numeric_raw_prefix,train,2,2,0,0,0,0,0,0,0,0,0,0,0,0,0,0,0,0,0,0,0
0001470156,numeric_raw_prefix,train,1,1,0,0,0,0,0,0,0,0,0,0,0,0,0,0,0,0,0,0,0
0001470157,numeric_raw_prefix,train,1,1,0,0,0,0,0,0,0,0,0,0,0,0,0,0,0,0,0,0,0
0001470159,numeric_raw_prefix,train,1,1,0,0,0,0,0,0,0,0,0,0,0,0,0,0,0,0,0,0,0
0001470161,numeric_raw_prefix,train,1,1,0,0,0,0,0,0,0,0,0,0,0,0,0,0,0,0,0,0,0
0001470162,numeric_raw_prefix,train,1,1,0,0,0,0,0,0,0,0,0,0,0,0,0,0,0,0,0,0,0
0001470163,numeric_raw_prefix,train,1,1,0,0,0,0,0,0,0,0,0,0,0,0,0,0,0,0,0,0,0
0001470164,numeric_raw_prefix,train,1,1,0,0,0,0,0,0,0,0,0,0,0,0,0,0,0,0,0,0,0
0001470166,numeric_raw_prefix,train,1,1,0,0,0,0,0,0,0,0,0,0,0,0,0,0,0,0,0,0,0
0001470167,numeric_raw_prefix,train,1,1,0,0,0,0,0,0,0,0,0,0,0,0,0,0,0,0,0,0,0
0001470168,numeric_raw_prefix,train,1,1,0,0,0,0,0,0,0,0,0,0,0,0,0,0,0,0,0,0,0
0001470172,numeric_raw_prefix,train,1,1,0,0,0,0,0,0,0,0,0,0,0,0,0,0,0,0,0,0,0
0001470173,numeric_raw_prefix,train,2,1,1,0,0,0,0,0,0,0,0,1,1,0,0,0,0,0,0,0,0
0001470175,numeric_raw_prefix,train,2,2,0,0,0,0,0,0,0,0,0,0,0,0,0,0,0,0,0,0,0
0001470178,numeric_raw_prefix,train,2,2,0,0,0,0,0,0,0,0,0,0,0,0,0,0,0,0,0,0,0
0001470180,numeric_raw_prefix,train,1,1,0,0,0,0,0,0,0,0,0,0,0,0,0,0,0,0,0,0,0
0001470181,numeric_raw_prefix,train,3,2,1,0,0,0,0,0,0,0,0,1,1,0,0,0,0,0,0,0,0
0001470183,numeric_raw_prefix,train,1,1,0,0,0,0,0,0,0,0,0,0,0,0,0,0,0,0,0,0,0
0001470184,numeric_raw_prefix,train,1,1,0,0,0,0,0,0,0,0,0,0,0,0,0,0,0,0,0,0,0
0001470187,numeric_raw_prefix,train,1,1,0,0,0,0,0,0,0,0,0,0,0,0,0,0,0,0,0,0,0
0001470188,numeric_raw_prefix,train,1,1,0,0,0,0,0,0,0,0,0,0,0,0,0,0,0,0,0,0,0
0001470190,numeric_raw_prefix,train,1,1,0,0,0,0,0,0,0,0,0,0,0,0,0,0,0,0,0,0,0
0001470191,numeric_raw_prefix,train,1,1,0,0,0,0,0,0,0,0,0,0,0,0,0,0,0,0,0,0,0
0001470195,numeric_raw_prefix,train,2,2,0,0,0,0,0,0,0,0,0,0,0,0,0,0,0,0,0,0,0
0001470198,numeric_raw_prefix,val,1,1,0,0,0,0,0,0,0,0,0,0,0,0,0,0,0,0,0,0,0
0001470200,numeric_raw_prefix,train,1,1,0,0,0,0,0,0,0,0,0,0,0,0,0,0,0,0,0,0,0
0001470201,numeric_raw_prefix,train,3,3,0,0,0,0,0,0,0,0,0,0,0,0,0,0,0,0,0,0,0
0001470204,numeric_raw_prefix,val,11,11,0,0,0,0,0,0,0,0,0,0,0,0,0,0,0,0,0,0,0
0001470208,numeric_raw_prefix,train,2,2,0,0,0,0,0,0,0,0,0,0,0,0,0,0,0,0,0,0,0
0001470209,numeric_raw_prefix,train,2,2,0,0,0,0,0,0,0,0,0,0,0,0,0,0,0,0,0,0,0
0001471561,numeric_raw_prefix,train,2,0,2,0,0,0,0,0,0,0,0,0,0,2,2,0,0,0,0,0,0
0001472015,numeric_raw_prefix,val,6,0,9,0,0,0,0,0,0,0,0,2,3,3,3,0,0,1,2,1,1
0001472031,numeric_raw_prefix,train,6,0,7,1,1,0,0,0,0,0,0,0,0,0,0,0,0,1,1,5,5
0001472079,numeric_raw_prefix,train,1,0,1,0,0,0,0,0,0,0,0,0,0,0,0,1,1,0,0,0,0
0001472114,numeric_raw_prefix,train,5,0,6,0,0,5,5,0,0,0,0,0,0,0,0,0,0,1,1,0,0
0001472115,numeric_raw_prefix,val,4,1,7,0,0,3,3,0,0,0,0,0,0,0,0,0,0,3,4,0,0
0001472117,numeric_raw_prefix,train,2,0,5,0,0,0,0,0,0,0,0,1,2,1,2,0,0,1,1,0,0
0001472180,numeric_raw_prefix,train,3,3,0,0,0,0,0,0,0,0,0,0,0,0,0,0,0,0,0,0,0
0001472185,numeric_raw_prefix,train,2,2,0,0,0,0,0,0,0,0,0,0,0,0,0,0,0,0,0,0,0
0001472187,numeric_raw_prefix,train,3,0,3,0,0,0,0,0,0,1,1,0,0,2,2,0,0,0,0,0,0
0001472191,numeric_raw_prefix,train,3,1,2,1,1,0,0,0,0,0,0,0,0,0,0,0,0,1,1,0,0
0001472207,numeric_raw_prefix,train,1,1,0,0,0,0,0,0,0,0,0,0,0,0,0,0,0,0,0,0,0
0001472220,numeric_raw_prefix,train,5,3,10,2,7,0,0,0,0,0,0,2,3,0,0,0,0,0,0,0,0
0001472221,numeric_raw_prefix,val,6,4,4,1,2,0,0,0,0,0,0,0,0,0,0,0,0,1,2,0,0
0001472227,numeric_raw_prefix,train,5,2,4,2,2,0,0,0,0,0,0,1,1,0,0,1,1,0,0,0,0
0001472228,numeric_raw_prefix,val,6,0,19,6,14,1,1,0,0,0,0,1,2,1,2,0,0,0,0,0,0
0001472229,numeric_raw_prefix,val,7,1,18,4,6,0,0,0,0,0,0,4,6,2,2,2,4,0,0,0,0
0001472230,numeric_raw_prefix,train,1,0,1,1,1,0,0,0,0,0,0,0,0,0,0,0,0,0,0,0,0
0001472248,numeric_raw_prefix,train,1,0,1,0,0,0,0,0,0,0,0,0,0,1,1,0,0,0,0,0,0
0001472267,numeric_raw_prefix,train,2,1,1,0,0,0,0,0,0,0,0,1,1,0,0,0,0,0,0,0,0
0001472280,numeric_raw_prefix,train,2,2,0,0,0,0,0,0,0,0,0,0,0,0,0,0,0,0,0,0,0
0001472291,numeric_raw_prefix,train,2,1,2,0,0,0,0,0,0,0,0,1,1,0,0,0,0,1,1,0,0
0001472295,numeric_raw_prefix,val,5,5,0,0,0,0,0,0,0,0,0,0,0,0,0,0,0,0,0,0,0
0001472298,numeric_raw_prefix,train,4,4,0,0,0,0,0,0,0,0,0,0,0,0,0,0,0,0,0,0,0
0001472299,numeric_raw_prefix,train,9,8,1,0,0,0,0,0,0,0,0,1,1,0,0,0,0,0,0,0,0
0001472302,numeric_raw_prefix,val,4,3,1,0,0,0,0,0,0,0,0,1,1,0,0,0,0,0,0,0,0
0001472318,numeric_raw_prefix,train,2,1,2,0,0,0,0,0,0,0,0,1,1,0,0,1,1,0,0,0,0
0001472319,numeric_raw_prefix,train,4,1,6,0,0,0,0,0,0,2,5,1,1,0,0,0,0,0,0,0,0
0001472381,numeric_raw_prefix,train,1,1,0,0,0,0,0,0,0,0,0,0,0,0,0,0,0,0,0,0,0
0001472441,numeric_raw_prefix,train,6,2,4,0,0,0,0,0,0,1,1,1,1,0,0,0,0,0,0,2,2
0001472442,numeric_raw_prefix,train,4,1,6,0,0,0,0,0,0,0,0,0,0,0,0,2,5,0,0,1,1
0001472447,numeric_raw_prefix,train,1,1,0,0,0,0,0,0,0,0,0,0,0,0,0,0,0,0,0,0,0
0001472449,numeric_raw_prefix,val,2,2,0,0,0,0,0,0,0,0,0,0,0,0,0,0,0,0,0,0,0
0001472450,numeric_raw_prefix,train,5,2,5,0,0,0,0,0,0,0,0,0,0,0,0,0,0,1,2,2,3
0001472453,numeric_raw_prefix,val,10,4,8,0,0,0,0,0,0,0,0,1,1,0,0,2,3,0,0,4,4
0001472474,numeric_raw_prefix,train,4,1,4,0,0,0,0,0,0,0,0,0,0,0,0,0,0,0,0,3,4
0001472494,numeric_raw_prefix,train,3,2,1,0,0,0,0,0,0,0,0,0,0,0,0,1,1,0,0,0,0
0001472519,numeric_raw_prefix,train,1,0,1,1,1,0,0,0,0,0,0,0,0,0,0,0,0,0,0,0,0
0001472544,numeric_raw_prefix,train,3,0,3,0,0,0,0,0,0,1,1,0,0,0,0,0,0,0,0,2,2
0001472575,numeric_raw_prefix,train,3,0,3,0,0,0,0,0,0,0,0,0,0,0,0,0,0,0,0,3,3
0001473055,numeric_raw_prefix,train,6,2,4,1,1,0,0,0,0,0,0,0,0,0,0,1,1,0,0,2,2
0001473056,numeric_raw_prefix,val,9,0,27,7,20,0,0,0,0,0,0,4,6,0,0,1,1,0,0,0,0
0001473065,numeric_raw_prefix,train,1,0,1,0,0,0,0,0,0,0,0,0,0,0,0,0,0,0,0,1,1
0001473066,numeric_raw_prefix,train,2,0,2,0,0,0,0,0,0,0,0,0,0,0,0,0,0,0,0,2,2
0001473067,numeric_raw_prefix,train,3,0,3,0,0,0,0,0,0,0,0,0,0,0,0,0,0,0,0,3,3
0001473068,numeric_raw_prefix,train,3,0,3,0,0,0,0,0,0,0,0,0,0,0,0,0,0,0,0,3,3
0001473070,numeric_raw_prefix,train,3,0,3,0,0,0,0,0,0,0,0,0,0,0,0,0,0,0,0,3,3
0001473071,numeric_raw_prefix,train,2,0,2,0,0,0,0,0,0,0,0,0,0,0,0,0,0,0,0,2,2
0001473086,numeric_raw_prefix,train,3,0,3,0,0,0,0,0,0,0,0,0,0,1,1,0,0,0,0,2,2
0001473094,numeric_raw_prefix,train,4,0,4,0,0,0,0,0,0,0,0,0,0,0,0,0,0,0,0,4,4
0001473095,numeric_raw_prefix,train,6,0,6,0,0,0,0,0,0,0,0,0,0,0,0,0,0,0,0,6,6
0001473096,numeric_raw_prefix,train,3,0,4,0,0,0,0,0,0,0,0,0,0,0,0,0,0,1,1,3,3
0001473108,numeric_raw_prefix,train,1,0,1,0,0,0,0,0,0,0,0,0,0,0,0,0,0,0,0,1,1
0001473111,numeric_raw_prefix,train,1,0,1,0,0,0,0,0,0,0,0,0,0,0,0,0,0,0,0,1,1
0001473112,numeric_raw_prefix,train,1,0,1,0,0,0,0,0,0,0,0,0,0,0,0,0,0,0,0,1,1
0001473113,numeric_raw_prefix,train,4,0,8,1,1,0,0,0,0,0,0,2,2,0,0,0,0,3,3,2,2
0001473118,numeric_raw_prefix,train,4,2,2,0,0,0,0,0,0,0,0,0,0,0,0,0,0,0,0,2,2
0001473120,numeric_raw_prefix,train,4,0,4,0,0,0,0,0,0,0,0,0,0,0,0,0,0,0,0,4,4
0001473121,numeric_raw_prefix,train,9,4,5,0,0,0,0,0,0,0,0,0,0,0,0,0,0,0,0,5,5
0001473122,numeric_raw_prefix,train,5,0,5,0,0,0,0,0,0,0,0,0,0,0,0,0,0,0,0,5,5
0001473123,numeric_raw_prefix,train,6,2,4,0,0,0,0,0,0,0,0,0,0,0,0,0,0,0,0,4,4
0001473125,numeric_raw_prefix,train,3,0,3,0,0,0,0,0,0,0,0,0,0,0,0,0,0,0,0,3,3
0001473126,numeric_raw_prefix,val,12,2,14,0,0,0,0,0,0,0,0,0,0,0,0,4,7,0,0,7,7
0001473128,numeric_raw_prefix,train,3,1,2,0,0,0,0,0,0,0,0,0,0,0,0,0,0,0,0,2,2
0001473129,numeric_raw_prefix,train,3,0,3,0,0,0,0,0,0,0,0,0,0,0,0,0,0,0,0,3,3
0001473130,numeric_raw_prefix,train,10,7,3,0,0,0,0,0,0,0,0,0,0,0,0,0,0,0,0,3,3
0001473143,numeric_raw_prefix,train,9,0,12,1,1,0,0,0,0,0,0,2,2,0,0,2,2,0,0,7,7
0001473148,numeric_raw_prefix,val,14,1,31,0,0,0,0,0,0,0,0,1,1,0,0,6,22,0,0,7,8
0001473149,numeric_raw_prefix,val,18,1,29,0,0,0,0,0,0,0,0,0,0,0,0,3,10,1,1,17,18
0001473164,numeric_raw_prefix,train,9,1,10,0,0,0,0,0,0,0,0,1,1,0,0,0,0,1,1,7,8
0001473234,numeric_raw_prefix,train,10,2,8,0,0,0,0,0,0,0,0,0,0,0,0,0,0,1,1,7,7
0001473245,numeric_raw_prefix,train,5,0,6,0,0,0,0,0,0,0,0,1,1,0,0,0,0,0,0,4,5
0001473346,numeric_raw_prefix,train,2,0,3,0,0,0,0,0,0,0,0,0,0,0,0,2,2,1,1,0,0
0001473365,numeric_raw_prefix,train,2,0,2,2,2,0,0,0,0,0,0,0,0,0,0,0,0,0,0,0,0
0001473367,numeric_raw_prefix,train,2,0,2,0,0,0,0,0,0,0,0,0,0,0,0,0,0,2,2,0,0
0001474140,numeric_raw_prefix,val,6,0,12,5,10,0,0,0,0,0,0,1,1,1,1,0,0,0,0,0,0
0001476517,numeric_raw_prefix,train,1,1,0,0,0,0,0,0,0,0,0,0,0,0,0,0,0,0,0,0,0
0001476520,numeric_raw_prefix,train,1,1,0,0,0,0,0,0,0,0,0,0,0,0,0,0,0,0,0,0,0
0001476556,numeric_raw_prefix,train,2,1,1,1,1,0,0,0,0,0,0,0,0,0,0,0,0,0,0,0,0
0001476559,numeric_raw_prefix,train,1,1,0,0,0,0,0,0,0,0,0,0,0,0,0,0,0,0,0,0,0
0001476561,numeric_raw_prefix,train,1,1,0,0,0,0,0,0,0,0,0,0,0,0,0,0,0,0,0,0,0
0001476563,numeric_raw_prefix,train,1,1,0,0,0,0,0,0,0,0,0,0,0,0,0,0,0,0,0,0,0
0001476567,numeric_raw_prefix,train,1,1,0,0,0,0,0,0,0,0,0,0,0,0,0,0,0,0,0,0,0
0001476568,numeric_raw_prefix,train,1,1,0,0,0,0,0,0,0,0,0,0,0,0,0,0,0,0,0,0,0
0001476576,numeric_raw_prefix,train,1,1,0,0,0,0,0,0,0,0,0,0,0,0,0,0,0,0,0,0,0
0001476587,numeric_raw_prefix,train,1,1,0,0,0,0,0,0,0,0,0,0,0,0,0,0,0,0,0,0,0
0001476606,numeric_raw_prefix,train,1,0,1,0,0,0,0,0,0,0,0,0,0,1,1,0,0,0,0,0,0
0001476615,numeric_raw_prefix,train,1,1,0,0,0,0,0,0,0,0,0,0,0,0,0,0,0,0,0,0,0
0001476617,numeric_raw_prefix,train,1,1,0,0,0,0,0,0,0,0,0,0,0,0,0,0,0,0,0,0,0
0001476620,numeric_raw_prefix,train,1,1,0,0,0,0,0,0,0,0,0,0,0,0,0,0,0,0,0,0,0
0001476624,numeric_raw_prefix,train,1,1,0,0,0,0,0,0,0,0,0,0,0,0,0,0,0,0,0,0,0
0001476629,numeric_raw_prefix,train,1,1,0,0,0,0,0,0,0,0,0,0,0,0,0,0,0,0,0,0,0
0001476631,numeric_raw_prefix,train,2,2,0,0,0,0,0,0,0,0,0,0,0,0,0,0,0,0,0,0,0
0001476633,numeric_raw_prefix,train,1,1,0,0,0,0,0,0,0,0,0,0,0,0,0,0,0,0,0,0,0
0001476636,numeric_raw_prefix,train,1,1,0,0,0,0,0,0,0,0,0,0,0,0,0,0,0,0,0,0,0
0001476637,numeric_raw_prefix,train,1,1,0,0,0,0,0,0,0,0,0,0,0,0,0,0,0,0,0,0,0
0001476641,numeric_raw_prefix,train,1,1,0,0,0,0,0,0,0,0,0,0,0,0,0,0,0,0,0,0,0
0001476658,numeric_raw_prefix,train,1,0,1,0,0,0,0,0,0,0,0,1,1,0,0,0,0,0,0,0,0
0001476660,numeric_raw_prefix,train,1,1,0,0,0,0,0,0,0,0,0,0,0,0,0,0,0,0,0,0,0
0001476661,numeric_raw_prefix,train,1,0,1,0,0,0,0,0,0,0,0,0,0,0,0,0,0,0,0,1,1
0001476674,numeric_raw_prefix,train,2,2,0,0,0,0,0,0,0,0,0,0,0,0,0,0,0,0,0,0,0
0001476675,numeric_raw_prefix,train,1,0,1,0,0,0,0,0,0,0,0,0,0,0,0,0,0,1,1,0,0
0001478920,numeric_raw_prefix,train,1,0,1,0,0,0,0,0,0,0,0,0,0,0,0,1,1,0,0,0,0
0001480389,numeric_raw_prefix,val,1,0,1,0,0,0,0,0,0,0,0,1,1,0,0,0,0,0,0,0,0
0001481074,numeric_raw_prefix,train,1,0,1,0,0,0,0,0,0,1,1,0,0,0,0,0,0,0,0,0,0
0001481543,numeric_raw_prefix,train,1,0,1,1,1,0,0,0,0,0,0,0,0,0,0,0,0,0,0,0,0
0001481871,numeric_raw_prefix,train,1,0,1,1,1,0,0,0,0,0,0,0,0,0,0,0,0,0,0,0,0
0001481920,numeric_raw_prefix,train,1,0,1,0,0,0,0,0,0,0,0,1,1,0,0,0,0,0,0,0,0
0001481922,numeric_raw_prefix,train,1,0,1,0,0,0,0,0,0,0,0,1,1,0,0,0,0,0,0,0,0
0001481923,numeric_raw_prefix,train,1,0,1,0,0,0,0,0,0,1,1,0,0,0,0,0,0,0,0,0,0
0001482141,numeric_raw_prefix,train,1,0,1,0,0,0,0,0,0,0,0,1,1,0,0,0,0,0,0,0,0
0001482235,numeric_raw_prefix,train,1,0,1,0,0,0,0,0,0,0,0,0,0,0,0,1,1,0,0,0,0
0001482460,numeric_raw_prefix,train,1,0,3,0,0,0,0,0,0,0,0,0,0,0,0,1,3,0,0,0,0
0001482487,numeric_raw_prefix,train,1,0,1,0,0,0,0,0,0,0,0,0,0,0,0,1,1,0,0,0,0
0001482488,numeric_raw_prefix,train,1,0,1,0,0,0,0,0,0,0,0,0,0,0,0,1,1,0,0,0,0
0001482764,numeric_raw_prefix,train,1,0,1,0,0,0,0,0,0,0,0,1,1,0,0,0,0,0,0,0,0
0001482852,numeric_raw_prefix,val,1,0,1,0,0,0,0,0,0,0,0,1,1,0,0,0,0,0,0,0,0
0001482905,numeric_raw_prefix,train,1,0,1,0,0,0,0,0,0,0,0,1,1,0,0,0,0,0,0,0,0
0001482973,numeric_raw_prefix,train,1,0,1,0,0,0,0,0,0,0,0,1,1,0,0,0,0,0,0,0,0
0001483149,numeric_raw_prefix,val,1,0,4,0,0,0,0,0,0,0,0,1,2,0,0,0,0,1,2,0,0
0001483864,numeric_raw_prefix,train,1,0,1,0,0,1,1,0,0,0,0,0,0,0,0,0,0,0,0,0,0
0001484044,numeric_raw_prefix,train,1,0,1,1,1,0,0,0,0,0,0,0,0,0,0,0,0,0,0,0,0
0001484055,numeric_raw_prefix,train,1,0,3,0,0,0,0,0,0,0,0,1,3,0,0,0,0,0,0,0,0
0001484599,numeric_raw_prefix,train,3,0,3,0,0,0,0,0,0,0,0,2,2,0,0,1,1,0,0,0,0
0001484622,numeric_raw_prefix,train,1,1,0,0,0,0,0,0,0,0,0,0,0,0,0,0,0,0,0,0,0
0001484724,numeric_raw_prefix,train,2,0,2,1,1,0,0,0,0,0,0,1,1,0,0,0,0,0,0,0,0
0001484725,numeric_raw_prefix,train,1,0,1,0,0,0,0,0,0,0,0,1,1,0,0,0,0,0,0,0,0
0001484791,numeric_raw_prefix,train,1,1,0,0,0,0,0,0,0,0,0,0,0,0,0,0,0,0,0,0,0
0001484839,numeric_raw_prefix,train,1,0,1,0,0,0,0,0,0,0,0,0,0,0,0,0,0,1,1,0,0
0001484841,numeric_raw_prefix,train,1,1,0,0,0,0,0,0,0,0,0,0,0,0,0,0,0,0,0,0,0
0001484931,numeric_raw_prefix,train,1,0,1,1,1,0,0,0,0,0,0,0,0,0,0,0,0,0,0,0,0
0001484935,numeric_raw_prefix,train,1,0,1,1,1,0,0,0,0,0,0,0,0,0,0,0,0,0,0,0,0
0001485055,numeric_raw_prefix,train,1,0,1,1,1,0,0,0,0,0,0,0,0,0,0,0,0,0,0,0,0
0001485292,numeric_raw_prefix,train,1,0,1,0,0,0,0,0,0,0,0,0,0,0,0,1,1,0,0,0,0
0001486073,numeric_raw_prefix,train,1,0,1,0,0,0,0,0,0,1,1,0,0,0,0,0,0,0,0,0,0
0001486250,numeric_raw_prefix,train,1,0,8,0,0,0,0,1,8,0,0,0,0,0,0,0,0,0,0,0,0
0001487223,numeric_raw_prefix,val,1,0,1,0,0,0,0,0,0,0,0,1,1,0,0,0,0,0,0,0,0
0001487380,numeric_raw_prefix,train,1,0,1,0,0,0,0,0,0,0,0,1,1,0,0,0,0,0,0,0,0
0001487443,numeric_raw_prefix,train,1,0,1,0,0,1,1,0,0,0,0,0,0,0,0,0,0,0,0,0,0
0001487463,numeric_raw_prefix,train,1,0,1,0,0,1,1,0,0,0,0,0,0,0,0,0,0,0,0,0,0
0001487908,numeric_raw_prefix,train,1,0,1,1,1,0,0,0,0,0,0,0,0,0,0,0,0,0,0,0,0
0001487989,numeric_raw_prefix,train,1,0,2,0,0,1,2,0,0,0,0,0,0,0,0,0,0,0,0,0,0
0001487996,numeric_raw_prefix,train,1,0,1,0,0,1,1,0,0,0,0,0,0,0,0,0,0,0,0,0,0
0001488436,numeric_raw_prefix,train,1,0,1,0,0,0,0,0,0,0,0,0,0,0,0,1,1,0,0,0,0
0001488464,numeric_raw_prefix,train,1,0,1,0,0,0,0,0,0,0,0,0,0,0,0,1,1,0,0,0,0
0001488473,numeric_raw_prefix,train,1,0,4,1,1,0,0,0,0,0,0,0,0,0,0,0,0,1,3,0,0
0001488652,numeric_raw_prefix,train,1,0,2,0,0,0,0,0,0,0,0,0,0,0,0,1,2,0,0,0,0
0001488661,numeric_raw_prefix,val,1,0,1,1,1,0,0,0,0,0,0,0,0,0,0,0,0,0,0,0,0
0001488665,numeric_raw_prefix,train,1,0,3,0,0,0,0,0,0,0,0,0,0,0,0,1,3,0,0,0,0
0001488924,numeric_raw_prefix,val,1,0,1,0,0,0,0,0,0,0,0,1,1,0,0,0,0,0,0,0,0
0001489142,numeric_raw_prefix,train,1,0,1,0,0,1,1,0,0,0,0,0,0,0,0,0,0,0,0,0,0
0001496675,numeric_raw_prefix,train,1,0,1,0,0,0,0,0,0,0,0,1,1,0,0,0,0,0,0,0,0
0001497752,numeric_raw_prefix,val,1,0,1,1,1,0,0,0,0,0,0,0,0,0,0,0,0,0,0,0,0
0001497787,numeric_raw_prefix,train,1,0,1,1,1,0,0,0,0,0,0,0,0,0,0,0,0,0,0,0,0
0001497865,numeric_raw_prefix,train,1,0,1,1,1,0,0,0,0,0,0,0,0,0,0,0,0,0,0,0,0
0001498681,numeric_raw_prefix,train,1,1,0,0,0,0,0,0,0,0,0,0,0,0,0,0,0,0,0,0,0
0001498686,numeric_raw_prefix,train,1,1,0,0,0,0,0,0,0,0,0,0,0,0,0,0,0,0,0,0,0
0001498687,numeric_raw_prefix,train,1,1,0,0,0,0,0,0,0,0,0,0,0,0,0,0,0,0,0,0,0
0001498689,numeric_raw_prefix,val,1,1,0,0,0,0,0,0,0,0,0,0,0,0,0,0,0,0,0,0,0
0001498690,numeric_raw_prefix,train,1,1,0,0,0,0,0,0,0,0,0,0,0,0,0,0,0,0,0,0,0
0001498692,numeric_raw_prefix,train,3,1,2,0,0,0,0,0,0,0,0,0,0,0,0,0,0,2,2,0,0
0001498694,numeric_raw_prefix,train,1,1,0,0,0,0,0,0,0,0,0,0,0,0,0,0,0,0,0,0,0
0001498695,numeric_raw_prefix,train,1,1,0,0,0,0,0,0,0,0,0,0,0,0,0,0,0,0,0,0,0
0001498707,numeric_raw_prefix,train,3,2,1,0,0,0,0,0,0,0,0,0,0,0,0,0,0,1,1,0,0
0001498709,numeric_raw_prefix,train,1,1,0,0,0,0,0,0,0,0,0,0,0,0,0,0,0,0,0,0,0
0001498711,numeric_raw_prefix,val,5,4,1,0,0,0,0,0,0,0,0,0,0,0,0,0,0,1,1,0,0
0001498712,numeric_raw_prefix,train,1,1,0,0,0,0,0,0,0,0,0,0,0,0,0,0,0,0,0,0,0
0001498713,numeric_raw_prefix,train,2,1,1,0,0,0,0,0,0,0,0,0,0,0,0,0,0,1,1,0,0
0001498715,numeric_raw_prefix,train,1,1,0,0,0,0,0,0,0,0,0,0,0,0,0,0,0,0,0,0,0
0001498716,numeric_raw_prefix,train,1,1,0,0,0,0,0,0,0,0,0,0,0,0,0,0,0,0,0,0,0
0001498717,numeric_raw_prefix,train,1,0,1,0,0,0,0,0,0,0,0,0,0,0,0,0,0,1,1,0,0
0001498718,numeric_raw_prefix,train,1,1,0,0,0,0,0,0,0,0,0,0,0,0,0,0,0,0,0,0,0
0001498719,numeric_raw_prefix,train,1,1,0,0,0,0,0,0,0,0,0,0,0,0,0,0,0,0,0,0,0
0001498720,numeric_raw_prefix,train,2,2,0,0,0,0,0,0,0,0,0,0,0,0,0,0,0,0,0,0,0
0001498722,numeric_raw_prefix,train,3,3,0,0,0,0,0,0,0,0,0,0,0,0,0,0,0,0,0,0,0
0001498724,numeric_raw_prefix,train,1,1,0,0,0,0,0,0,0,0,0,0,0,0,0,0,0,0,0,0,0
0001498725,numeric_raw_prefix,train,1,1,0,0,0,0,0,0,0,0,0,0,0,0,0,0,0,0,0,0,0
0001498726,numeric_raw_prefix,val,2,0,3,0,0,0,0,0,0,0,0,0,0,0,0,0,0,2,3,0,0
0001498727,numeric_raw_prefix,train,5,1,4,0,0,0,0,0,0,0,0,0,0,0,0,0,0,4,4,0,0
0001498728,numeric_raw_prefix,train,10,2,11,0,0,0,0,0,0,0,0,0,0,0,0,0,0,8,11,0,0
0001498729,numeric_raw_prefix,train,4,1,4,0,0,0,0,0,0,0,0,0,0,0,0,0,0,3,4,0,0
0001498730,numeric_raw_prefix,val,2,1,1,0,0,0,0,0,0,0,0,0,0,0,0,0,0,1,1,0,0
0001498733,numeric_raw_prefix,train,3,3,0,0,0,0,0,0,0,0,0,0,0,0,0,0,0,0,0,0,0
0001498734,numeric_raw_prefix,val,1,1,0,0,0,0,0,0,0,0,0,0,0,0,0,0,0,0,0,0,0
0001498735,numeric_raw_prefix,train,1,1,0,0,0,0,0,0,0,0,0,0,0,0,0,0,0,0,0,0,0
0001498736,numeric_raw_prefix,train,1,1,0,0,0,0,0,0,0,0,0,0,0,0,0,0,0,0,0,0,0
0001498737,numeric_raw_prefix,train,2,2,0,0,0,0,0,0,0,0,0,0,0,0,0,0,0,0,0,0,0
0001498739,numeric_raw_prefix,train,1,1,0,0,0,0,0,0,0,0,0,0,0,0,0,0,0,0,0,0,0
0001498742,numeric_raw_prefix,train,1,1,0,0,0,0,0,0,0,0,0,0,0,0,0,0,0,0,0,0,0
0001498743,numeric_raw_prefix,train,5,5,0,0,0,0,0,0,0,0,0,0,0,0,0,0,0,0,0,0,0
0001498744,numeric_raw_prefix,train,5,3,2,0,0,0,0,0,0,0,0,0,0,0,0,0,0,2,2,0,0
0001498745,numeric_raw_prefix,train,5,4,1,0,0,0,0,0,0,0,0,0,0,0,0,0,0,1,1,0,0
0001498746,numeric_raw_prefix,train,6,6,0,0,0,0,0,0,0,0,0,0,0,0,0,0,0,0,0,0,0
0001498747,numeric_raw_prefix,train,1,1,0,0,0,0,0,0,0,0,0,0,0,0,0,0,0,0,0,0,0
0001498751,numeric_raw_prefix,val,1,1,0,0,0,0,0,0,0,0,0,0,0,0,0,0,0,0,0,0,0
0001498754,numeric_raw_prefix,train,1,1,0,0,0,0,0,0,0,0,0,0,0,0,0,0,0,0,0,0,0
0001498755,numeric_raw_prefix,train,1,1,0,0,0,0,0,0,0,0,0,0,0,0,0,0,0,0,0,0,0
0001498757,numeric_raw_prefix,train,6,6,0,0,0,0,0,0,0,0,0,0,0,0,0,0,0,0,0,0,0
0001498758,numeric_raw_prefix,train,2,2,0,0,0,0,0,0,0,0,0,0,0,0,0,0,0,0,0,0,0
0001498759,numeric_raw_prefix,train,1,1,0,0,0,0,0,0,0,0,0,0,0,0,0,0,0,0,0,0,0
0001498760,numeric_raw_prefix,train,2,2,0,0,0,0,0,0,0,0,0,0,0,0,0,0,0,0,0,0,0
0001498761,numeric_raw_prefix,train,3,3,0,0,0,0,0,0,0,0,0,0,0,0,0,0,0,0,0,0,0
0001498762,numeric_raw_prefix,train,1,1,0,0,0,0,0,0,0,0,0,0,0,0,0,0,0,0,0,0,0
0001498768,numeric_raw_prefix,train,1,1,0,0,0,0,0,0,0,0,0,0,0,0,0,0,0,0,0,0,0
0001498770,numeric_raw_prefix,train,1,1,0,0,0,0,0,0,0,0,0,0,0,0,0,0,0,0,0,0,0
0001498773,numeric_raw_prefix,train,1,1,0,0,0,0,0,0,0,0,0,0,0,0,0,0,0,0,0,0,0
0001498784,numeric_raw_prefix,train,1,1,0,0,0,0,0,0,0,0,0,0,0,0,0,0,0,0,0,0,0
0001498788,numeric_raw_prefix,train,1,1,0,0,0,0,0,0,0,0,0,0,0,0,0,0,0,0,0,0,0
0001498795,numeric_raw_prefix,train,2,1,1,0,0,0,0,0,0,0,0,0,0,0,0,0,0,1,1,0,0
0001498797,numeric_raw_prefix,train,3,3,0,0,0,0,0,0,0,0,0,0,0,0,0,0,0,0,0,0,0
0001498800,numeric_raw_prefix,train,1,1,0,0,0,0,0,0,0,0,0,0,0,0,0,0,0,0,0,0,0
0001498803,numeric_raw_prefix,train,3,3,0,0,0,0,0,0,0,0,0,0,0,0,0,0,0,0,0,0,0
0001498805,numeric_raw_prefix,train,1,1,0,0,0,0,0,0,0,0,0,0,0,0,0,0,0,0,0,0,0
0001498814,numeric_raw_prefix,train,1,1,0,0,0,0,0,0,0,0,0,0,0,0,0,0,0,0,0,0,0
0001498819,numeric_raw_prefix,train,2,2,0,0,0,0,0,0,0,0,0,0,0,0,0,0,0,0,0,0,0
0001498823,numeric_raw_prefix,train,1,1,0,0,0,0,0,0,0,0,0,0,0,0,0,0,0,0,0,0,0
0001498838,numeric_raw_prefix,train,1,0,1,0,0,0,0,0,0,0,0,0,0,0,0,0,0,1,1,0,0
0001498850,numeric_raw_prefix,train,1,1,0,0,0,0,0,0,0,0,0,0,0,0,0,0,0,0,0,0,0
0001498851,numeric_raw_prefix,train,1,1,0,0,0,0,0,0,0,0,0,0,0,0,0,0,0,0,0,0,0
0001498865,numeric_raw_prefix,train,1,1,0,0,0,0,0,0,0,0,0,0,0,0,0,0,0,0,0,0,0
0001498993,numeric_raw_prefix,train,2,0,3,2,3,0,0,0,0,0,0,0,0,0,0,0,0,0,0,0,0
0001499650,numeric_raw_prefix,train,1,1,0,0,0,0,0,0,0,0,0,0,0,0,0,0,0,0,0,0,0
0001499651,numeric_raw_prefix,train,1,1,0,0,0,0,0,0,0,0,0,0,0,0,0,0,0,0,0,0,0
0001499652,numeric_raw_prefix,train,1,1,0,0,0,0,0,0,0,0,0,0,0,0,0,0,0,0,0,0,0
0001499653,numeric_raw_prefix,train,1,1,0,0,0,0,0,0,0,0,0,0,0,0,0,0,0,0,0,0,0
0001499654,numeric_raw_prefix,train,2,2,0,0,0,0,0,0,0,0,0,0,0,0,0,0,0,0,0,0,0
0001499655,numeric_raw_prefix,train,1,1,0,0,0,0,0,0,0,0,0,0,0,0,0,0,0,0,0,0,0
0001499657,numeric_raw_prefix,train,1,1,0,0,0,0,0,0,0,0,0,0,0,0,0,0,0,0,0,0,0
0001499662,numeric_raw_prefix,train,1,1,0,0,0,0,0,0,0,0,0,0,0,0,0,0,0,0,0,0,0
0001499663,numeric_raw_prefix,train,1,1,0,0,0,0,0,0,0,0,0,0,0,0,0,0,0,0,0,0,0
0001499665,numeric_raw_prefix,train,1,1,0,0,0,0,0,0,0,0,0,0,0,0,0,0,0,0,0,0,0
0001499666,numeric_raw_prefix,train,1,1,0,0,0,0,0,0,0,0,0,0,0,0,0,0,0,0,0,0,0
0001499670,numeric_raw_prefix,train,1,1,0,0,0,0,0,0,0,0,0,0,0,0,0,0,0,0,0,0,0
0001499671,numeric_raw_prefix,train,1,1,0,0,0,0,0,0,0,0,0,0,0,0,0,0,0,0,0,0,0
0001499673,numeric_raw_prefix,train,2,2,0,0,0,0,0,0,0,0,0,0,0,0,0,0,0,0,0,0,0
0001499676,numeric_raw_prefix,train,2,1,1,0,0,0,0,0,0,0,0,0,0,0,0,0,0,1,1,0,0
0001499677,numeric_raw_prefix,train,3,2,1,0,0,0,0,0,0,0,0,0,0,0,0,0,0,1,1,0,0
0001499678,numeric_raw_prefix,train,1,1,0,0,0,0,0,0,0,0,0,0,0,0,0,0,0,0,0,0,0
0001499679,numeric_raw_prefix,train,1,1,0,0,0,0,0,0,0,0,0,0,0,0,0,0,0,0,0,0,0
0001499680,numeric_raw_prefix,train,4,4,0,0,0,0,0,0,0,0,0,0,0,0,0,0,0,0,0,0,0
0001499681,numeric_raw_prefix,train,1,1,0,0,0,0,0,0,0,0,0,0,0,0,0,0,0,0,0,0,0
0001499683,numeric_raw_prefix,train,5,4,1,0,0,0,0,0,0,0,0,0,0,0,0,0,0,1,1,0,0
0001499684,numeric_raw_prefix,train,4,4,0,0,0,0,0,0,0,0,0,0,0,0,0,0,0,0,0,0,0
0001499685,numeric_raw_prefix,train,1,1,0,0,0,0,0,0,0,0,0,0,0,0,0,0,0,0,0,0,0
0001499686,numeric_raw_prefix,train,1,1,0,0,0,0,0,0,0,0,0,0,0,0,0,0,0,0,0,0,0
0001499687,numeric_raw_prefix,train,2,2,0,0,0,0,0,0,0,0,0,0,0,0,0,0,0,0,0,0,0
0001499689,numeric_raw_prefix,train,3,1,4,0,0,0,0,0,0,0,0,0,0,0,0,0,0,2,4,0,0
0001499692,numeric_raw_prefix,train,4,3,1,0,0,0,0,0,0,0,0,0,0,0,0,0,0,1,1,0,0
0001499694,numeric_raw_prefix,train,1,0,1,0,0,0,0,0,0,0,0,0,0,0,0,0,0,1,1,0,0
0001499696,numeric_raw_prefix,train,2,2,0,0,0,0,0,0,0,0,0,0,0,0,0,0,0,0,0,0,0
0001499698,numeric_raw_prefix,train,2,2,0,0,0,0,0,0,0,0,0,0,0,0,0,0,0,0,0,0,0
0001499699,numeric_raw_prefix,train,1,1,0,0,0,0,0,0,0,0,0,0,0,0,0,0,0,0,0,0,0
0001499700,numeric_raw_prefix,train,1,1,0,0,0,0,0,0,0,0,0,0,0,0,0,0,0,0,0,0,0
0001499701,numeric_raw_prefix,train,3,3,0,0,0,0,0,0,0,0,0,0,0,0,0,0,0,0,0,0,0
0001499702,numeric_raw_prefix,train,4,4,0,0,0,0,0,0,0,0,0,0,0,0,0,0,0,0,0,0,0
0001499703,numeric_raw_prefix,train,1,1,0,0,0,0,0,0,0,0,0,0,0,0,0,0,0,0,0,0,0
0001499704,numeric_raw_prefix,train,1,1,0,0,0,0,0,0,0,0,0,0,0,0,0,0,0,0,0,0,0
0001499705,numeric_raw_prefix,train,1,0,1,0,0,0,0,0,0,0,0,0,0,0,0,0,0,1,1,0,0
0001499706,numeric_raw_prefix,train,1,1,0,0,0,0,0,0,0,0,0,0,0,0,0,0,0,0,0,0,0
0001499711,numeric_raw_prefix,train,2,2,0,0,0,0,0,0,0,0,0,0,0,0,0,0,0,0,0,0,0
0001499712,numeric_raw_prefix,train,3,3,0,0,0,0,0,0,0,0,0,0,0,0,0,0,0,0,0,0,0
0001499714,numeric_raw_prefix,train,1,1,0,0,0,0,0,0,0,0,0,0,0,0,0,0,0,0,0,0,0
0001499717,numeric_raw_prefix,val,1,0,1,0,0,0,0,0,0,0,0,0,0,0,0,0,0,1,1,0,0
0001499719,numeric_raw_prefix,train,1,1,0,0,0,0,0,0,0,0,0,0,0,0,0,0,0,0,0,0,0
0001499720,numeric_raw_prefix,val,3,3,0,0,0,0,0,0,0,0,0,0,0,0,0,0,0,0,0,0,0
0001499724,numeric_raw_prefix,val,2,2,0,0,0,0,0,0,0,0,0,0,0,0,0,0,0,0,0,0,0
0001499725,numeric_raw_prefix,train,2,2,0,0,0,0,0,0,0,0,0,0,0,0,0,0,0,0,0,0,0
0001499730,numeric_raw_prefix,train,2,2,0,0,0,0,0,0,0,0,0,0,0,0,0,0,0,0,0,0,0
0001499733,numeric_raw_prefix,train,1,0,1,0,0,0,0,0,0,0,0,0,0,0,0,0,0,1,1,0,0
0001499735,numeric_raw_prefix,train,1,0,1,0,0,0,0,0,0,0,0,0,0,0,0,0,0,1,1,0,0
0001499737,numeric_raw_prefix,val,2,2,0,0,0,0,0,0,0,0,0,0,0,0,0,0,0,0,0,0,0
0001499738,numeric_raw_prefix,train,1,0,1,0,0,0,0,0,0,0,0,0,0,0,0,0,0,1,1,0,0
0001499739,numeric_raw_prefix,train,2,2,0,0,0,0,0,0,0,0,0,0,0,0,0,0,0,0,0,0,0
0001499745,numeric_raw_prefix,train,1,1,0,0,0,0,0,0,0,0,0,0,0,0,0,0,0,0,0,0,0
0001499747,numeric_raw_prefix,train,1,1,0,0,0,0,0,0,0,0,0,0,0,0,0,0,0,0,0,0,0
0001499748,numeric_raw_prefix,train,2,2,0,0,0,0,0,0,0,0,0,0,0,0,0,0,0,0,0,0,0
0001499749,numeric_raw_prefix,train,3,2,1,0,0,0,0,0,0,0,0,0,0,0,0,0,0,1,1,0,0
0001499752,numeric_raw_prefix,val,1,1,0,0,0,0,0,0,0,0,0,0,0,0,0,0,0,0,0,0,0
0001499753,numeric_raw_prefix,train,2,2,0,0,0,0,0,0,0,0,0,0,0,0,0,0,0,0,0,0,0
0001499756,numeric_raw_prefix,val,1,1,0,0,0,0,0,0,0,0,0,0,0,0,0,0,0,0,0,0,0
0001499757,numeric_raw_prefix,train,1,1,0,0,0,0,0,0,0,0,0,0,0,0,0,0,0,0,0,0,0
0001499758,numeric_raw_prefix,train,4,2,2,0,0,0,0,0,0,0,0,0,0,0,0,0,0,2,2,0,0
0001499759,numeric_raw_prefix,train,1,1,0,0,0,0,0,0,0,0,0,0,0,0,0,0,0,0,0,0,0
0001499761,numeric_raw_prefix,train,3,3,0,0,0,0,0,0,0,0,0,0,0,0,0,0,0,0,0,0,0
0001499762,numeric_raw_prefix,train,1,0,1,0,0,0,0,0,0,0,0,0,0,0,0,0,0,1,1,0,0
0001499765,numeric_raw_prefix,train,2,2,0,0,0,0,0,0,0,0,0,0,0,0,0,0,0,0,0,0,0
0001499766,numeric_raw_prefix,train,3,2,1,0,0,0,0,0,0,0,0,0,0,0,0,0,0,1,1,0,0
0001499767,numeric_raw_prefix,train,1,0,2,0,0,0,0,0,0,0,0,0,0,0,0,0,0,1,2,0,0
0001499768,numeric_raw_prefix,train,1,1,0,0,0,0,0,0,0,0,0,0,0,0,0,0,0,0,0,0,0
0001499773,numeric_raw_prefix,train,2,2,0,0,0,0,0,0,0,0,0,0,0,0,0,0,0,0,0,0,0
0001499777,numeric_raw_prefix,train,2,2,0,0,0,0,0,0,0,0,0,0,0,0,0,0,0,0,0,0,0
0001499779,numeric_raw_prefix,train,2,1,1,0,0,0,0,0,0,0,0,0,0,0,0,0,0,1,1,0,0
0001499780,numeric_raw_prefix,train,2,1,1,0,0,0,0,0,0,0,0,0,0,0,0,0,0,1,1,0,0
0001499781,numeric_raw_prefix,train,3,1,2,0,0,0,0,0,0,0,0,0,0,0,0,0,0,2,2,0,0
0001499782,numeric_raw_prefix,val,3,3,0,0,0,0,0,0,0,0,0,0,0,0,0,0,0,0,0,0,0
0001499786,numeric_raw_prefix,train,1,1,0,0,0,0,0,0,0,0,0,0,0,0,0,0,0,0,0,0,0
0001499787,numeric_raw_prefix,train,4,4,0,0,0,0,0,0,0,0,0,0,0,0,0,0,0,0,0,0,0
0001499957,numeric_raw_prefix,train,1,0,3,0,0,0,0,0,0,1,1,0,0,0,0,0,0,1,2,0,0
0001500004,numeric_raw_prefix,train,2,1,1,0,0,0,0,0,0,0,0,0,0,0,0,0,0,1,1,0,0
0001500005,numeric_raw_prefix,train,3,3,0,0,0,0,0,0,0,0,0,0,0,0,0,0,0,0,0,0,0
0001500008,numeric_raw_prefix,train,1,0,1,0,0,0,0,0,0,0,0,0,0,0,0,0,0,1,1,0,0
0001500009,numeric_raw_prefix,train,1,1,0,0,0,0,0,0,0,0,0,0,0,0,0,0,0,0,0,0,0
0001500010,numeric_raw_prefix,train,5,4,1,0,0,0,0,0,0,0,0,0,0,0,0,0,0,1,1,0,0
0001500011,numeric_raw_prefix,val,4,4,0,0,0,0,0,0,0,0,0,0,0,0,0,0,0,0,0,0,0
0001500012,numeric_raw_prefix,train,1,1,0,0,0,0,0,0,0,0,0,0,0,0,0,0,0,0,0,0,0
0001500013,numeric_raw_prefix,train,1,1,0,0,0,0,0,0,0,0,0,0,0,0,0,0,0,0,0,0,0
0001500014,numeric_raw_prefix,train,1,1,0,0,0,0,0,0,0,0,0,0,0,0,0,0,0,0,0,0,0
0001500022,numeric_raw_prefix,train,1,1,0,0,0,0,0,0,0,0,0,0,0,0,0,0,0,0,0,0,0
0001500024,numeric_raw_prefix,train,1,0,1,0,0,0,0,0,0,0,0,0,0,0,0,0,0,1,1,0,0
0001500026,numeric_raw_prefix,train,1,1,0,0,0,0,0,0,0,0,0,0,0,0,0,0,0,0,0,0,0
0001500028,numeric_raw_prefix,train,1,1,0,0,0,0,0,0,0,0,0,0,0,0,0,0,0,0,0,0,0
0001500029,numeric_raw_prefix,train,2,2,0,0,0,0,0,0,0,0,0,0,0,0,0,0,0,0,0,0,0
0001500030,numeric_raw_prefix,train,2,2,0,0,0,0,0,0,0,0,0,0,0,0,0,0,0,0,0,0,0
0001500031,numeric_raw_prefix,train,2,2,0,0,0,0,0,0,0,0,0,0,0,0,0,0,0,0,0,0,0
0001500032,numeric_raw_prefix,train,1,0,1,0,0,0,0,0,0,0,0,0,0,0,0,0,0,1,1,0,0
0001500034,numeric_raw_prefix,train,2,1,1,0,0,0,0,0,0,0,0,0,0,0,0,0,0,1,1,0,0
0001500035,numeric_raw_prefix,train,2,1,1,0,0,0,0,0,0,0,0,0,0,0,0,0,0,1,1,0,0
0001500036,numeric_raw_prefix,val,2,2,0,0,0,0,0,0,0,0,0,0,0,0,0,0,0,0,0,0,0
0001500037,numeric_raw_prefix,train,1,1,0,0,0,0,0,0,0,0,0,0,0,0,0,0,0,0,0,0,0
0001500038,numeric_raw_prefix,train,1,1,0,0,0,0,0,0,0,0,0,0,0,0,0,0,0,0,0,0,0
0001500040,numeric_raw_prefix,train,1,1,0,0,0,0,0,0,0,0,0,0,0,0,0,0,0,0,0,0,0
0001500041,numeric_raw_prefix,train,1,1,0,0,0,0,0,0,0,0,0,0,0,0,0,0,0,0,0,0,0
0001500044,numeric_raw_prefix,train,1,1,0,0,0,0,0,0,0,0,0,0,0,0,0,0,0,0,0,0,0
0001500046,numeric_raw_prefix,train,4,0,4,0,0,0,0,0,0,0,0,0,0,0,0,0,0,4,4,0,0
0001500048,numeric_raw_prefix,val,2,2,0,0,0,0,0,0,0,0,0,0,0,0,0,0,0,0,0,0,0
0001500049,numeric_raw_prefix,train,3,2,1,0,0,0,0,0,0,0,0,0,0,0,0,0,0,1,1,0,0
0001500052,numeric_raw_prefix,train,1,1,0,0,0,0,0,0,0,0,0,0,0,0,0,0,0,0,0,0,0
0001500058,numeric_raw_prefix,train,2,2,0,0,0,0,0,0,0,0,0,0,0,0,0,0,0,0,0,0,0
0001500059,numeric_raw_prefix,train,1,1,0,0,0,0,0,0,0,0,0,0,0,0,0,0,0,0,0,0,0
0001500061,numeric_raw_prefix,train,1,1,0,0,0,0,0,0,0,0,0,0,0,0,0,0,0,0,0,0,0
0001500064,numeric_raw_prefix,train,3,3,0,0,0,0,0,0,0,0,0,0,0,0,0,0,0,0,0,0,0
0001500073,numeric_raw_prefix,train,1,1,0,0,0,0,0,0,0,0,0,0,0,0,0,0,0,0,0,0,0
0001500074,numeric_raw_prefix,train,2,2,0,0,0,0,0,0,0,0,0,0,0,0,0,0,0,0,0,0,0
0001500078,numeric_raw_prefix,train,1,1,0,0,0,0,0,0,0,0,0,0,0,0,0,0,0,0,0,0,0
0001500081,numeric_raw_prefix,train,1,1,0,0,0,0,0,0,0,0,0,0,0,0,0,0,0,0,0,0,0
0001500083,numeric_raw_prefix,train,1,1,0,0,0,0,0,0,0,0,0,0,0,0,0,0,0,0,0,0,0
0001500085,numeric_raw_prefix,train,2,2,0,0,0,0,0,0,0,0,0,0,0,0,0,0,0,0,0,0,0
0001500087,numeric_raw_prefix,train,2,2,0,0,0,0,0,0,0,0,0,0,0,0,0,0,0,0,0,0,0
0001500088,numeric_raw_prefix,val,3,3,0,0,0,0,0,0,0,0,0,0,0,0,0,0,0,0,0,0,0
0001500091,numeric_raw_prefix,train,1,0,1,0,0,0,0,0,0,0,0,0,0,0,0,0,0,1,1,0,0
0001500092,numeric_raw_prefix,train,1,1,0,0,0,0,0,0,0,0,0,0,0,0,0,0,0,0,0,0,0
0001500101,numeric_raw_prefix,train,3,3,0,0,0,0,0,0,0,0,0,0,0,0,0,0,0,0,0,0,0
0001500105,numeric_raw_prefix,val,1,1,0,0,0,0,0,0,0,0,0,0,0,0,0,0,0,0,0,0,0
0001500116,numeric_raw_prefix,train,2,2,0,0,0,0,0,0,0,0,0,0,0,0,0,0,0,0,0,0,0
0001500122,numeric_raw_prefix,train,1,1,0,0,0,0,0,0,0,0,0,0,0,0,0,0,0,0,0,0,0
0001500123,numeric_raw_prefix,train,1,1,0,0,0,0,0,0,0,0,0,0,0,0,0,0,0,0,0,0,0
0001500124,numeric_raw_prefix,train,3,3,0,0,0,0,0,0,0,0,0,0,0,0,0,0,0,0,0,0,0
0001500127,numeric_raw_prefix,train,1,1,0,0,0,0,0,0,0,0,0,0,0,0,0,0,0,0,0,0,0
0001500128,numeric_raw_prefix,train,1,1,0,0,0,0,0,0,0,0,0,0,0,0,0,0,0,0,0,0,0
0001500133,numeric_raw_prefix,val,2,2,0,0,0,0,0,0,0,0,0,0,0,0,0,0,0,0,0,0,0
0001500135,numeric_raw_prefix,train,1,1,0,0,0,0,0,0,0,0,0,0,0,0,0,0,0,0,0,0,0
0001500136,numeric_raw_prefix,train,1,1,0,0,0,0,0,0,0,0,0,0,0,0,0,0,0,0,0,0,0
0001500139,numeric_raw_prefix,train,2,2,0,0,0,0,0,0,0,0,0,0,0,0,0,0,0,0,0,0,0
0001500141,numeric_raw_prefix,train,2,2,0,0,0,0,0,0,0,0,0,0,0,0,0,0,0,0,0,0,0
0001500143,numeric_raw_prefix,train,1,1,0,0,0,0,0,0,0,0,0,0,0,0,0,0,0,0,0,0,0
0001500144,numeric_raw_prefix,train,1,1,0,0,0,0,0,0,0,0,0,0,0,0,0,0,0,0,0,0,0
0001500151,numeric_raw_prefix,train,4,4,0,0,0,0,0,0,0,0,0,0,0,0,0,0,0,0,0,0,0
0001500152,numeric_raw_prefix,train,7,7,0,0,0,0,0,0,0,0,0,0,0,0,0,0,0,0,0,0,0
0001500153,numeric_raw_prefix,train,5,5,0,0,0,0,0,0,0,0,0,0,0,0,0,0,0,0,0,0,0
0001500154,numeric_raw_prefix,train,1,1,0,0,0,0,0,0,0,0,0,0,0,0,0,0,0,0,0,0,0
0001500155,numeric_raw_prefix,train,8,8,0,0,0,0,0,0,0,0,0,0,0,0,0,0,0,0,0,0,0
0001500160,numeric_raw_prefix,train,1,1,0,0,0,0,0,0,0,0,0,0,0,0,0,0,0,0,0,0,0
0001500163,numeric_raw_prefix,train,5,5,0,0,0,0,0,0,0,0,0,0,0,0,0,0,0,0,0,0,0
0001500164,numeric_raw_prefix,train,7,7,0,0,0,0,0,0,0,0,0,0,0,0,0,0,0,0,0,0,0
0001500165,numeric_raw_prefix,train,2,2,0,0,0,0,0,0,0,0,0,0,0,0,0,0,0,0,0,0,0
0001500166,numeric_raw_prefix,train,1,1,0,0,0,0,0,0,0,0,0,0,0,0,0,0,0,0,0,0,0
0001500168,numeric_raw_prefix,train,4,4,0,0,0,0,0,0,0,0,0,0,0,0,0,0,0,0,0,0,0
0001500169,numeric_raw_prefix,train,1,1,0,0,0,0,0,0,0,0,0,0,0,0,0,0,0,0,0,0,0
0001500170,numeric_raw_prefix,train,1,1,0,0,0,0,0,0,0,0,0,0,0,0,0,0,0,0,0,0,0
0001500174,numeric_raw_prefix,train,3,2,1,0,0,0,0,0,0,0,0,0,0,0,0,0,0,1,1,0,0
0001500183,numeric_raw_prefix,train,1,0,3,1,3,0,0,0,0,0,0,0,0,0,0,0,0,0,0,0,0
0001500186,numeric_raw_prefix,train,1,0,4,1,1,0,0,0,0,0,0,0,0,0,0,0,0,1,3,0,0
0001500189,numeric_raw_prefix,train,1,0,1,0,0,0,0,0,0,0,0,1,1,0,0,0,0,0,0,0,0
0001500191,numeric_raw_prefix,val,2,0,2,0,0,0,0,0,0,0,0,2,2,0,0,0,0,0,0,0,0
0001500198,numeric_raw_prefix,train,2,0,13,2,11,0,0,0,0,0,0,1,1,0,0,0,0,1,1,0,0
0001500199,numeric_raw_prefix,val,1,0,1,0,0,0,0,0,0,0,0,1,1,0,0,0,0,0,0,0,0
0001500201,numeric_raw_prefix,train,1,0,1,0,0,0,0,0,0,0,0,1,1,0,0,0,0,0,0,0,0
0001500453,numeric_raw_prefix,train,1,0,1,1,1,0,0,0,0,0,0,0,0,0,0,0,0,0,0,0,0
0001500590,numeric_raw_prefix,train,1,0,1,0,0,0,0,0,0,0,0,1,1,0,0,0,0,0,0,0,0
0001500698,numeric_raw_prefix,train,1,0,1,0,0,0,0,0,0,0,0,1,1,0,0,0,0,0,0,0,0
0001501098,numeric_raw_prefix,train,1,0,1,0,0,0,0,0,0,0,0,0,0,0,0,0,0,1,1,0,0
0001501270,numeric_raw_prefix,train,1,1,0,0,0,0,0,0,0,0,0,0,0,0,0,0,0,0,0,0,0
0001501272,numeric_raw_prefix,train,1,1,0,0,0,0,0,0,0,0,0,0,0,0,0,0,0,0,0,0,0
0001501453,numeric_raw_prefix,train,1,1,0,0,0,0,0,0,0,0,0,0,0,0,0,0,0,0,0,0,0
0001501495,numeric_raw_prefix,train,1,0,1,0,0,0,0,0,0,0,0,0,0,0,0,0,0,1,1,0,0
0001501744,numeric_raw_prefix,train,1,1,0,0,0,0,0,0,0,0,0,0,0,0,0,0,0,0,0,0,0
0001501761,numeric_raw_prefix,train,1,0,1,0,0,0,0,0,0,0,0,0,0,0,0,0,0,1,1,0,0
0001501828,numeric_raw_prefix,train,1,0,1,0,0,0,0,0,0,0,0,0,0,0,0,0,0,1,1,0,0
0001501989,numeric_raw_prefix,train,1,0,1,0,0,0,0,0,0,0,0,0,0,0,0,0,0,1,1,0,0
0001502029,numeric_raw_prefix,train,1,0,1,0,0,0,0,0,0,0,0,1,1,0,0,0,0,0,0,0,0
0001502056,numeric_raw_prefix,train,1,0,1,0,0,0,0,0,0,0,0,1,1,0,0,0,0,0,0,0,0
0001502505,numeric_raw_prefix,train,1,0,1,0,0,0,0,0,0,0,0,0,0,0,0,0,0,1,1,0,0
0001502549,numeric_raw_prefix,train,1,0,1,0,0,0,0,0,0,1,1,0,0,0,0,0,0,0,0,0,0
0001502581,numeric_raw_prefix,train,1,0,1,1,1,0,0,0,0,0,0,0,0,0,0,0,0,0,0,0,0
0001502877,numeric_raw_prefix,train,1,0,1,0,0,0,0,0,0,0,0,0,0,0,0,0,0,1,1,0,0
0001502888,numeric_raw_prefix,train,1,1,0,0,0,0,0,0,0,0,0,0,0,0,0,0,0,0,0,0,0
0001502905,numeric_raw_prefix,train,1,0,1,0,0,0,0,0,0,0,0,1,1,0,0,0,0,0,0,0,0
0001502974,numeric_raw_prefix,train,1,1,0,0,0,0,0,0,0,0,0,0,0,0,0,0,0,0,0,0,0
0001503024,numeric_raw_prefix,train,1,0,1,0,0,0,0,0,0,0,0,0,0,0,0,0,0,1,1,0,0
0001503160,numeric_raw_prefix,train,1,0,1,0,0,0,0,0,0,0,0,0,0,0,0,1,1,0,0,0,0
0001503631,numeric_raw_prefix,train,1,0,1,0,0,0,0,0,0,1,1,0,0,0,0,0,0,0,0,0,0
0001503645,numeric_raw_prefix,train,1,0,1,0,0,0,0,0,0,1,1,0,0,0,0,0,0,0,0,0,0
0001504083,numeric_raw_prefix,train,1,0,2,0,0,0,0,0,0,0,0,1,2,0,0,0,0,0,0,0,0
0001504212,numeric_raw_prefix,train,1,0,1,0,0,0,0,0,0,0,0,0,0,0,0,0,0,1,1,0,0
0001505245,numeric_raw_prefix,train,1,0,1,0,0,0,0,0,0,0,0,1,1,0,0,0,0,0,0,0,0
0001506150,numeric_raw_prefix,train,1,0,1,0,0,0,0,0,0,0,0,0,0,0,0,0,0,1,1,0,0
0001506151,numeric_raw_prefix,train,1,0,1,0,0,0,0,0,0,0,0,0,0,0,0,0,0,1,1,0,0
0001506159,numeric_raw_prefix,train,1,0,1,0,0,0,0,0,0,0,0,0,0,0,0,0,0,1,1,0,0
0001506161,numeric_raw_prefix,train,1,0,1,0,0,0,0,0,0,0,0,0,0,0,0,0,0,1,1,0,0
0001506162,numeric_raw_prefix,train,1,0,1,0,0,0,0,0,0,0,0,0,0,0,0,0,0,1,1,0,0
0001506189,numeric_raw_prefix,train,1,0,1,0,0,0,0,0,0,0,0,0,0,0,0,0,0,1,1,0,0
0001506217,numeric_raw_prefix,val,1,0,1,0,0,0,0,0,0,0,0,0,0,0,0,0,0,1,1,0,0
0001506220,numeric_raw_prefix,train,1,0,1,0,0,0,0,0,0,0,0,0,0,0,0,0,0,1,1,0,0
0001506239,numeric_raw_prefix,train,1,0,1,0,0,0,0,0,0,0,0,0,0,0,0,0,0,1,1,0,0
0001506247,numeric_raw_prefix,val,1,0,1,0,0,0,0,0,0,0,0,0,0,0,0,0,0,1,1,0,0
0001506254,numeric_raw_prefix,train,1,0,1,0,0,0,0,0,0,0,0,0,0,0,0,0,0,1,1,0,0
0001506266,numeric_raw_prefix,train,1,0,1,0,0,0,0,0,0,0,0,0,0,0,0,0,0,1,1,0,0
0001507084,numeric_raw_prefix,val,4,0,4,0,0,0,0,0,0,0,0,0,0,0,0,0,0,4,4,0,0
0001507157,numeric_raw_prefix,val,6,0,10,0,0,0,0,0,0,0,0,0,0,0,0,0,0,6,10,0,0
0001507176,numeric_raw_prefix,train,2,0,3,0,0,0,0,0,0,0,0,0,0,0,0,0,0,2,3,0,0
0001507251,numeric_raw_prefix,train,1,0,1,0,0,0,0,0,0,0,0,0,0,0,0,0,0,1,1,0,0
0001507270,numeric_raw_prefix,train,1,0,1,0,0,0,0,0,0,0,0,0,0,0,0,0,0,1,1,0,0
0001507282,numeric_raw_prefix,train,2,0,2,0,0,0,0,0,0,0,0,0,0,0,0,0,0,2,2,0,0
0001507290,numeric_raw_prefix,train,2,0,2,0,0,0,0,0,0,0,0,0,0,0,0,0,0,2,2,0,0
0001507315,numeric_raw_prefix,train,2,0,2,0,0,0,0,0,0,0,0,0,0,0,0,0,0,2,2,0,0
0001507356,numeric_raw_prefix,val,3,0,3,0,0,0,0,0,0,0,0,0,0,0,0,0,0,3,3,0,0
0001507564,numeric_raw_prefix,train,2,0,2,0,0,0,0,0,0,0,0,0,0,0,0,0,0,2,2,0,0
0001507603,numeric_raw_prefix,train,1,0,1,0,0,0,0,0,0,0,0,0,0,0,0,0,0,1,1,0,0
0001507726,numeric_raw_prefix,train,1,0,2,0,0,0,0,0,0,0,0,0,0,0,0,0,0,1,2,0,0
0001508067,numeric_raw_prefix,train,1,0,1,0,0,0,0,0,0,0,0,0,0,0,0,0,0,1,1,0,0
0001508282,numeric_raw_prefix,train,1,0,1,0,0,0,0,0,0,0,0,0,0,0,0,0,0,1,1,0,0
0001508329,numeric_raw_prefix,train,2,0,2,0,0,0,0,0,0,0,0,0,0,0,0,0,0,2,2,0,0
0001508413,numeric_raw_prefix,train,1,0,1,0,0,0,0,0,0,0,0,0,0,0,0,0,0,1,1,0,0
0001508733,numeric_raw_prefix,train,2,2,0,0,0,0,0,0,0,0,0,0,0,0,0,0,0,0,0,0,0
0001508734,numeric_raw_prefix,train,2,2,0,0,0,0,0,0,0,0,0,0,0,0,0,0,0,0,0,0,0
0001508737,numeric_raw_prefix,train,1,1,0,0,0,0,0,0,0,0,0,0,0,0,0,0,0,0,0,0,0
0001508739,numeric_raw_prefix,train,2,0,2,0,0,0,0,0,0,0,0,0,0,0,0,0,0,2,2,0,0
0001508740,numeric_raw_prefix,train,3,3,0,0,0,0,0,0,0,0,0,0,0,0,0,0,0,0,0,0,0
0001508741,numeric_raw_prefix,train,1,1,0,0,0,0,0,0,0,0,0,0,0,0,0,0,0,0,0,0,0
0001508743,numeric_raw_prefix,train,1,0,1,0,0,0,0,0,0,0,0,0,0,0,0,0,0,1,1,0,0
0001508745,numeric_raw_prefix,train,2,0,2,0,0,0,0,0,0,0,0,0,0,0,0,0,0,2,2,0,0
0001508746,numeric_raw_prefix,train,5,3,2,0,0,0,0,0,0,0,0,0,0,0,0,0,0,2,2,0,0
0001508759,numeric_raw_prefix,train,1,1,0,0,0,0,0,0,0,0,0,0,0,0,0,0,0,0,0,0,0
0001508760,numeric_raw_prefix,train,1,0,1,0,0,0,0,0,0,0,0,0,0,0,0,0,0,1,1,0,0
0001508762,numeric_raw_prefix,train,1,1,0,0,0,0,0,0,0,0,0,0,0,0,0,0,0,0,0,0,0
0001508766,numeric_raw_prefix,train,2,1,1,0,0,0,0,0,0,0,0,0,0,0,0,0,0,1,1,0,0
0001508767,numeric_raw_prefix,train,7,7,0,0,0,0,0,0,0,0,0,0,0,0,0,0,0,0,0,0,0
0001508771,numeric_raw_prefix,train,2,2,0,0,0,0,0,0,0,0,0,0,0,0,0,0,0,0,0,0,0
0001508772,numeric_raw_prefix,train,3,3,0,0,0,0,0,0,0,0,0,0,0,0,0,0,0,0,0,0,0
0001508776,numeric_raw_prefix,val,3,3,0,0,0,0,0,0,0,0,0,0,0,0,0,0,0,0,0,0,0
0001508777,numeric_raw_prefix,train,3,3,0,0,0,0,0,0,0,0,0,0,0,0,0,0,0,0,0,0,0
0001508778,numeric_raw_prefix,train,3,3,0,0,0,0,0,0,0,0,0,0,0,0,0,0,0,0,0,0,0
0001508779,numeric_raw_prefix,val,2,2,0,0,0,0,0,0,0,0,0,0,0,0,0,0,0,0,0,0,0
0001508782,numeric_raw_prefix,train,12,12,0,0,0,0,0,0,0,0,0,0,0,0,0,0,0,0,0,0,0
0001508784,numeric_raw_prefix,train,2,2,0,0,0,0,0,0,0,0,0,0,0,0,0,0,0,0,0,0,0
0001508785,numeric_raw_prefix,train,3,3,0,0,0,0,0,0,0,0,0,0,0,0,0,0,0,0,0,0,0
0001508786,numeric_raw_prefix,val,2,2,0,0,0,0,0,0,0,0,0,0,0,0,0,0,0,0,0,0,0
0001508788,numeric_raw_prefix,train,2,2,0,0,0,0,0,0,0,0,0,0,0,0,0,0,0,0,0,0,0
0001508789,numeric_raw_prefix,train,2,2,0,0,0,0,0,0,0,0,0,0,0,0,0,0,0,0,0,0,0
0001508790,numeric_raw_prefix,train,3,3,0,0,0,0,0,0,0,0,0,0,0,0,0,0,0,0,0,0,0
0001508792,numeric_raw_prefix,val,2,2,0,0,0,0,0,0,0,0,0,0,0,0,0,0,0,0,0,0,0
0001508794,numeric_raw_prefix,train,2,2,0,0,0,0,0,0,0,0,0,0,0,0,0,0,0,0,0,0,0
0001508795,numeric_raw_prefix,train,7,7,0,0,0,0,0,0,0,0,0,0,0,0,0,0,0,0,0,0,0
0001508796,numeric_raw_prefix,train,1,1,0,0,0,0,0,0,0,0,0,0,0,0,0,0,0,0,0,0,0
0001508800,numeric_raw_prefix,train,1,1,0,0,0,0,0,0,0,0,0,0,0,0,0,0,0,0,0,0,0
0001508801,numeric_raw_prefix,train,1,1,0,0,0,0,0,0,0,0,0,0,0,0,0,0,0,0,0,0,0
0001508802,numeric_raw_prefix,train,2,2,0,0,0,0,0,0,0,0,0,0,0,0,0,0,0,0,0,0,0
0001508804,numeric_raw_prefix,val,1,1,0,0,0,0,0,0,0,0,0,0,0,0,0,0,0,0,0,0,0
0001508805,numeric_raw_prefix,train,3,3,0,0,0,0,0,0,0,0,0,0,0,0,0,0,0,0,0,0,0
0001508806,numeric_raw_prefix,train,1,1,0,0,0,0,0,0,0,0,0,0,0,0,0,0,0,0,0,0,0
0001508812,numeric_raw_prefix,val,4,4,0,0,0,0,0,0,0,0,0,0,0,0,0,0,0,0,0,0,0
0001508813,numeric_raw_prefix,train,2,2,0,0,0,0,0,0,0,0,0,0,0,0,0,0,0,0,0,0,0
0001508815,numeric_raw_prefix,train,1,1,0,0,0,0,0,0,0,0,0,0,0,0,0,0,0,0,0,0,0
0001508817,numeric_raw_prefix,train,2,2,0,0,0,0,0,0,0,0,0,0,0,0,0,0,0,0,0,0,0
0001508819,numeric_raw_prefix,train,1,1,0,0,0,0,0,0,0,0,0,0,0,0,0,0,0,0,0,0,0
0001508820,numeric_raw_prefix,train,1,1,0,0,0,0,0,0,0,0,0,0,0,0,0,0,0,0,0,0,0
0001508821,numeric_raw_prefix,train,1,1,0,0,0,0,0,0,0,0,0,0,0,0,0,0,0,0,0,0,0
0001508822,numeric_raw_prefix,train,1,1,0,0,0,0,0,0,0,0,0,0,0,0,0,0,0,0,0,0,0
0001508823,numeric_raw_prefix,train,10,10,0,0,0,0,0,0,0,0,0,0,0,0,0,0,0,0,0,0,0
0001508836,numeric_raw_prefix,val,1,0,1,0,0,0,0,0,0,0,0,0,0,0,0,0,0,1,1,0,0
0001508838,numeric_raw_prefix,train,1,1,0,0,0,0,0,0,0,0,0,0,0,0,0,0,0,0,0,0,0
0001508839,numeric_raw_prefix,train,1,1,0,0,0,0,0,0,0,0,0,0,0,0,0,0,0,0,0,0,0
0001508842,numeric_raw_prefix,train,1,1,0,0,0,0,0,0,0,0,0,0,0,0,0,0,0,0,0,0,0
0001508858,numeric_raw_prefix,train,1,1,0,0,0,0,0,0,0,0,0,0,0,0,0,0,0,0,0,0,0
0001508859,numeric_raw_prefix,train,1,1,0,0,0,0,0,0,0,0,0,0,0,0,0,0,0,0,0,0,0
0001508867,numeric_raw_prefix,train,2,2,0,0,0,0,0,0,0,0,0,0,0,0,0,0,0,0,0,0,0
0001508873,numeric_raw_prefix,train,1,1,0,0,0,0,0,0,0,0,0,0,0,0,0,0,0,0,0,0,0
0001508878,numeric_raw_prefix,val,1,1,0,0,0,0,0,0,0,0,0,0,0,0,0,0,0,0,0,0,0
0001508879,numeric_raw_prefix,train,3,3,0,0,0,0,0,0,0,0,0,0,0,0,0,0,0,0,0,0,0
0001508880,numeric_raw_prefix,train,2,2,0,0,0,0,0,0,0,0,0,0,0,0,0,0,0,0,0,0,0
0001508881,numeric_raw_prefix,train,4,4,0,0,0,0,0,0,0,0,0,0,0,0,0,0,0,0,0,0,0
0001508883,numeric_raw_prefix,train,1,0,1,0,0,0,0,0,0,0,0,0,0,0,0,0,0,1,1,0,0
0001508884,numeric_raw_prefix,train,1,1,0,0,0,0,0,0,0,0,0,0,0,0,0,0,0,0,0,0,0
0001508886,numeric_raw_prefix,train,1,1,0,0,0,0,0,0,0,0,0,0,0,0,0,0,0,0,0,0,0
0001508887,numeric_raw_prefix,train,1,1,0,0,0,0,0,0,0,0,0,0,0,0,0,0,0,0,0,0,0
0001508888,numeric_raw_prefix,val,5,5,0,0,0,0,0,0,0,0,0,0,0,0,0,0,0,0,0,0,0
0001508890,numeric_raw_prefix,train,1,1,0,0,0,0,0,0,0,0,0,0,0,0,0,0,0,0,0,0,0
0001508892,numeric_raw_prefix,train,2,2,0,0,0,0,0,0,0,0,0,0,0,0,0,0,0,0,0,0,0
0001508896,numeric_raw_prefix,val,1,1,0,0,0,0,0,0,0,0,0,0,0,0,0,0,0,0,0,0,0
0001508901,numeric_raw_prefix,train,1,1,0,0,0,0,0,0,0,0,0,0,0,0,0,0,0,0,0,0,0
0001508902,numeric_raw_prefix,train,3,3,0,0,0,0,0,0,0,0,0,0,0,0,0,0,0,0,0,0,0
0001508904,numeric_raw_prefix,train,2,2,0,0,0,0,0,0,0,0,0,0,0,0,0,0,0,0,0,0,0
0001509551,numeric_raw_prefix,train,1,0,1,1,1,0,0,0,0,0,0,0,0,0,0,0,0,0,0,0,0
0001509560,numeric_raw_prefix,train,1,0,1,0,0,0,0,0,0,0,0,0,0,0,0,0,0,1,1,0,0
0001509600,numeric_raw_prefix,train,1,0,1,1,1,0,0,0,0,0,0,0,0,0,0,0,0,0,0,0,0
0001509744,numeric_raw_prefix,train,1,0,1,1,1,0,0,0,0,0,0,0,0,0,0,0,0,0,0,0,0
0001510003,numeric_raw_prefix,train,1,0,1,0,0,0,0,0,0,0,0,0,0,0,0,1,1,0,0,0,0
0001510321,numeric_raw_prefix,train,1,0,1,0,0,0,0,0,0,0,0,0,0,0,0,0,0,1,1,0,0
0001510322,numeric_raw_prefix,train,1,0,1,0,0,0,0,0,0,0,0,0,0,0,0,0,0,1,1,0,0
0001510354,numeric_raw_prefix,train,1,0,1,0,0,0,0,0,0,0,0,1,1,0,0,0,0,0,0,0,0
0001510988,numeric_raw_prefix,train,1,0,1,0,0,0,0,0,0,0,0,1,1,0,0,0,0,0,0,0,0
0001511851,numeric_raw_prefix,train,1,0,1,0,0,0,0,0,0,0,0,0,0,0,0,0,0,1,1,0,0
0001511954,numeric_raw_prefix,train,1,0,1,0,0,0,0,0,0,0,0,0,0,0,0,0,0,1,1,0,0
0001512171,numeric_raw_prefix,train,1,0,2,0,0,0,0,0,0,0,0,0,0,0,0,0,0,1,2,0,0
0001513024,numeric_raw_prefix,train,2,0,2,0,0,0,0,0,0,0,0,0,0,0,0,0,0,2,2,0,0
0001513181,numeric_raw_prefix,train,1,0,1,0,0,0,0,0,0,0,0,0,0,0,0,0,0,1,1,0,0
0001513231,numeric_raw_prefix,val,1,0,1,0,0,0,0,0,0,0,0,0,0,0,0,0,0,1,1,0,0
0001513233,numeric_raw_prefix,train,1,0,1,0,0,0,0,0,0,0,0,0,0,0,0,0,0,1,1,0,0
0001513292,numeric_raw_prefix,val,3,0,5,0,0,0,0,0,0,0,0,0,0,0,0,0,0,3,5,0,0
0001513322,numeric_raw_prefix,train,1,0,1,0,0,0,0,0,0,0,0,0,0,0,0,0,0,1,1,0,0
0001513323,numeric_raw_prefix,train,1,0,1,0,0,0,0,0,0,0,0,0,0,0,0,0,0,1,1,0,0
0001513324,numeric_raw_prefix,train,2,0,2,0,0,0,0,0,0,0,0,0,0,0,0,0,0,2,2,0,0
0001513327,numeric_raw_prefix,train,1,0,1,0,0,0,0,0,0,0,0,0,0,0,0,0,0,1,1,0,0
0001513328,numeric_raw_prefix,train,1,0,2,0,0,0,0,0,0,0,0,0,0,0,0,0,0,1,2,0,0
0001513329,numeric_raw_prefix,train,2,0,2,0,0,0,0,0,0,0,0,0,0,0,0,0,0,2,2,0,0
0001513347,numeric_raw_prefix,train,1,0,1,0,0,0,0,0,0,0,0,0,0,0,0,0,0,1,1,0,0
0001513348,numeric_raw_prefix,train,2,0,3,0,0,0,0,0,0,0,0,0,0,0,0,0,0,2,3,0,0
0001513352,numeric_raw_prefix,train,2,0,2,0,0,0,0,0,0,0,0,0,0,0,0,0,0,2,2,0,0
0001513366,numeric_raw_prefix,train,1,0,1,0,0,0,0,0,0,0,0,0,0,0,0,0,0,1,1,0,0
0001513419,numeric_raw_prefix,train,4,0,4,0,0,0,0,0,0,0,0,0,0,0,0,0,0,4,4,0,0
0001513420,numeric_raw_prefix,train,4,0,5,0,0,0,0,0,0,0,0,0,0,0,0,0,0,4,5,0,0
0001513422,numeric_raw_prefix,train,1,0,1,0,0,0,0,0,0,0,0,0,0,0,0,0,0,1,1,0,0
0001513424,numeric_raw_prefix,train,1,0,2,0,0,0,0,0,0,0,0,0,0,0,0,0,0,1,2,0,0
0001513428,numeric_raw_prefix,train,1,0,1,0,0,0,0,0,0,0,0,0,0,0,0,0,0,1,1,0,0
0001513462,numeric_raw_prefix,val,2,0,2,0,0,0,0,0,0,0,0,0,0,0,0,0,0,2,2,0,0
0001513466,numeric_raw_prefix,train,1,0,1,0,0,0,0,0,0,0,0,0,0,0,0,0,0,1,1,0,0
0001513508,numeric_raw_prefix,train,1,0,1,0,0,0,0,0,0,0,0,0,0,0,0,0,0,1,1,0,0
0001513536,numeric_raw_prefix,train,3,0,8,0,0,0,0,0,0,0,0,0,0,0,0,0,0,3,8,0,0
0001513537,numeric_raw_prefix,train,1,0,1,0,0,0,0,0,0,0,0,0,0,0,0,0,0,1,1,0,0
0001513539,numeric_raw_prefix,train,4,0,5,0,0,0,0,0,0,0,0,0,0,0,0,0,0,4,5,0,0
0001513551,numeric_raw_prefix,train,4,0,4,0,0,0,0,0,0,0,0,0,0,0,0,0,0,4,4,0,0
0001513553,numeric_raw_prefix,train,1,0,1,0,0,0,0,0,0,0,0,0,0,0,0,0,0,1,1,0,0
0001513616,numeric_raw_prefix,train,1,0,1,0,0,0,0,0,0,0,0,0,0,0,0,0,0,1,1,0,0
0001513619,numeric_raw_prefix,train,1,0,1,0,0,0,0,0,0,0,0,0,0,0,0,0,0,1,1,0,0
0001513691,numeric_raw_prefix,train,4,0,13,0,0,0,0,0,0,0,0,0,0,0,0,0,0,4,13,0,0
0001513696,numeric_raw_prefix,train,1,0,2,0,0,0,0,0,0,0,0,0,0,0,0,0,0,1,2,0,0
0001513813,numeric_raw_prefix,val,1,0,2,0,0,0,0,0,0,0,0,0,0,0,0,0,0,1,2,0,0
0001517512,numeric_raw_prefix,train,1,0,1,0,0,0,0,0,0,0,0,1,1,0,0,0,0,0,0,0,0
0001517732,numeric_raw_prefix,train,1,0,2,0,0,0,0,0,0,0,0,0,0,0,0,1,2,0,0,0,0
0001518218,numeric_raw_prefix,train,1,0,1,1,1,0,0,0,0,0,0,0,0,0,0,0,0,0,0,0,0
0001520437,numeric_raw_prefix,train,1,0,1,1,1,0,0,0,0,0,0,0,0,0,0,0,0,0,0,0,0
0001520526,numeric_raw_prefix,train,1,0,1,0,0,0,0,0,0,0,0,0,0,0,0,1,1,0,0,0,0
0001523797,numeric_raw_prefix,train,1,0,1,1,1,0,0,0,0,0,0,0,0,0,0,0,0,0,0,0,0
0001523868,numeric_raw_prefix,train,1,0,2,0,0,1,2,0,0,0,0,0,0,0,0,0,0,0,0,0,0
0001524056,numeric_raw_prefix,val,1,0,1,1,1,0,0,0,0,0,0,0,0,0,0,0,0,0,0,0,0
0001525650,numeric_raw_prefix,train,1,0,1,0,0,0,0,0,0,0,0,1,1,0,0,0,0,0,0,0,0
0001527444,numeric_raw_prefix,train,1,0,1,0,0,0,0,0,0,0,0,0,0,0,0,1,1,0,0,0,0
C1088360,c_specimen,train,2,0,2,0,0,0,0,0,0,0,0,2,2,0,0,0,0,0,0,0,0
C1088367,c_specimen,train,1,0,2,0,0,0,0,0,0,0,0,1,1,0,0,0,0,0,0,1,1
C1088412,c_specimen,train,1,0,3,1,1,0,0,0,0,0,0,1,1,1,1,0,0,0,0,0,0
C1088455,c_specimen,train,1,0,2,0,0,0,0,0,0,0,0,1,2,0,0,0,0,0,0,0,0
C1088540,c_specimen,train,1,0,4,1,4,0,0,0,0,0,0,0,0,0,0,0,0,0,0,0,0
C1088584,c_specimen,train,2,0,3,0,0,0,0,0,0,0,0,2,2,0,0,0,0,1,1,0,0
C1088597,c_specimen,train,2,0,2,0,0,0,0,0,0,0,0,2,2,0,0,0,0,0,0,0,0
C1088600,c_specimen,val,2,0,4,0,0,0,0,0,0,0,0,2,2,0,0,0,0,1,2,0,0
C1088614,c_specimen,train,1,0,1,0,0,0,0,0,0,0,0,1,1,0,0,0,0,0,0,0,0
C1088663,c_specimen,train,1,0,1,0,0,0,0,0,0,1,1,0,0,0,0,0,0,0,0,0,0
C1088701,c_specimen,train,1,0,3,0,0,0,0,0,0,0,0,0,0,0,0,1,3,0,0,0,0
C1088705,c_specimen,train,1,0,1,0,0,0,0,0,0,0,0,1,1,0,0,0,0,0,0,0,0
C1088719,c_specimen,train,1,0,1,1,1,0,0,0,0,0,0,0,0,0,0,0,0,0,0,0,0
C1088745,c_specimen,train,2,0,2,2,2,0,0,0,0,0,0,0,0,0,0,0,0,0,0,0,0
C1088762,c_specimen,train,1,0,5,1,3,0,0,0,0,0,0,1,2,0,0,0,0,0,0,0,0
C1088764,c_specimen,train,1,0,1,0,0,0,0,0,0,0,0,1,1,0,0,0,0,0,0,0,0
C1088771,c_specimen,train,1,0,1,1,1,0,0,0,0,0,0,0,0,0,0,0,0,0,0,0,0
C1088772,c_specimen,train,2,0,6,2,3,0,0,0,0,0,0,2,3,0,0,0,0,0,0,0,0
C1088784,c_specimen,val,1,0,1,1,1,0,0,0,0,0,0,0,0,0,0,0,0,0,0,0,0
C1088785,c_specimen,train,1,0,3,1,3,0,0,0,0,0,0,0,0,0,0,0,0,0,0,0,0
C1088794,c_specimen,train,1,0,1,1,1,0,0,0,0,0,0,0,0,0,0,0,0,0,0,0,0
C1088795,c_specimen,train,2,0,5,2,5,0,0,0,0,0,0,0,0,0,0,0,0,0,0,0,0
C1088812,c_specimen,train,1,0,2,0,0,0,0,0,0,1,1,1,1,0,0,0,0,0,0,0,0
C1088820,c_specimen,train,1,0,2,1,2,0,0,0,0,0,0,0,0,0,0,0,0,0,0,0,0
C1088854,c_specimen,train,1,0,1,1,1,0,0,0,0,0,0,0,0,0,0,0,0,0,0,0,0
C1088941,c_specimen,train,2,0,10,2,4,0,0,0,0,0,0,2,5,0,0,0,0,1,1,0,0
C1088950,c_specimen,train,1,0,1,0,0,0,0,0,0,1,1,0,0,0,0,0,0,0,0,0,0
C1089043,c_specimen,train,1,0,2,1,2,0,0,0,0,0,0,0,0,0,0,0,0,0,0,0,0
C1089062,c_specimen,train,1,0,1,0,0,0,0,0,0,0,0,1,1,0,0,0,0,0,0,0,0
C1089079,c_specimen,train,1,0,1,1,1,0,0,0,0,0,0,0,0,0,0,0,0,0,0,0,0
C1089123,c_specimen,train,1,0,1,0,0,0,0,0,0,0,0,1,1,0,0,0,0,0,0,0,0
C1089208,c_specimen,train,2,0,4,0,0,0,0,0,0,0,0,2,3,0,0,0,0,1,1,0,0
C1089211,c_specimen,train,1,0,1,0,0,0,0,0,0,0,0,1,1,0,0,0,0,0,0,0,0
C1089267,c_specimen,train,1,0,2,1,1,1,1,0,0,0,0,0,0,0,0,0,0,0,0,0,0
C1089313,c_specimen,train,3,0,10,3,6,0,0,0,0,0,0,2,4,0,0,0,0,0,0,0,0
C1089314,c_specimen,train,1,0,1,0,0,0,0,0,0,0,0,1,1,0,0,0,0,0,0,0,0
C1089315,c_specimen,val,1,0,2,0,0,0,0,0,0,0,0,1,2,0,0,0,0,0,0,0,0
C1089316,c_specimen,train,1,0,2,1,2,0,0,0,0,0,0,0,0,0,0,0,0,0,0,0,0
C1089333,c_specimen,train,1,0,1,0,0,0,0,0,0,0,0,0,0,0,0,1,1,0,0,0,0
C1089343,c_specimen,val,2,0,7,2,4,0,0,0,0,0,0,1,3,0,0,0,0,0,0,0,0
C1089345,c_specimen,train,1,0,1,0,0,0,0,0,0,0,0,0,0,0,0,1,1,0,0,0,0
C1089346,c_specimen,train,2,0,6,2,5,0,0,0,0,0,0,1,1,0,0,0,0,0,0,0,0
C1089366,c_specimen,train,1,0,4,1,2,0,0,0,0,0,0,1,2,0,0,0,0,0,0,0,0
C1089388,c_specimen,train,1,0,1,1,1,0,0,0,0,0,0,0,0,0,0,0,0,0,0,0,0
C1089449,c_specimen,train,2,0,6,2,2,0,0,0,0,1,4,0,0,0,0,0,0,0,0,0,0
C1089489,c_specimen,train,2,0,3,2,2,0,0,0,0,0,0,1,1,0,0,0,0,0,0,0,0
C1089574,c_specimen,train,1,0,3,1,1,0,0,0,0,0,0,0,0,0,0,0,0,1,2,0,0
C1089625,c_specimen,train,1,0,1,1,1,0,0,0,0,0,0,0,0,0,0,0,0,0,0,0,0
C1090581,c_specimen,train,1,0,1,0,0,0,0,0,0,0,0,1,1,0,0,0,0,0,0,0,0
C1090665,c_specimen,train,1,0,1,0,0,0,0,0,0,0,0,1,1,0,0,0,0,0,0,0,0
C1090687,c_specimen,val,1,0,1,1,1,0,0,0,0,0,0,0,0,0,0,0,0,0,0,0,0
C1090689,c_specimen,train,1,0,2,0,0,0,0,0,0,0,0,0,0,0,0,1,1,1,1,0,0
C1090717,c_specimen,train,1,0,1,0,0,0,0,0,0,1,1,0,0,0,0,0,0,0,0,0,0
C1090719,c_specimen,train,1,0,1,0,0,0,0,0,0,1,1,0,0,0,0,0,0,0,0,0,0
C1090720,c_specimen,train,1,0,3,0,0,0,0,0,0,1,3,0,0,0,0,0,0,0,0,0,0
C1090818,c_specimen,train,1,0,4,1,4,0,0,0,0,0,0,0,0,0,0,0,0,0,0,0,0
C1090855,c_specimen,train,1,0,1,1,1,0,0,0,0,0,0,0,0,0,0,0,0,0,0,0,0
C1090871,c_specimen,train,2,0,2,1,1,0,0,0,0,0,0,1,1,0,0,0,0,0,0,0,0
C1090908,c_specimen,train,2,0,7,1,1,0,0,0,0,0,0,2,6,0,0,0,0,0,0,0,0
C1091030,c_specimen,train,4,0,24,0,0,0,0,0,0,4,24,0,0,0,0,0,0,0,0,0,0
C1091031,c_specimen,train,2,0,5,0,0,0,0,0,0,2,5,0,0,0,0,0,0,0,0,0,0
C1091032,c_specimen,train,3,0,8,0,0,0,0,0,0,3,7,0,0,0,0,0,0,1,1,0,0
C1091130,c_specimen,train,1,0,1,0,0,0,0,0,0,0,0,1,1,0,0,0,0,0,0,0,0
C1091135,c_specimen,train,1,0,2,1,2,0,0,0,0,0,0,0,0,0,0,0,0,0,0,0,0
C1091137,c_specimen,val,1,0,1,1,1,0,0,0,0,0,0,0,0,0,0,0,0,0,0,0,0
C1091230,c_specimen,train,1,0,2,0,0,1,2,0,0,0,0,0,0,0,0,0,0,0,0,0,0
C1091238,c_specimen,train,1,0,2,0,0,1,2,0,0,0,0,0,0,0,0,0,0,0,0,0,0
C1091255,c_specimen,train,2,0,4,2,4,0,0,0,0,0,0,0,0,0,0,0,0,0,0,0,0
C1091262,c_specimen,train,1,0,2,0,0,1,2,0,0,0,0,0,0,0,0,0,0,0,0,0,0
C1091283,c_specimen,train,4,0,11,0,0,4,11,0,0,0,0,0,0,0,0,0,0,0,0,0,0
C1091305,c_specimen,train,1,0,2,0,0,0,0,0,0,0,0,1,2,0,0,0,0,0,0,0,0
C1091356,c_specimen,train,3,0,6,0,0,2,3,0,0,1,1,0,0,0,0,0,0,2,2,0,0
C1091358,c_specimen,train,2,0,8,0,0,2,5,0,0,0,0,0,0,0,0,0,0,2,3,0,0
C1091359,c_specimen,train,1,0,3,0,0,1,1,0,0,0,0,0,0,0,0,0,0,1,2,0,0
C1091360,c_specimen,train,2,0,8,0,0,2,4,0,0,0,0,0,0,0,0,0,0,1,4,0,0
C1091361,c_specimen,train,2,0,3,0,0,2,3,0,0,0,0,0,0,0,0,0,0,0,0,0,0
C1091440,c_specimen,val,1,0,2,1,1,0,0,0,0,0,0,1,1,0,0,0,0,0,0,0,0
C1091465,c_specimen,train,1,0,3,0,0,0,0,0,0,0,0,1,3,0,0,0,0,0,0,0,0
C1091477,c_specimen,train,1,0,1,1,1,0,0,0,0,0,0,0,0,0,0,0,0,0,0,0,0
C1091479,c_specimen,train,2,0,3,0,0,0,0,0,0,0,0,2,2,0,0,1,1,0,0,0,0
C1091480,c_specimen,val,1,0,1,0,0,0,0,0,0,1,1,0,0,0,0,0,0,0,0,0,0
C1091548,c_specimen,train,1,0,1,1,1,0,0,0,0,0,0,0,0,0,0,0,0,0,0,0,0
C1091551,c_specimen,train,1,0,1,0,0,0,0,0,0,0,0,1,1,0,0,0,0,0,0,0,0
C1091580,c_specimen,train,1,0,1,0,0,0,0,0,0,0,0,1,1,0,0,0,0,0,0,0,0
C1091699,c_specimen,train,1,0,4,0,0,1,2,0,0,0,0,0,0,0,0,0,0,1,2,0,0
C1091702,c_specimen,train,3,0,5,0,0,3,4,0,0,0,0,0,0,0,0,0,0,1,1,0,0
C1091712,c_specimen,train,1,0,1,0,0,0,0,0,0,0,0,1,1,0,0,0,0,0,0,0,0
C1091728,c_specimen,train,1,0,1,0,0,0,0,0,0,0,0,1,1,0,0,0,0,0,0,0,0
C1092493,c_specimen,train,1,0,2,0,0,1,2,0,0,0,0,0,0,0,0,0,0,0,0,0,0
C1092494,c_specimen,train,3,0,5,0,0,3,5,0,0,0,0,0,0,0,0,0,0,0,0,0,0
C1093256,c_specimen,train,1,0,2,1,1,1,1,0,0,0,0,0,0,0,0,0,0,0,0,0,0
C1093258,c_specimen,train,1,0,4,0,0,1,2,0,0,0,0,0,0,0,0,0,0,1,2,0,0
C1094877,c_specimen,train,1,0,2,0,0,1,2,0,0,0,0,0,0,0,0,0,0,0,0,0,0
C1095342,c_specimen,train,1,0,3,0,0,1,3,0,0,0,0,0,0,0,0,0,0,0,0,0,0
C1095343,c_specimen,train,1,0,2,0,0,1,2,0,0,0,0,0,0,0,0,0,0,0,0,0,0
C1095666,c_specimen,train,1,0,6,0,0,1,2,0,0,0,0,0,0,0,0,0,0,1,4,0,0
C1096335,c_specimen,train,1,0,2,0,0,1,2,0,0,0,0,0,0,0,0,0,0,0,0,0,0
C1097967,c_specimen,train,1,0,3,0,0,1,3,0,0,0,0,0,0,0,0,0,0,0,0,0,0
C1097978,c_specimen,train,1,0,4,0,0,1,2,0,0,0,0,0,0,0,0,1,1,1,1,0,0
C1098590,c_specimen,val,3,0,8,0,0,3,7,0,0,0,0,0,0,0,0,0,0,1,1,0,0
C1098591,c_specimen,train,2,0,9,0,0,2,9,0,0,0,0,0,0,0,0,0,0,0,0,0,0
C1098641,c_specimen,train,1,0,2,0,0,1,2,0,0,0,0,0,0,0,0,0,0,0,0,0,0
C1101762,c_specimen,train,1,0,2,0,0,1,1,0,0,1,1,0,0,0,0,0,0,0,0,0,0
C1103594,c_specimen,train,1,0,1,1,1,0,0,0,0,0,0,0,0,0,0,0,0,0,0,0,0
C1103665,c_specimen,train,2,0,3,2,3,0,0,0,0,0,0,0,0,0,0,0,0,0,0,0,0
C1103717,c_specimen,train,1,0,1,0,0,0,0,0,0,0,0,1,1,0,0,0,0,0,0,0,0
C1103980,c_specimen,train,1,0,2,1,2,0,0,0,0,0,0,0,0,0,0,0,0,0,0,0,0
C1104076,c_specimen,train,1,0,1,0,0,0,0,0,0,0,0,1,1,0,0,0,0,0,0,0,0
C1104224,c_specimen,train,1,0,1,0,0,1,1,0,0,0,0,0,0,0,0,0,0,0,0,0,0
C1104225,c_specimen,train,1,0,1,1,1,0,0,0,0,0,0,0,0,0,0,0,0,0,0,0,0
C1104278,c_specimen,train,2,0,3,1,1,0,0,0,0,0,0,2,2,0,0,0,0,0,0,0,0
C1104325,c_specimen,train,2,0,6,0,0,0,0,0,0,0,0,2,2,0,0,1,4,0,0,0,0
C1104402,c_specimen,train,1,0,2,1,2,0,0,0,0,0,0,0,0,0,0,0,0,0,0,0,0
C1104478,c_specimen,train,1,0,1,0,0,0,0,0,0,0,0,1,1,0,0,0,0,0,0,0,0
C1104611,c_specimen,train,2,0,6,1,3,0,0,0,0,0,0,1,1,0,0,1,1,0,0,1,1
C1104613,c_specimen,train,1,0,2,1,1,0,0,0,0,0,0,1,1,0,0,0,0,0,0,0,0
C1104648,c_specimen,val,1,0,5,1,1,0,0,0,0,0,0,1,4,0,0,0,0,0,0,0,0
C1104691,c_specimen,train,1,0,1,1,1,0,0,0,0,0,0,0,0,0,0,0,0,0,0,0,0
C1104694,c_specimen,train,2,0,2,0,0,0,0,0,0,0,0,2,2,0,0,0,0,0,0,0,0
C1104733,c_specimen,train,1,0,1,1,1,0,0,0,0,0,0,0,0,0,0,0,0,0,0,0,0
C1104738,c_specimen,train,1,0,1,0,0,0,0,0,0,0,0,1,1,0,0,0,0,0,0,0,0
C1104761,c_specimen,train,2,0,5,0,0,2,5,0,0,0,0,0,0,0,0,0,0,0,0,0,0
C1104873,c_specimen,train,1,0,1,0,0,0,0,0,0,0,0,1,1,0,0,0,0,0,0,0,0
C1109514,c_specimen,train,1,0,1,1,1,0,0,0,0,0,0,0,0,0,0,0,0,0,0,0,0
C1109532,c_specimen,train,1,0,1,1,1,0,0,0,0,0,0,0,0,0,0,0,0,0,0,0,0
C1109549,c_specimen,val,2,0,5,0,0,0,0,0,0,0,0,1,3,0,0,1,1,1,1,0,0
C1109556,c_specimen,val,1,0,1,0,0,0,0,0,0,0,0,1,1,0,0,0,0,0,0,0,0
C1109564,c_specimen,train,1,0,1,0,0,0,0,0,0,0,0,1,1,0,0,0,0,0,0,0,0
C1109567,c_specimen,train,1,0,1,0,0,0,0,0,0,0,0,1,1,0,0,0,0,0,0,0,0
C1109632,c_specimen,train,1,0,4,1,4,0,0,0,0,0,0,0,0,0,0,0,0,0,0,0,0
C1109672,c_specimen,train,1,0,1,1,1,0,0,0,0,0,0,0,0,0,0,0,0,0,0,0,0
C1109701,c_specimen,train,3,0,5,0,0,3,4,0,0,0,0,0,0,0,0,0,0,1,1,0,0
C1109702,c_specimen,val,5,0,11,0,0,5,9,0,0,0,0,0,0,0,0,0,0,1,2,0,0
C1109977,c_specimen,train,1,0,1,0,0,0,0,0,0,0,0,1,1,0,0,0,0,0,0,0,0
C1109988,c_specimen,train,1,0,1,0,0,0,0,0,0,0,0,1,1,0,0,0,0,0,0,0,0
C1110103,c_specimen,val,1,0,1,0,0,0,0,0,0,0,0,1,1,0,0,0,0,0,0,0,0
C1110182,c_specimen,train,1,0,1,1,1,0,0,0,0,0,0,0,0,0,0,0,0,0,0,0,0
C1110259,c_specimen,train,1,0,2,0,0,0,0,0,0,0,0,1,1,0,0,0,0,1,1,0,0
C1110279,c_specimen,train,1,0,2,0,0,0,0,0,0,0,0,1,1,0,0,0,0,1,1,0,0
C1110315,c_specimen,train,1,0,1,0,0,0,0,0,0,0,0,1,1,0,0,0,0,0,0,0,0
C1110318,c_specimen,train,1,0,1,0,0,0,0,0,0,0,0,1,1,0,0,0,0,0,0,0,0
C1110379,c_specimen,val,1,0,1,1,1,0,0,0,0,0,0,0,0,0,0,0,0,0,0,0,0
C1110461,c_specimen,train,1,0,1,0,0,0,0,0,0,0,0,1,1,0,0,0,0,0,0,0,0
C1110698,c_specimen,train,1,0,4,1,4,0,0,0,0,0,0,0,0,0,0,0,0,0,0,0,0
C1110746,c_specimen,train,1,0,3,1,3,0,0,0,0,0,0,0,0,0,0,0,0,0,0,0,0
C1110807,c_specimen,train,1,0,3,0,0,1,2,0,0,0,0,0,0,0,0,0,0,1,1,0,0
C1110808,c_specimen,train,2,0,10,0,0,2,4,0,0,0,0,0,0,0,0,0,0,2,6,0,0
C1111005,c_specimen,train,1,0,1,0,0,0,0,0,0,0,0,0,0,0,0,1,1,0,0,0,0
C1111104,c_specimen,train,1,0,1,0,0,0,0,0,0,0,0,0,0,0,0,1,1,0,0,0,0
C1111280,c_specimen,train,2,0,2,0,0,0,0,0,0,0,0,0,0,0,0,2,2,0,0,0,0
C1111298,c_specimen,train,2,0,3,0,0,0,0,0,0,0,0,0,0,0,0,2,2,1,1,0,0
C1111299,c_specimen,train,1,0,1,0,0,0,0,0,0,0,0,0,0,0,0,1,1,0,0,0,0
C1111317,c_specimen,train,1,0,2,1,2,0,0,0,0,0,0,0,0,0,0,0,0,0,0,0,0
C1111437,c_specimen,train,2,0,4,1,1,0,0,0,0,0,0,1,3,0,0,0,0,0,0,0,0
C1111452,c_specimen,train,1,0,1,1,1,0,0,0,0,0,0,0,0,0,0,0,0,0,0,0,0
C1111463,c_specimen,train,1,0,1,0,0,0,0,0,0,0,0,1,1,0,0,0,0,0,0,0,0
C1111487,c_specimen,train,2,0,3,0,0,1,1,0,0,0,0,1,2,0,0,0,0,0,0,0,0
C1111512,c_specimen,train,1,0,5,1,5,0,0,0,0,0,0,0,0,0,0,0,0,0,0,0,0
C1111523,c_specimen,train,4,0,7,1,1,0,0,0,0,0,0,4,6,0,0,0,0,0,0,0,0
C1111524,c_specimen,train,1,0,2,0,0,0,0,0,0,0,0,1,2,0,0,0,0,0,0,0,0
C1111538,c_specimen,train,1,0,4,0,0,0,0,0,0,0,0,0,0,0,0,1,1,1,3,0,0
C1111776,c_specimen,train,1,0,5,0,0,0,0,0,0,0,0,0,0,0,0,1,2,1,3,0,0
C1112690,c_specimen,train,1,0,3,0,0,1,1,0,0,0,0,1,1,0,0,0,0,1,1,0,0
C1112712,c_specimen,train,1,0,1,0,0,0,0,0,0,0,0,1,1,0,0,0,0,0,0,0,0
C1112716,c_specimen,train,1,0,1,1,1,0,0,0,0,0,0,0,0,0,0,0,0,0,0,0,0
C1112737,c_specimen,train,1,0,1,0,0,0,0,0,0,0,0,1,1,0,0,0,0,0,0,0,0
C1112746,c_specimen,train,1,0,2,0,0,1,2,0,0,0,0,0,0,0,0,0,0,0,0,0,0
C1112805,c_specimen,train,1,0,1,1,1,0,0,0,0,0,0,0,0,0,0,0,0,0,0,0,0
C1112806,c_specimen,train,1,0,1,1,1,0,0,0,0,0,0,0,0,0,0,0,0,0,0,0,0
C1112840,c_specimen,train,1,0,2,0,0,1,2,0,0,0,0,0,0,0,0,0,0,0,0,0,0
C1112907,c_specimen,val,3,0,4,0,0,0,0,0,0,3,4,0,0,0,0,0,0,0,0,0,0
C1112961,c_specimen,train,1,0,1,1,1,0,0,0,0,0,0,0,0,0,0,0,0,0,0,0,0
C1112973,c_specimen,train,1,0,1,0,0,0,0,0,0,0,0,1,1,0,0,0,0,0,0,0,0
C1112996,c_specimen,train,1,0,2,0,0,0,0,0,0,0,0,1,1,0,0,0,0,1,1,0,0
C1113004,c_specimen,train,1,0,3,0,0,0,0,0,0,0,0,0,0,0,0,1,3,0,0,0,0
C1113006,c_specimen,train,1,0,1,0,0,0,0,0,0,0,0,0,0,0,0,1,1,0,0,0,0
C1113014,c_specimen,train,1,0,2,0,0,0,0,0,0,0,0,1,2,0,0,0,0,0,0,0,0
C1113610,c_specimen,train,1,0,1,0,0,1,1,0,0,0,0,0,0,0,0,0,0,0,0,0,0
C1113907,c_specimen,train,1,0,1,1,1,0,0,0,0,0,0,0,0,0,0,0,0,0,0,0,0
C1113952,c_specimen,train,1,0,7,1,7,0,0,0,0,0,0,0,0,0,0,0,0,0,0,0,0
C1114100,c_specimen,train,1,0,1,0,0,0,0,0,0,0,0,1,1,0,0,0,0,0,0,0,0
C1114173,c_specimen,train,1,0,3,1,3,0,0,0,0,0,0,0,0,0,0,0,0,0,0,0,0
C1114209,c_specimen,train,1,0,2,1,2,0,0,0,0,0,0,0,0,0,0,0,0,0,0,0,0
C1114246,c_specimen,train,1,0,1,0,0,0,0,0,0,0,0,1,1,0,0,0,0,0,0,0,0
C1114270,c_specimen,train,1,0,2,0,0,0,0,0,0,0,0,1,2,0,0,0,0,0,0,0,0
C1114275,c_specimen,train,1,0,1,0,0,0,0,0,0,0,0,1,1,0,0,0,0,0,0,0,0
C1114284,c_specimen,train,2,0,2,0,0,0,0,0,0,0,0,2,2,0,0,0,0,0,0,0,0
C1114300,c_specimen,train,2,0,4,2,3,0,0,0,0,0,0,1,1,0,0,0,0,0,0,0,0
C1114301,c_specimen,train,1,0,2,1,1,0,0,0,0,0,0,1,1,0,0,0,0,0,0,0,0
C1114305,c_specimen,train,1,0,1,0,0,0,0,0,0,0,0,1,1,0,0,0,0,0,0,0,0
C1114317,c_specimen,train,1,0,2,1,2,0,0,0,0,0,0,0,0,0,0,0,0,0,0,0,0
C1114335,c_specimen,train,1,0,1,0,0,1,1,0,0,0,0,0,0,0,0,0,0,0,0,0,0
C1114336,c_specimen,train,2,0,2,0,0,2,2,0,0,0,0,0,0,0,0,0,0,0,0,0,0
C1122549,c_specimen,train,3,0,5,0,0,3,5,0,0,0,0,0,0,0,0,0,0,0,0,0,0
C1122863,c_specimen,train,1,0,1,0,0,0,0,0,0,0,0,0,0,0,0,0,0,0,0,1,1
C1122866,c_specimen,train,1,0,1,0,0,0,0,0,0,0,0,0,0,0,0,0,0,0,0,1,1
C1122880,c_specimen,train,2,0,2,0,0,0,0,0,0,0,0,0,0,0,0,0,0,0,0,2,2
C1122884,c_specimen,train,1,0,1,0,0,0,0,0,0,0,0,0,0,0,0,0,0,0,0,1,1
C1122885,c_specimen,train,1,0,1,0,0,0,0,0,0,0,0,0,0,0,0,0,0,0,0,1,1
C1122886,c_specimen,train,1,0,1,0,0,0,0,0,0,0,0,0,0,0,0,0,0,0,0,1,1
C1122924,c_specimen,train,1,0,1,0,0,0,0,0,0,0,0,0,0,0,0,0,0,0,0,1,1
C1122946,c_specimen,train,1,0,1,0,0,0,0,0,0,0,0,0,0,0,0,0,0,0,0,1,1
C1122979,c_specimen,train,1,0,1,0,0,0,0,0,0,0,0,0,0,0,0,0,0,0,0,1,1
C1123762,c_specimen,train,1,0,1,0,0,0,0,0,0,0,0,0,0,0,0,0,0,0,0,1,1
C1123764,c_specimen,train,3,0,3,0,0,0,0,0,0,0,0,0,0,0,0,0,0,0,0,3,3
C1123765,c_specimen,train,2,0,2,0,0,0,0,0,0,0,0,0,0,0,0,0,0,0,0,2,2
C1123766,c_specimen,train,1,0,1,0,0,0,0,0,0,0,0,0,0,0,0,0,0,0,0,1,1
C1123767,c_specimen,train,1,0,1,0,0,0,0,0,0,0,0,0,0,0,0,0,0,0,0,1,1
C1123768,c_specimen,train,3,0,3,0,0,0,0,0,0,0,0,0,0,0,0,0,0,0,0,3,3
C1123769,c_specimen,train,1,0,1,0,0,0,0,0,0,0,0,0,0,0,0,0,0,0,0,1,1
C1123770,c_specimen,train,1,0,1,0,0,0,0,0,0,0,0,0,0,0,0,0,0,0,0,1,1
C1123772,c_specimen,train,1,0,1,0,0,0,0,0,0,0,0,0,0,0,0,0,0,0,0,1,1
C1123773,c_specimen,train,1,0,1,0,0,0,0,0,0,0,0,0,0,0,0,0,0,0,0,1,1
C1123775,c_specimen,train,1,0,1,0,0,0,0,0,0,0,0,0,0,0,0,0,0,0,0,1,1
C1123776,c_specimen,train,1,0,1,0,0,0,0,0,0,0,0,0,0,0,0,0,0,0,0,1,1
C1123778,c_specimen,train,1,0,1,0,0,0,0,0,0,0,0,0,0,0,0,0,0,0,0,1,1
C1123779,c_specimen,train,1,0,1,0,0,0,0,0,0,0,0,0,0,0,0,0,0,0,0,1,1
C1123785,c_specimen,train,1,0,1,0,0,0,0,0,0,0,0,0,0,0,0,0,0,0,0,1,1
C1123787,c_specimen,train,1,0,1,0,0,0,0,0,0,0,0,0,0,0,0,0,0,0,0,1,1
C1123789,c_specimen,train,1,0,4,1,2,0,0,0,0,0,0,0,0,0,0,1,1,0,0,1,1
C1123790,c_specimen,train,1,0,1,0,0,0,0,0,0,0,0,0,0,0,0,0,0,0,0,1,1
C1123807,c_specimen,train,1,0,1,0,0,0,0,0,0,0,0,0,0,0,0,0,0,0,0,1,1
C1123825,c_specimen,train,1,0,2,0,0,0,0,0,0,0,0,0,0,0,0,0,0,0,0,1,2
C1123840,c_specimen,train,1,0,2,0,0,0,0,0,0,0,0,0,0,0,0,0,0,0,0,1,2
C1123842,c_specimen,train,1,0,2,0,0,0,0,0,0,0,0,0,0,0,0,0,0,0,0,1,2
C1124303,c_specimen,train,1,0,1,0,0,0,0,0,0,0,0,0,0,0,0,0,0,0,0,1,1
C1124305,c_specimen,train,4,0,4,0,0,0,0,0,0,0,0,0,0,0,0,0,0,0,0,4,4
C1124326,c_specimen,train,1,0,1,0,0,0,0,0,0,0,0,0,0,0,0,0,0,0,0,1,1
C1124331,c_specimen,train,1,0,1,0,0,0,0,0,0,0,0,0,0,0,0,0,0,0,0,1,1
C1124333,c_specimen,train,1,0,1,0,0,0,0,0,0,0,0,0,0,0,0,0,0,0,0,1,1
C1124334,c_specimen,train,1,0,1,0,0,0,0,0,0,0,0,0,0,0,0,0,0,0,0,1,1
C1124350,c_specimen,train,1,0,1,0,0,0,0,0,0,0,0,0,0,0,0,0,0,0,0,1,1
C1124353,c_specimen,train,1,0,1,0,0,0,0,0,0,0,0,0,0,0,0,0,0,0,0,1,1
C1124363,c_specimen,train,1,0,1,0,0,0,0,0,0,0,0,0,0,0,0,0,0,0,0,1,1
C1124368,c_specimen,train,1,0,1,0,0,0,0,0,0,0,0,0,0,0,0,0,0,0,0,1,1
C1124387,c_specimen,train,1,0,1,0,0,0,0,0,0,0,0,0,0,0,0,0,0,0,0,1,1
C1124388,c_specimen,train,3,0,3,0,0,0,0,0,0,0,0,0,0,0,0,0,0,0,0,3,3
C1124391,c_specimen,train,1,0,2,0,0,0,0,0,0,0,0,1,1,0,0,0,0,0,0,1,1
C1124396,c_specimen,train,2,0,2,0,0,0,0,0,0,0,0,0,0,0,0,0,0,0,0,2,2
C1124397,c_specimen,train,1,0,1,0,0,0,0,0,0,0,0,0,0,0,0,0,0,0,0,1,1
C1124399,c_specimen,train,1,0,1,0,0,0,0,0,0,0,0,0,0,0,0,0,0,0,0,1,1
C1124416,c_specimen,train,1,0,1,0,0,0,0,0,0,0,0,0,0,0,0,0,0,0,0,1,1
C1124419,c_specimen,train,1,0,1,0,0,0,0,0,0,0,0,0,0,0,0,0,0,0,0,1,1
C1124420,c_specimen,train,1,0,1,0,0,0,0,0,0,0,0,0,0,0,0,0,0,0,0,1,1
C1124422,c_specimen,train,1,0,1,0,0,0,0,0,0,0,0,0,0,0,0,0,0,0,0,1,1
C1124437,c_specimen,train,1,0,1,0,0,0,0,0,0,0,0,0,0,0,0,0,0,0,0,1,1
C1124440,c_specimen,train,1,0,1,0,0,0,0,0,0,0,0,0,0,0,0,0,0,0,0,1,1
C1124442,c_specimen,train,1,0,1,0,0,0,0,0,0,0,0,0,0,0,0,0,0,0,0,1,1
C1124445,c_specimen,train,1,0,1,0,0,0,0,0,0,0,0,0,0,0,0,0,0,0,0,1,1
C1134060,c_specimen,train,1,0,1,0,0,0,0,0,0,0,0,0,0,0,0,0,0,0,0,1,1
C1134064,c_specimen,train,1,0,1,0,0,0,0,0,0,0,0,0,0,0,0,0,0,0,0,1,1
C1134146,c_specimen,train,1,0,1,0,0,0,0,0,0,1,1,0,0,0,0,0,0,0,0,0,0
C1134177,c_specimen,train,1,0,1,0,0,0,0,0,0,0,0,0,0,0,0,0,0,0,0,1,1
C1134181,c_specimen,train,1,0,1,0,0,0,0,0,0,0,0,0,0,0,0,0,0,0,0,1,1
C1134395,c_specimen,train,2,0,4,0,0,0,0,0,0,2,4,0,0,0,0,0,0,0,0,0,0
C1134396,c_specimen,train,1,0,2,0,0,0,0,0,0,1,2,0,0,0,0,0,0,0,0,0,0
C1134785,c_specimen,train,1,0,1,0,0,0,0,0,0,0,0,1,1,0,0,0,0,0,0,0,0
C1134908,c_specimen,train,1,0,1,0,0,0,0,0,0,0,0,0,0,0,0,1,1,0,0,0,0
C1134948,c_specimen,train,1,0,1,1,1,0,0,0,0,0,0,0,0,0,0,0,0,0,0,0,0
C1135022,c_specimen,train,2,0,3,2,2,0,0,0,0,0,0,0,0,0,0,1,1,0,0,0,0
C1135077,c_specimen,train,1,0,1,0,0,0,0,0,0,0,0,1,1,0,0,0,0,0,0,0,0
C1135081,c_specimen,train,1,0,6,1,2,0,0,0,0,0,0,0,0,1,4,0,0,0,0,0,0
C1135113,c_specimen,train,2,0,2,2,2,0,0,0,0,0,0,0,0,0,0,0,0,0,0,0,0
C1135155,c_specimen,train,1,0,1,0,0,0,0,0,0,0,0,0,0,0,0,1,1,0,0,0,0
C1135169,c_specimen,train,2,0,7,2,4,0,0,0,0,1,2,0,0,0,0,1,1,0,0,0,0
C1135170,c_specimen,train,2,0,3,2,3,0,0,0,0,0,0,0,0,0,0,0,0,0,0,0,0
C1135171,c_specimen,train,1,0,2,1,1,0,0,0,0,0,0,1,1,0,0,0,0,0,0,0,0
C1135238,c_specimen,train,1,0,3,1,3,0,0,0,0,0,0,0,0,0,0,0,0,0,0,0,0
C1135241,c_specimen,train,1,0,1,1,1,0,0,0,0,0,0,0,0,0,0,0,0,0,0,0,0
C1135246,c_specimen,train,4,0,6,0,0,0,0,0,0,0,0,4,4,0,0,0,0,1,2,0,0
C1135542,c_specimen,train,1,0,1,0,0,0,0,0,0,0,0,1,1,0,0,0,0,0,0,0,0
C1135685,c_specimen,train,1,0,4,1,2,0,0,0,0,0,0,0,0,1,2,0,0,0,0,0,0
C1135688,c_specimen,train,1,0,4,0,0,0,0,0,0,0,0,0,0,1,4,0,0,0,0,0,0
C1136577,c_specimen,train,2,0,2,0,0,2,2,0,0,0,0,0,0,0,0,0,0,0,0,0,0
C1136758,c_specimen,train,2,0,2,0,0,2,2,0,0,0,0,0,0,0,0,0,0,0,0,0,0
C1136884,c_specimen,train,1,0,1,0,0,1,1,0,0,0,0,0,0,0,0,0,0,0,0,0,0
C1137596,c_specimen,train,1,0,2,0,0,0,0,0,0,1,1,0,0,0,0,0,0,1,1,0,0
C1140022,c_specimen,train,1,0,1,0,0,0,0,0,0,1,1,0,0,0,0,0,0,0,0,0,0
C1140024,c_specimen,train,1,0,1,0,0,0,0,0,0,1,1,0,0,0,0,0,0,0,0,0,0
C1141611,c_specimen,train,1,0,9,1,3,0,0,1,6,0,0,0,0,0,0,0,0,0,0,0,0
C1141612,c_specimen,train,1,0,12,0,0,0,0,1,12,0,0,0,0,0,0,0,0,0,0,0,0
C1141634,c_specimen,train,1,0,3,1,1,0,0,0,0,0,0,0,0,0,0,1,1,1,1,0,0
C1141681,c_specimen,train,1,0,2,1,1,0,0,0,0,0,0,0,0,1,1,0,0,0,0,0,0
C1141710,c_specimen,train,1,0,1,1,1,0,0,0,0,0,0,0,0,0,0,0,0,0,0,0,0
C1142083,c_specimen,val,1,0,1,0,0,0,0,0,0,0,0,1,1,0,0,0,0,0,0,0,0
C1142091,c_specimen,val,1,0,1,1,1,0,0,0,0,0,0,0,0,0,0,0,0,0,0,0,0
C1142123,c_specimen,train,2,0,8,0,0,0,0,0,0,0,0,0,0,0,0,2,8,0,0,0,0
C1142127,c_specimen,train,1,0,2,1,2,0,0,0,0,0,0,0,0,0,0,0,0,0,0,0,0
C1142142,c_specimen,train,3,0,5,2,4,0,0,0,0,0,0,1,1,0,0,0,0,0,0,0,0
C1142188,c_specimen,train,1,0,1,1,1,0,0,0,0,0,0,0,0,0,0,0,0,0,0,0,0
C1142204,c_specimen,train,1,0,2,1,1,0,0,0,0,0,0,0,0,0,0,1,1,0,0,0,0
C1142260,c_specimen,train,2,0,3,0,0,0,0,0,0,0,0,2,3,0,0,0,0,0,0,0,0
C1142288,c_specimen,train,2,0,2,0,0,0,0,0,0,0,0,2,2,0,0,0,0,0,0,0,0
C1142314,c_specimen,train,1,0,1,1,1,0,0,0,0,0,0,0,0,0,0,0,0,0,0,0,0
C1142337,c_specimen,train,1,0,2,1,1,0,0,0,0,0,0,1,1,0,0,0,0,0,0,0,0
C1142403,c_specimen,train,1,0,1,1,1,0,0,0,0,0,0,0,0,0,0,0,0,0,0,0,0
C1142406,c_specimen,train,1,0,6,1,6,0,0,0,0,0,0,0,0,0,0,0,0,0,0,0,0
C1142453,c_specimen,train,1,0,1,0,0,0,0,0,0,0,0,0,0,0,0,1,1,0,0,0,0
C1142493,c_specimen,train,1,0,1,0,0,0,0,0,0,0,0,1,1,0,0,0,0,0,0,0,0
C1142529,c_specimen,train,2,0,5,1,1,0,0,0,0,0,0,1,1,0,0,0,0,1,3,0,0
C1142804,c_specimen,train,1,0,1,0,0,0,0,0,0,1,1,0,0,0,0,0,0,0,0,0,0
C1143856,c_specimen,train,2,0,3,0,0,2,3,0,0,0,0,0,0,0,0,0,0,0,0,0,0
C1144856,c_specimen,train,5,0,5,0,0,5,5,0,0,0,0,0,0,0,0,0,0,0,0,0,0
C1145669,c_specimen,train,1,0,6,1,1,0,0,0,0,0,0,1,1,1,4,0,0,0,0,0,0
C1147618,c_specimen,train,1,0,2,0,0,0,0,0,0,0,0,1,2,0,0,0,0,0,0,0,0
C1147623,c_specimen,train,1,0,1,0,0,0,0,0,0,0,0,1,1,0,0,0,0,0,0,0,0
C1147631,c_specimen,train,2,0,8,1,5,0,0,0,0,0,0,1,3,0,0,0,0,0,0,0,0
C1147634,c_specimen,train,1,0,1,0,0,0,0,0,0,0,0,1,1,0,0,0,0,0,0,0,0
C1147678,c_specimen,train,1,0,2,1,2,0,0,0,0,0,0,0,0,0,0,0,0,0,0,0,0
C1147704,c_specimen,train,1,0,1,0,0,0,0,0,0,0,0,0,0,0,0,1,1,0,0,0,0
C1147716,c_specimen,train,1,0,2,1,2,0,0,0,0,0,0,0,0,0,0,0,0,0,0,0,0
C1147781,c_specimen,train,1,0,3,1,2,0,0,0,0,0,0,0,0,1,1,0,0,0,0,0,0
C1147805,c_specimen,train,1,0,1,1,1,0,0,0,0,0,0,0,0,0,0,0,0,0,0,0,0
C1147853,c_specimen,train,1,0,2,0,0,0,0,0,0,0,0,1,2,0,0,0,0,0,0,0,0
C1147862,c_specimen,train,2,0,4,0,0,2,4,0,0,0,0,0,0,0,0,0,0,0,0,0,0
C1147863,c_specimen,train,1,0,4,0,0,1,2,0,0,0,0,0,0,0,0,0,0,1,2,0,0
C1147885,c_specimen,train,1,0,1,1,1,0,0,0,0,0,0,0,0,0,0,0,0,0,0,0,0
C1147910,c_specimen,train,1,0,1,0,0,0,0,0,0,0,0,1,1,0,0,0,0,0,0,0,0
C1147936,c_specimen,train,1,0,2,1,2,0,0,0,0,0,0,0,0,0,0,0,0,0,0,0,0
C1148158,c_specimen,train,1,0,1,1,1,0,0,0,0,0,0,0,0,0,0,0,0,0,0,0,0
C1148389,c_specimen,train,1,0,7,1,6,0,0,1,1,0,0,0,0,0,0,0,0,0,0,0,0
C1148414,c_specimen,val,3,0,4,0,0,0,0,0,0,3,4,0,0,0,0,0,0,0,0,0,0
C1148416,c_specimen,train,2,0,2,0,0,0,0,0,0,2,2,0,0,0,0,0,0,0,0,0,0
C1148510,c_specimen,train,2,0,8,2,8,0,0,0,0,0,0,0,0,0,0,0,0,0,0,0,0
C1148512,c_specimen,train,1,0,5,1,5,0,0,0,0,0,0,0,0,0,0,0,0,0,0,0,0
C1148873,c_specimen,val,4,0,5,1,1,4,4,0,0,0,0,0,0,0,0,0,0,0,0,0,0
C1149026,c_specimen,train,1,0,1,0,0,1,1,0,0,0,0,0,0,0,0,0,0,0,0,0,0
C1149225,c_specimen,train,1,0,1,0,0,0,0,0,0,0,0,0,0,1,1,0,0,0,0,0,0
C1149586,c_specimen,train,1,0,2,0,0,0,0,0,0,0,0,0,0,0,0,1,1,1,1,0,0
C1149608,c_specimen,train,1,0,1,0,0,0,0,0,0,1,1,0,0,0,0,0,0,0,0,0,0
C1150180,c_specimen,train,1,0,1,0,0,0,0,0,0,1,1,0,0,0,0,0,0,0,0,0,0
C1150978,c_specimen,train,1,0,1,0,0,0,0,0,0,1,1,0,0,0,0,0,0,0,0,0,0
C1154655,c_specimen,train,1,0,7,1,1,0,0,0,0,0,0,0,0,1,6,0,0,0,0,0,0
C1154683,c_specimen,train,1,0,1,0,0,0,0,0,0,1,1,0,0,0,0,0,0,0,0,0,0
C1154959,c_specimen,train,1,0,1,0,0,0,0,0,0,0,0,0,0,1,1,0,0,0,0,0,0
C1155074,c_specimen,train,1,0,1,0,0,1,1,0,0,0,0,0,0,0,0,0,0,0,0,0,0
C1155091,c_specimen,train,1,0,2,0,0,1,2,0,0,0,0,0,0,0,0,0,0,0,0,0,0
C1155119,c_specimen,train,1,0,3,0,0,1,1,0,0,0,0,0,0,0,0,0,0,1,2,0,0
C1155156,c_specimen,train,1,0,4,0,0,0,0,0,0,1,2,0,0,0,0,0,0,1,2,0,0
C1155606,c_specimen,train,1,0,3,1,3,0,0,0,0,0,0,0,0,0,0,0,0,0,0,0,0
C1155608,c_specimen,train,2,0,7,2,6,0,0,0,0,0,0,0,0,0,0,1,1,0,0,0,0
C1155709,c_specimen,train,1,0,2,0,0,0,0,0,0,0,0,0,0,0,0,0,0,0,0,1,2
C1155710,c_specimen,train,1,0,1,0,0,0,0,0,0,0,0,0,0,0,0,0,0,0,0,1,1
C1155713,c_specimen,train,1,0,3,0,0,0,0,0,0,0,0,0,0,0,0,0,0,0,0,1,3
C1155754,c_specimen,train,1,0,2,0,0,0,0,0,0,0,0,0,0,0,0,0,0,0,0,1,2
C1155765,c_specimen,train,1,0,2,0,0,0,0,0,0,0,0,0,0,0,0,0,0,0,0,1,2
C1156267,c_specimen,train,2,0,4,1,2,0,0,0,0,0,0,0,0,2,2,0,0,0,0,0,0
C1156428,c_specimen,train,2,0,3,0,0,0,0,0,0,0,0,0,0,0,0,2,3,0,0,0,0
C1156454,c_specimen,train,3,0,12,0,0,0,0,0,0,3,12,0,0,0,0,0,0,0,0,0,0
C1156455,c_specimen,train,1,0,1,0,0,0,0,0,0,1,1,0,0,0,0,0,0,0,0,0,0
C1156619,c_specimen,train,1,0,5,1,3,0,0,1,2,0,0,0,0,0,0,0,0,0,0,0,0
C1156620,c_specimen,train,1,0,9,1,7,0,0,1,2,0,0,0,0,0,0,0,0,0,0,0,0
C1156621,c_specimen,train,9,0,69,9,62,0,0,2,7,0,0,0,0,0,0,0,0,0,0,0,0
C1156622,c_specimen,train,5,0,29,5,28,0,0,1,1,0,0,0,0,0,0,0,0,0,0,0,0
C1156772,c_specimen,train,1,0,2,0,0,0,0,0,0,0,0,1,2,0,0,0,0,0,0,0,0
C1156773,c_specimen,val,1,0,1,0,0,0,0,0,0,0,0,1,1,0,0,0,0,0,0,0,0
C1156774,c_specimen,train,1,0,1,0,0,0,0,0,0,0,0,1,1,0,0,0,0,0,0,0,0
C1156783,c_specimen,train,1,0,1,0,0,0,0,0,0,0,0,0,0,0,0,1,1,0,0,0,0
C1156785,c_specimen,val,2,0,3,2,3,0,0,0,0,0,0,0,0,0,0,0,0,0,0,0,0
C1156819,c_specimen,train,1,0,1,1,1,0,0,0,0,0,0,0,0,0,0,0,0,0,0,0,0
C1156834,c_specimen,train,1,0,1,0,0,0,0,0,0,0,0,1,1,0,0,0,0,0,0,0,0
C1156870,c_specimen,train,1,0,2,1,2,0,0,0,0,0,0,0,0,0,0,0,0,0,0,0,0
C1157069,c_specimen,train,1,0,1,0,0,0,0,0,0,0,0,1,1,0,0,0,0,0,0,0,0
C1157076,c_specimen,train,1,0,1,0,0,0,0,0,0,0,0,1,1,0,0,0,0,0,0,0,0
C1157125,c_specimen,train,1,0,1,0,0,0,0,0,0,0,0,1,1,0,0,0,0,0,0,0,0
C1157130,c_specimen,train,1,0,1,1,1,0,0,0,0,0,0,0,0,0,0,0,0,0,0,0,0
C1157137,c_specimen,train,1,0,3,1,2,0,0,0,0,0,0,0,0,0,0,1,1,0,0,0,0
C1157149,c_specimen,train,1,0,1,0,0,0,0,0,0,0,0,1,1,0,0,0,0,0,0,0,0
C1157208,c_specimen,train,1,0,2,1,2,0,0,0,0,0,0,0,0,0,0,0,0,0,0,0,0
C1157323,c_specimen,train,1,0,1,0,0,1,1,0,0,0,0,0,0,0,0,0,0,0,0,0,0
C1157603,c_specimen,train,3,0,13,3,13,0,0,0,0,0,0,0,0,0,0,0,0,0,0,0,0
C1158017,c_specimen,train,1,0,1,0,0,0,0,0,0,0,0,1,1,0,0,0,0,0,0,0,0
C1159261,c_specimen,train,1,0,3,0,0,1,3,0,0,0,0,0,0,0,0,0,0,0,0,0,0
C1159566,c_specimen,train,1,0,1,0,0,0,0,0,0,0,0,0,0,0,0,1,1,0,0,0,0
C1159659,c_specimen,train,1,0,1,0,0,0,0,0,0,0,0,0,0,0,0,1,1,0,0,0,0
C1160247,c_specimen,train,2,0,5,0,0,0,0,2,4,0,0,1,1,0,0,0,0,0,0,0,0
C1160358,c_specimen,train,1,0,4,1,4,0,0,0,0,0,0,0,0,0,0,0,0,0,0,0,0
C1160625,c_specimen,train,1,0,1,0,0,0,0,0,0,0,0,0,0,0,0,1,1,0,0,0,0
C1160900,c_specimen,train,1,0,1,0,0,0,0,0,0,0,0,0,0,0,0,1,1,0,0,0,0
C1160988,c_specimen,train,1,0,1,0,0,0,0,0,0,0,0,1,1,0,0,0,0,0,0,0,0
C1161035,c_specimen,train,1,0,1,0,0,0,0,0,0,0,0,0,0,0,0,1,1,0,0,0,0
C1161080,c_specimen,val,1,0,1,1,1,0,0,0,0,0,0,0,0,0,0,0,0,0,0,0,0
C1161084,c_specimen,train,1,0,1,0,0,0,0,0,0,0,0,1,1,0,0,0,0,0,0,0,0
C1161090,c_specimen,train,1,0,1,0,0,0,0,0,0,0,0,1,1,0,0,0,0,0,0,0,0
C1161108,c_specimen,train,1,0,1,1,1,0,0,0,0,0,0,0,0,0,0,0,0,0,0,0,0
C1161113,c_specimen,train,1,0,1,0,0,0,0,0,0,0,0,1,1,0,0,0,0,0,0,0,0
C1161128,c_specimen,train,1,0,1,1,1,0,0,0,0,0,0,0,0,0,0,0,0,0,0,0,0
C1161129,c_specimen,train,2,0,4,2,3,0,0,0,0,0,0,1,1,0,0,0,0,0,0,0,0
C1161130,c_specimen,train,1,0,2,0,0,0,0,0,0,0,0,0,0,0,0,1,2,0,0,0,0
C1161172,c_specimen,train,1,0,1,0,0,0,0,0,0,0,0,1,1,0,0,0,0,0,0,0,0
C1161271,c_specimen,train,1,0,1,1,1,0,0,0,0,0,0,0,0,0,0,0,0,0,0,0,0
C1161279,c_specimen,val,1,0,1,0,0,0,0,0,0,0,0,1,1,0,0,0,0,0,0,0,0
C1161290,c_specimen,train,1,0,1,1,1,0,0,0,0,0,0,0,0,0,0,0,0,0,0,0,0
C1161325,c_specimen,train,1,0,1,0,0,0,0,0,0,1,1,0,0,0,0,0,0,0,0,0,0
C1161408,c_specimen,train,1,0,1,0,0,0,0,0,0,1,1,0,0,0,0,0,0,0,0,0,0
C1234652,c_specimen,train,1,0,9,0,0,0,0,0,0,0,0,0,0,0,0,1,9,0,0,0,0
C1234696,c_specimen,train,2,0,4,2,4,0,0,0,0,0,0,0,0,0,0,0,0,0,0,0,0
C1235173,c_specimen,train,2,0,3,0,0,2,3,0,0,0,0,0,0,0,0,0,0,0,0,0,0
C1235412,c_specimen,train,1,0,1,1,1,0,0,0,0,0,0,0,0,0,0,0,0,0,0,0,0
C1235531,c_specimen,train,5,0,13,0,0,5,13,0,0,0,0,0,0,0,0,0,0,0,0,0,0
C1235699,c_specimen,train,3,0,13,3,12,0,0,1,1,0,0,0,0,0,0,0,0,0,0,0,0
C1236206,c_specimen,train,1,0,3,1,1,0,0,0,0,0,0,1,1,1,1,0,0,0,0,0,0
C1236680,c_specimen,train,1,0,1,0,0,1,1,0,0,0,0,0,0,0,0,0,0,0,0,0,0
C1236682,c_specimen,train,1,0,2,0,0,1,2,0,0,0,0,0,0,0,0,0,0,0,0,0,0
C1236763,c_specimen,train,1,0,3,1,2,0,0,0,0,1,1,0,0,0,0,0,0,0,0,0,0
C1236831,c_specimen,train,1,0,2,1,1,0,0,0,0,0,0,1,1,0,0,0,0,0,0,0,0
C1236852,c_specimen,train,1,0,1,0,0,1,1,0,0,0,0,0,0,0,0,0,0,0,0,0,0
C1236881,c_specimen,val,1,0,4,1,4,0,0,0,0,0,0,0,0,0,0,0,0,0,0,0,0
C1236952,c_specimen,val,1,0,1,1,1,0,0,0,0,0,0,0,0,0,0,0,0,0,0,0,0
C1237025,c_specimen,train,1,0,1,0,0,1,1,0,0,0,0,0,0,0,0,0,0,0,0,0,0
C1237026,c_specimen,train,1,0,1,0,0,1,1,0,0,0,0,0,0,0,0,0,0,0,0,0,0
C1237122,c_specimen,train,1,0,5,0,0,0,0,0,0,0,0,1,5,0,0,0,0,0,0,0,0
C1237206,c_specimen,train,1,0,7,0,0,0,0,0,0,0,0,1,7,0,0,0,0,0,0,0,0
C1237309,c_specimen,train,1,0,1,0,0,0,0,0,0,1,1,0,0,0,0,0,0,0,0,0,0
C1237353,c_specimen,train,1,0,1,0,0,1,1,0,0,0,0,0,0,0,0,0,0,0,0,0,0
C1237354,c_specimen,train,3,0,3,0,0,3,3,0,0,0,0,0,0,0,0,0,0,0,0,0,0
C1237355,c_specimen,train,1,0,9,1,9,0,0,0,0,0,0,0,0,0,0,0,0,0,0,0,0
C1237356,c_specimen,train,1,0,2,1,2,0,0,0,0,0,0,0,0,0,0,0,0,0,0,0,0
C1237406,c_specimen,train,1,0,1,1,1,0,0,0,0,0,0,0,0,0,0,0,0,0,0,0,0
C1237420,c_specimen,train,1,0,1,1,1,0,0,0,0,0,0,0,0,0,0,0,0,0,0,0,0
C1237421,c_specimen,train,1,0,1,1,1,0,0,0,0,0,0,0,0,0,0,0,0,0,0,0,0
C1237507,c_specimen,train,4,0,6,0,0,4,6,0,0,0,0,0,0,0,0,0,0,0,0,0,0
C1237561,c_specimen,train,1,0,1,0,0,1,1,0,0,0,0,0,0,0,0,0,0,0,0,0,0
C1237682,c_specimen,train,1,0,1,0,0,0,0,0,0,1,1,0,0,0,0,0,0,0,0,0,0
C1237889,c_specimen,train,1,0,2,0,0,1,2,0,0,0,0,0,0,0,0,0,0,0,0,0,0
C1237900,c_specimen,train,3,0,6,0,0,3,6,0,0,0,0,0,0,0,0,0,0,0,0,0,0
C1238058,c_specimen,train,1,0,5,1,3,0,0,0,0,0,0,1,2,0,0,0,0,0,0,0,0
C1238149,c_specimen,train,3,0,5,0,0,3,4,0,0,0,0,0,0,0,0,0,0,1,1,0,0
C1238505,c_specimen,train,1,0,6,0,0,0,0,0,0,0,0,1,1,1,5,0,0,0,0,0,0
C1238506,c_specimen,train,1,0,4,1,1,0,0,0,0,0,0,0,0,1,3,0,0,0,0,0,0
C1238700,c_specimen,train,1,0,2,0,0,0,0,0,0,0,0,1,1,1,1,0,0,0,0,0,0
C1238772,c_specimen,train,1,0,2,0,0,0,0,0,0,0,0,1,2,0,0,0,0,0,0,0,0
C1238817,c_specimen,train,1,0,1,1,1,0,0,0,0,0,0,0,0,0,0,0,0,0,0,0,0
C1238823,c_specimen,train,1,0,1,1,1,0,0,0,0,0,0,0,0,0,0,0,0,0,0,0,0
C1238861,c_specimen,train,1,0,2,1,2,0,0,0,0,0,0,0,0,0,0,0,0,0,0,0,0
C1238898,c_specimen,val,2,0,6,1,3,0,0,0,0,0,0,2,3,0,0,0,0,0,0,0,0
C1238918,c_specimen,train,1,0,1,0,0,0,0,0,0,0,0,1,1,0,0,0,0,0,0,0,0
C1238919,c_specimen,train,1,0,2,1,1,0,0,0,0,0,0,1,1,0,0,0,0,0,0,0,0
C1238920,c_specimen,train,1,0,2,1,1,0,0,0,0,0,0,1,1,0,0,0,0,0,0,0,0
C1238928,c_specimen,train,1,0,1,1,1,0,0,0,0,0,0,0,0,0,0,0,0,0,0,0,0
C1239076,c_specimen,train,1,0,1,1,1,0,0,0,0,0,0,0,0,0,0,0,0,0,0,0,0
C1239135,c_specimen,val,1,0,1,1,1,0,0,0,0,0,0,0,0,0,0,0,0,0,0,0,0
C1239138,c_specimen,train,1,0,2,0,0,0,0,0,0,0,0,1,2,0,0,0,0,0,0,0,0
C1239162,c_specimen,val,1,0,1,1,1,0,0,0,0,0,0,0,0,0,0,0,0,0,0,0,0
C1239224,c_specimen,train,1,0,2,1,2,0,0,0,0,0,0,0,0,0,0,0,0,0,0,0,0
C1239262,c_specimen,train,1,0,2,0,0,0,0,0,0,0,0,1,2,0,0,0,0,0,0,0,0
C1239336,c_specimen,train,1,0,2,1,1,0,0,0,0,0,0,1,1,0,0,0,0,0,0,0,0
C1239470,c_specimen,train,2,0,6,0,0,0,0,0,0,2,6,0,0,0,0,0,0,0,0,0,0
C1239514,c_specimen,train,1,0,1,1,1,0,0,0,0,0,0,0,0,0,0,0,0,0,0,0,0
C1239524,c_specimen,train,1,0,1,1,1,0,0,0,0,0,0,0,0,0,0,0,0,0,0,0,0
C1239530,c_specimen,train,3,0,7,0,0,3,7,0,0,0,0,0,0,0,0,0,0,0,0,0,0
C1239540,c_specimen,train,1,0,1,1,1,0,0,0,0,0,0,0,0,0,0,0,0,0,0,0,0
C1239631,c_specimen,train,1,0,2,1,2,0,0,0,0,0,0,0,0,0,0,0,0,0,0,0,0
C1239638,c_specimen,val,1,0,1,1,1,0,0,0,0,0,0,0,0,0,0,0,0,0,0,0,0
C1240253,c_specimen,train,1,0,1,1,1,0,0,0,0,0,0,0,0,0,0,0,0,0,0,0,0
C1240292,c_specimen,train,1,0,1,1,1,0,0,0,0,0,0,0,0,0,0,0,0,0,0,0,0
C1240417,c_specimen,train,1,0,1,0,0,0,0,0,0,0,0,1,1,0,0,0,0,0,0,0,0
C1240478,c_specimen,train,1,0,2,1,2,0,0,0,0,0,0,0,0,0,0,0,0,0,0,0,0
C1240516,c_specimen,train,1,0,1,0,0,1,1,0,0,0,0,0,0,0,0,0,0,0,0,0,0
C1240588,c_specimen,train,1,0,1,1,1,0,0,0,0,0,0,0,0,0,0,0,0,0,0,0,0
C1240595,c_specimen,train,1,0,1,1,1,0,0,0,0,0,0,0,0,0,0,0,0,0,0,0,0
C1240626,c_specimen,train,1,0,1,0,0,0,0,0,0,0,0,0,0,0,0,1,1,0,0,0,0
C1240669,c_specimen,train,1,0,1,0,0,0,0,0,0,0,0,1,1,0,0,0,0,0,0,0,0
C1240674,c_specimen,train,1,0,1,0,0,0,0,0,0,0,0,1,1,0,0,0,0,0,0,0,0
C1240694,c_specimen,train,1,0,1,0,0,0,0,0,0,0,0,1,1,0,0,0,0,0,0,0,0
C1240696,c_specimen,train,1,0,1,1,1,0,0,0,0,0,0,0,0,0,0,0,0,0,0,0,0
C1240770,c_specimen,val,2,0,3,2,2,0,0,0,0,0,0,1,1,0,0,0,0,0,0,0,0
C1240796,c_specimen,train,1,0,1,1,1,0,0,0,0,0,0,0,0,0,0,0,0,0,0,0,0
C1240815,c_specimen,train,1,0,2,1,1,0,0,0,0,0,0,1,1,0,0,0,0,0,0,0,0
C1240869,c_specimen,train,1,0,1,0,0,0,0,0,0,0,0,0,0,0,0,1,1,0,0,0,0
C1241598,c_specimen,train,1,0,1,0,0,0,0,0,0,0,0,0,0,0,0,1,1,0,0,0,0
C1241612,c_specimen,train,1,0,1,1,1,0,0,0,0,0,0,0,0,0,0,0,0,0,0,0,0
C1241615,c_specimen,train,1,0,1,0,0,0,0,0,0,0,0,0,0,0,0,0,0,0,0,1,1
C1241616,c_specimen,train,3,0,6,0,0,0,0,0,0,0,0,0,0,0,0,0,0,0,0,3,6
C1241638,c_specimen,train,1,0,1,1,1,0,0,0,0,0,0,0,0,0,0,0,0,0,0,0,0
C1241789,c_specimen,train,1,0,5,0,0,0,0,0,0,0,0,1,5,0,0,0,0,0,0,0,0
C1241842,c_specimen,train,1,0,1,0,0,0,0,0,0,0,0,1,1,0,0,0,0,0,0,0,0
C1241843,c_specimen,train,2,0,3,2,3,0,0,0,0,0,0,0,0,0,0,0,0,0,0,0,0
C1241845,c_specimen,train,1,0,1,1,1,0,0,0,0,0,0,0,0,0,0,0,0,0,0,0,0
C1241902,c_specimen,train,1,0,18,1,2,0,0,0,0,0,0,0,0,1,16,0,0,0,0,0,0
C1241983,c_specimen,train,3,0,10,3,4,0,0,3,5,0,0,1,1,0,0,0,0,0,0,0,0
C1242045,c_specimen,train,3,0,7,0,0,0,0,0,0,3,7,0,0,0,0,0,0,0,0,0,0
C1242047,c_specimen,train,2,0,4,0,0,0,0,0,0,2,4,0,0,0,0,0,0,0,0,0,0
C1242048,c_specimen,train,1,0,2,0,0,0,0,0,0,1,1,0,0,0,0,0,0,1,1,0,0
C1242365,c_specimen,train,2,0,5,0,0,0,0,0,0,2,5,0,0,0,0,0,0,0,0,0,0
C1242371,c_specimen,train,1,0,1,0,0,0,0,0,0,0,0,1,1,0,0,0,0,0,0,0,0
C1242374,c_specimen,train,1,0,1,0,0,0,0,0,0,0,0,1,1,0,0,0,0,0,0,0,0
C1242442,c_specimen,train,1,0,1,0,0,0,0,0,0,0,0,1,1,0,0,0,0,0,0,0,0
C1242444,c_specimen,train,1,0,3,1,1,0,0,0,0,0,0,0,0,1,2,0,0,0,0,0,0
C1242476,c_specimen,train,1,0,2,1,2,0,0,0,0,0,0,0,0,0,0,0,0,0,0,0,0
C1242524,c_specimen,train,1,0,3,1,3,0,0,0,0,0,0,0,0,0,0,0,0,0,0,0,0
C1242553,c_specimen,train,2,0,6,0,0,0,0,0,0,0,0,2,5,0,0,1,1,0,0,0,0
C1242593,c_specimen,train,1,0,1,0,0,0,0,0,0,0,0,1,1,0,0,0,0,0,0,0,0
C1242624,c_specimen,train,1,0,1,0,0,0,0,0,0,0,0,1,1,0,0,0,0,0,0,0,0
C1242625,c_specimen,train,2,0,3,2,2,0,0,0,0,1,1,0,0,0,0,0,0,0,0,0,0
C1242660,c_specimen,train,1,0,2,0,0,0,0,0,0,1,2,0,0,0,0,0,0,0,0,0,0
C1242661,c_specimen,train,2,0,2,0,0,0,0,0,0,2,2,0,0,0,0,0,0,0,0,0,0
C1242662,c_specimen,train,1,0,4,0,0,1,2,0,0,0,0,0,0,0,0,0,0,1,2,0,0
C1242706,c_specimen,train,1,0,3,0,0,1,3,0,0,0,0,0,0,0,0,0,0,0,0,0,0
C1242749,c_specimen,train,1,0,2,1,1,0,0,0,0,0,0,0,0,0,0,0,0,1,1,0,0
C1242814,c_specimen,train,1,0,1,1,1,0,0,0,0,0,0,0,0,0,0,0,0,0,0,0,0
C1242831,c_specimen,train,1,0,1,1,1,0,0,0,0,0,0,0,0,0,0,0,0,0,0,0,0
C1243059,c_specimen,train,1,0,2,1,1,0,0,0,0,0,0,0,0,0,0,0,0,1,1,0,0
C1243083,c_specimen,train,1,0,3,1,1,0,0,0,0,0,0,1,2,0,0,0,0,0,0,0,0
C1243084,c_specimen,train,1,0,3,1,3,0,0,0,0,0,0,0,0,0,0,0,0,0,0,0,0
C1243108,c_specimen,train,1,0,1,1,1,0,0,0,0,0,0,0,0,0,0,0,0,0,0,0,0
C1243161,c_specimen,train,1,0,1,0,0,0,0,0,0,0,0,0,0,0,0,1,1,0,0,0,0
C1243226,c_specimen,val,2,0,3,1,2,0,0,0,0,0,0,1,1,0,0,0,0,0,0,0,0
C1243229,c_specimen,train,1,0,1,1,1,0,0,0,0,0,0,0,0,0,0,0,0,0,0,0,0
C1243240,c_specimen,train,1,0,1,0,0,0,0,0,0,0,0,0,0,0,0,1,1,0,0,0,0
C1243241,c_specimen,train,1,0,2,1,1,0,0,0,0,0,0,0,0,0,0,1,1,0,0,0,0
C1243243,c_specimen,train,1,0,2,1,2,0,0,0,0,0,0,0,0,0,0,0,0,0,0,0,0
C1243244,c_specimen,train,2,0,3,2,3,0,0,0,0,0,0,0,0,0,0,0,0,0,0,0,0
C1243260,c_specimen,train,1,0,1,0,0,0,0,0,0,0,0,1,1,0,0,0,0,0,0,0,0
C1243679,c_specimen,train,1,0,7,1,1,0,0,0,0,0,0,1,1,1,5,0,0,0,0,0,0
C1244133,c_specimen,train,3,0,6,1,1,0,0,0,0,0,0,3,5,0,0,0,0,0,0,0,0
C1244136,c_specimen,train,2,0,5,2,3,0,0,0,0,0,0,1,2,0,0,0,0,0,0,0,0
C1244155,c_specimen,train,1,0,4,1,4,0,0,0,0,0,0,0,0,0,0,0,0,0,0,0,0
C1244214,c_specimen,train,1,0,1,1,1,0,0,0,0,0,0,0,0,0,0,0,0,0,0,0,0
C1244224,c_specimen,train,1,0,1,0,0,0,0,0,0,0,0,0,0,0,0,1,1,0,0,0,0
C1244230,c_specimen,train,4,0,6,4,6,0,0,0,0,0,0,0,0,0,0,0,0,0,0,0,0
C1244239,c_specimen,train,1,0,1,0,0,0,0,0,0,0,0,0,0,0,0,1,1,0,0,0,0
C1244252,c_specimen,train,1,0,2,1,2,0,0,0,0,0,0,0,0,0,0,0,0,0,0,0,0
C1245975,c_specimen,train,2,0,2,0,0,0,0,0,0,2,2,0,0,0,0,0,0,0,0,0,0
C1248761,c_specimen,train,2,0,4,0,0,2,4,0,0,0,0,0,0,0,0,0,0,0,0,0,0
C1248915,c_specimen,train,1,0,1,0,0,0,0,0,0,0,0,0,0,0,0,1,1,0,0,0,0
C1249070,c_specimen,train,1,0,1,0,0,1,1,0,0,0,0,0,0,0,0,0,0,0,0,0,0
C1249118,c_specimen,val,8,0,8,0,0,8,8,0,0,0,0,0,0,0,0,0,0,0,0,0,0
C1249120,c_specimen,train,2,0,2,0,0,2,2,0,0,0,0,0,0,0,0,0,0,0,0,0,0
C1249138,c_specimen,train,1,0,2,1,1,0,0,0,0,1,1,0,0,0,0,0,0,0,0,0,0
C1249145,c_specimen,train,1,0,4,1,3,0,0,0,0,0,0,0,0,1,1,0,0,0,0,0,0
C1249280,c_specimen,train,1,0,1,0,0,0,0,0,0,0,0,1,1,0,0,0,0,0,0,0,0
C1249307,c_specimen,train,1,0,2,1,1,0,0,0,0,0,0,1,1,0,0,0,0,0,0,0,0
C1249308,c_specimen,train,1,0,2,1,1,0,0,0,0,0,0,1,1,0,0,0,0,0,0,0,0
C1249432,c_specimen,train,1,0,2,0,0,1,2,0,0,0,0,0,0,0,0,0,0,0,0,0,0
C1249517,c_specimen,train,1,0,1,0,0,0,0,0,0,0,0,1,1,0,0,0,0,0,0,0,0
C1249593,c_specimen,train,1,0,3,1,3,0,0,0,0,0,0,0,0,0,0,0,0,0,0,0,0
C1249617,c_specimen,train,2,0,2,0,0,2,2,0,0,0,0,0,0,0,0,0,0,0,0,0,0
C1249618,c_specimen,train,1,0,1,0,0,1,1,0,0,0,0,0,0,0,0,0,0,0,0,0,0
C1249861,c_specimen,train,1,0,1,1,1,0,0,0,0,0,0,0,0,0,0,0,0,0,0,0,0
C1249924,c_specimen,train,1,0,1,1,1,0,0,0,0,0,0,0,0,0,0,0,0,0,0,0,0
C1250378,c_specimen,train,1,0,5,1,5,0,0,0,0,0,0,0,0,0,0,0,0,0,0,0,0
C1250388,c_specimen,train,1,0,3,1,1,0,0,0,0,0,0,0,0,1,2,0,0,0,0,0,0
C1250402,c_specimen,train,2,0,4,2,4,0,0,0,0,0,0,0,0,0,0,0,0,0,0,0,0
C1250521,c_specimen,train,1,0,1,0,0,0,0,0,0,0,0,1,1,0,0,0,0,0,0,0,0
C1250679,c_specimen,train,1,0,1,1,1,0,0,0,0,0,0,0,0,0,0,0,0,0,0,0,0
C1250928,c_specimen,train,2,0,4,2,4,0,0,0,0,0,0,0,0,0,0,0,0,0,0,0,0
C1250930,c_specimen,train,1,0,1,1,1,0,0,0,0,0,0,0,0,0,0,0,0,0,0,0,0
C1250935,c_specimen,train,1,0,1,0,0,1,1,0,0,0,0,0,0,0,0,0,0,0,0,0,0
C1250974,c_specimen,train,1,0,1,1,1,0,0,0,0,0,0,0,0,0,0,0,0,0,0,0,0
C1251012,c_specimen,train,2,0,4,2,3,0,0,0,0,0,0,1,1,0,0,0,0,0,0,0,0
C1251135,c_specimen,train,1,0,1,0,0,1,1,0,0,0,0,0,0,0,0,0,0,0,0,0,0
C1251144,c_specimen,train,1,0,3,0,0,1,3,0,0,0,0,0,0,0,0,0,0,0,0,0,0
C1251170,c_specimen,train,1,0,3,0,0,1,3,0,0,0,0,0,0,0,0,0,0,0,0,0,0
C1251194,c_specimen,train,1,0,1,1,1,0,0,0,0,0,0,0,0,0,0,0,0,0,0,0,0
C1251379,c_specimen,train,2,0,5,2,4,0,0,0,0,0,0,1,1,0,0,0,0,0,0,0,0
C1251381,c_specimen,train,2,0,4,2,3,0,0,0,0,0,0,0,0,0,0,1,1,0,0,0,0
C1251586,c_specimen,train,1,0,4,0,0,1,4,0,0,0,0,0,0,0,0,0,0,0,0,0,0
C1251587,c_specimen,train,1,0,1,0,0,1,1,0,0,0,0,0,0,0,0,0,0,0,0,0,0
C1251588,c_specimen,train,1,0,2,0,0,1,2,0,0,0,0,0,0,0,0,0,0,0,0,0,0
C1251618,c_specimen,train,1,0,1,0,0,1,1,0,0,0,0,0,0,0,0,0,0,0,0,0,0
C1251739,c_specimen,train,1,0,1,0,0,0,0,0,0,1,1,0,0,0,0,0,0,0,0,0,0
C1256060,c_specimen,train,1,0,1,1,1,0,0,0,0,0,0,0,0,0,0,0,0,0,0,0,0
C1256351,c_specimen,train,1,0,2,1,2,0,0,0,0,0,0,0,0,0,0,0,0,0,0,0,0
C1256597,c_specimen,train,1,0,1,0,0,0,0,0,0,0,0,1,1,0,0,0,0,0,0,0,0
C1256620,c_specimen,train,1,0,2,1,1,0,0,0,0,0,0,0,0,0,0,0,0,1,1,0,0
C1256736,c_specimen,train,1,0,2,0,0,1,2,0,0,0,0,0,0,0,0,0,0,0,0,0,0
C1256753,c_specimen,train,1,0,1,0,0,0,0,0,0,0,0,1,1,0,0,0,0,0,0,0,0
C1256945,c_specimen,train,1,0,6,1,6,0,0,0,0,0,0,0,0,0,0,0,0,0,0,0,0
C1257376,c_specimen,train,1,0,1,1,1,0,0,0,0,0,0,0,0,0,0,0,0,0,0,0,0
C1257584,c_specimen,train,1,0,6,1,1,0,0,0,0,0,0,1,4,1,1,0,0,0,0,0,0
C1257666,c_specimen,train,1,0,2,1,1,0,0,0,0,0,0,1,1,0,0,0,0,0,0,0,0
C1257726,c_specimen,train,1,0,1,0,0,0,0,0,0,1,1,0,0,0,0,0,0,0,0,0,0
C1257757,c_specimen,train,2,0,8,2,3,0,0,0,0,0,0,1,1,1,4,0,0,0,0,0,0
C1257760,c_specimen,train,1,0,1,0,0,0,0,0,0,0,0,1,1,0,0,0,0,0,0,0,0
C1257774,c_specimen,train,1,0,1,0,0,0,0,0,0,1,1,0,0,0,0,0,0,0,0,0,0
C1257849,c_specimen,train,1,0,1,1,1,0,0,0,0,0,0,0,0,0,0,0,0,0,0,0,0
C1257850,c_specimen,train,1,0,2,0,0,0,0,0,0,0,0,1,1,0,0,0,0,1,1,0,0
C1257852,c_specimen,train,1,0,2,1,2,0,0,0,0,0,0,0,0,0,0,0,0,0,0,0,0
C1257873,c_specimen,train,1,0,3,1,3,0,0,0,0,0,0,0,0,0,0,0,0,0,0,0,0
C1257884,c_specimen,train,2,0,3,0,0,2,3,0,0,0,0,0,0,0,0,0,0,0,0,0,0
C1257894,c_specimen,train,1,0,2,1,2,0,0,0,0,0,0,0,0,0,0,0,0,0,0,0,0
C1258139,c_specimen,train,1,0,1,0,0,1,1,0,0,0,0,0,0,0,0,0,0,0,0,0,0
C1258185,c_specimen,train,1,0,5,0,0,0,0,0,0,0,0,1,5,0,0,0,0,0,0,0,0
C1258500,c_specimen,train,1,0,2,0,0,0,0,0,0,0,0,1,2,0,0,0,0,0,0,0,0
C1258538,c_specimen,train,2,0,4,0,0,0,0,0,0,0,0,2,4,0,0,0,0,0,0,0,0
C1258543,c_specimen,val,2,0,3,2,3,0,0,0,0,0,0,0,0,0,0,0,0,0,0,0,0
C1258546,c_specimen,train,1,0,1,1,1,0,0,0,0,0,0,0,0,0,0,0,0,0,0,0,0
C1258547,c_specimen,val,2,0,4,1,2,0,0,0,0,0,0,1,2,0,0,0,0,0,0,0,0
C1258580,c_specimen,train,1,0,2,1,2,0,0,0,0,0,0,0,0,0,0,0,0,0,0,0,0
C1258593,c_specimen,train,1,0,1,0,0,1,1,0,0,0,0,0,0,0,0,0,0,0,0,0,0
C1258596,c_specimen,train,1,0,2,0,0,0,0,0,0,1,2,0,0,0,0,0,0,0,0,0,0
C1258729,c_specimen,train,1,0,1,0,0,0,0,0,0,0,0,1,1,0,0,0,0,0,0,0,0
C1258754,c_specimen,train,1,0,2,0,0,0,0,0,0,0,0,1,1,0,0,0,0,1,1,0,0
C1258804,c_specimen,train,1,0,1,0,0,0,0,0,0,0,0,1,1,0,0,0,0,0,0,0,0
C1258823,c_specimen,train,1,0,5,1,3,0,0,0,0,0,0,0,0,0,0,0,0,1,2,0,0
C1258831,c_specimen,val,1,0,1,0,0,0,0,0,0,0,0,1,1,0,0,0,0,0,0,0,0
C1258849,c_specimen,train,2,0,2,1,1,0,0,0,0,0,0,1,1,0,0,0,0,0,0,0,0
C1258908,c_specimen,val,3,0,7,2,4,0,0,0,0,0,0,1,1,0,0,0,0,1,2,0,0
C1258924,c_specimen,train,1,0,1,0,0,0,0,0,0,0,0,1,1,0,0,0,0,0,0,0,0
C1258965,c_specimen,train,1,0,1,0,0,0,0,0,0,0,0,1,1,0,0,0,0,0,0,0,0
C1259064,c_specimen,val,2,0,4,2,4,0,0,0,0,0,0,0,0,0,0,0,0,0,0,0,0
C1259074,c_specimen,train,1,0,2,1,1,0,0,0,0,0,0,0,0,1,1,0,0,0,0,0,0
C1259102,c_specimen,train,1,0,1,0,0,0,0,0,0,0,0,1,1,0,0,0,0,0,0,0,0
C1259115,c_specimen,train,1,0,1,1,1,0,0,0,0,0,0,0,0,0,0,0,0,0,0,0,0
C1259206,c_specimen,train,1,0,1,1,1,0,0,0,0,0,0,0,0,0,0,0,0,0,0,0,0
C1259235,c_specimen,train,1,0,4,0,0,1,3,0,0,0,0,0,0,0,0,0,0,1,1,0,0
C1259293,c_specimen,train,1,0,1,0,0,0,0,0,0,0,0,1,1,0,0,0,0,0,0,0,0
C1259294,c_specimen,train,1,0,1,0,0,0,0,0,0,0,0,1,1,0,0,0,0,0,0,0,0
C1259429,c_specimen,train,1,0,2,1,2,0,0,0,0,0,0,0,0,0,0,0,0,0,0,0,0
C1259685,c_specimen,val,1,0,1,0,0,0,0,0,0,0,0,1,1,0,0,0,0,0,0,0,0
C1259697,c_specimen,train,1,0,2,1,2,0,0,0,0,0,0,0,0,0,0,0,0,0,0,0,0
C1259734,c_specimen,train,1,0,1,1,1,0,0,0,0,0,0,0,0,0,0,0,0,0,0,0,0
C1259745,c_specimen,train,1,0,2,1,1,0,0,0,0,0,0,1,1,0,0,0,0,0,0,0,0
C1259763,c_specimen,train,1,0,2,1,2,0,0,0,0,0,0,0,0,0,0,0,0,0,0,0,0
C1259793,c_specimen,train,1,0,1,0,0,0,0,0,0,0,0,1,1,0,0,0,0,0,0,0,0
C1259898,c_specimen,train,1,0,1,0,0,0,0,0,0,0,0,1,1,0,0,0,0,0,0,0,0
C1259914,c_specimen,train,1,0,1,1,1,0,0,0,0,0,0,0,0,0,0,0,0,0,0,0,0
C1259928,c_specimen,train,1,0,5,1,2,0,0,0,0,0,0,1,2,1,1,0,0,0,0,0,0
C1260050,c_specimen,train,1,0,1,1,1,0,0,0,0,0,0,0,0,0,0,0,0,0,0,0,0
C1260079,c_specimen,train,1,0,1,0,0,0,0,0,0,0,0,1,1,0,0,0,0,0,0,0,0
C1260080,c_specimen,val,1,0,1,0,0,0,0,0,0,0,0,1,1,0,0,0,0,0,0,0,0
C1260088,c_specimen,train,1,0,2,1,2,0,0,0,0,0,0,0,0,0,0,0,0,0,0,0,0
C1260107,c_specimen,train,1,0,1,0,0,0,0,0,0,0,0,1,1,0,0,0,0,0,0,0,0
C1260173,c_specimen,train,1,0,1,1,1,0,0,0,0,0,0,0,0,0,0,0,0,0,0,0,0
C1260330,c_specimen,train,1,0,1,0,0,0,0,0,0,0,0,1,1,0,0,0,0,0,0,0,0
C1260482,c_specimen,train,1,0,2,1,1,0,0,0,0,0,0,0,0,1,1,0,0,0,0,0,0
C1260507,c_specimen,train,1,0,1,0,0,0,0,0,0,0,0,1,1,0,0,0,0,0,0,0,0
C1260556,c_specimen,train,1,0,1,0,0,0,0,0,0,1,1,0,0,0,0,0,0,0,0,0,0
C1260599,c_specimen,train,1,0,1,0,0,0,0,0,0,0,0,1,1,0,0,0,0,0,0,0,0
C1260601,c_specimen,train,1,0,3,0,0,0,0,0,0,0,0,1,3,0,0,0,0,0,0,0,0
C1260688,c_specimen,train,1,0,1,0,0,0,0,0,0,0,0,0,0,0,0,1,1,0,0,0,0
C1260691,c_specimen,train,2,0,2,0,0,2,2,0,0,0,0,0,0,0,0,0,0,0,0,0,0
C1260695,c_specimen,train,1,0,1,0,0,0,0,0,0,0,0,1,1,0,0,0,0,0,0,0,0
C1260709,c_specimen,train,1,0,2,0,0,0,0,0,0,0,0,0,0,0,0,1,2,0,0,0,0
C1260738,c_specimen,train,1,0,1,0,0,0,0,0,0,0,0,1,1,0,0,0,0,0,0,0,0
C1260756,c_specimen,train,1,0,7,0,0,0,0,0,0,0,0,1,7,0,0,0,0,0,0,0,0
C1260979,c_specimen,train,1,0,1,1,1,0,0,0,0,0,0,0,0,0,0,0,0,0,0,0,0
C1260992,c_specimen,train,1,0,1,0,0,1,1,0,0,0,0,0,0,0,0,0,0,0,0,0,0
C1260997,c_specimen,train,2,0,2,2,2,0,0,0,0,0,0,0,0,0,0,0,0,0,0,0,0
C1261042,c_specimen,val,1,0,1,0,0,0,0,0,0,0,0,1,1,0,0,0,0,0,0,0,0
C1261068,c_specimen,train,1,0,1,1,1,0,0,0,0,0,0,0,0,0,0,0,0,0,0,0,0
C1261072,c_specimen,train,1,0,1,1,1,0,0,0,0,0,0,0,0,0,0,0,0,0,0,0,0
C1261076,c_specimen,train,1,0,3,0,0,0,0,0,0,0,0,1,3,0,0,0,0,0,0,0,0
C1261174,c_specimen,train,1,0,2,0,0,0,0,0,0,0,0,1,2,0,0,0,0,0,0,0,0
C1261175,c_specimen,train,2,0,2,2,2,0,0,0,0,0,0,0,0,0,0,0,0,0,0,0,0
C1261230,c_specimen,train,2,0,4,2,4,0,0,0,0,0,0,0,0,0,0,0,0,0,0,0,0
C1261307,c_specimen,train,3,0,5,0,0,3,5,0,0,0,0,0,0,0,0,0,0,0,0,0,0
C1261366,c_specimen,train,1,0,1,1,1,0,0,0,0,0,0,0,0,0,0,0,0,0,0,0,0
C1261396,c_specimen,train,1,0,1,0,0,0,0,0,0,0,0,1,1,0,0,0,0,0,0,0,0
C1261431,c_specimen,train,1,0,5,1,5,0,0,0,0,0,0,0,0,0,0,0,0,0,0,0,0
C1261463,c_specimen,train,1,0,3,1,2,1,1,0,0,0,0,0,0,0,0,0,0,0,0,0,0
C1261503,c_specimen,train,2,0,2,2,2,0,0,0,0,0,0,0,0,0,0,0,0,0,0,0,0
C1261567,c_specimen,train,1,0,1,1,1,0,0,0,0,0,0,0,0,0,0,0,0,0,0,0,0
C1261585,c_specimen,train,2,0,2,0,0,2,2,0,0,0,0,0,0,0,0,0,0,0,0,0,0
C1261672,c_specimen,train,2,0,2,0,0,2,2,0,0,0,0,0,0,0,0,0,0,0,0,0,0
C1261674,c_specimen,train,3,0,3,0,0,3,3,0,0,0,0,0,0,0,0,0,0,0,0,0,0
C1261850,c_specimen,train,1,0,1,0,0,0,0,0,0,0,0,1,1,0,0,0,0,0,0,0,0
C1261952,c_specimen,train,1,0,1,0,0,1,1,0,0,0,0,0,0,0,0,0,0,0,0,0,0
C1261962,c_specimen,train,1,0,2,0,0,0,0,0,0,0,0,1,2,0,0,0,0,0,0,0,0
C1261963,c_specimen,train,1,0,4,0,0,1,4,0,0,0,0,0,0,0,0,0,0,0,0,0,0
C1261972,c_specimen,train,1,0,1,0,0,1,1,0,0,0,0,0,0,0,0,0,0,0,0,0,0
C1261975,c_specimen,train,1,0,1,1,1,0,0,0,0,0,0,0,0,0,0,0,0,0,0,0,0
C1261992,c_specimen,train,1,0,9,0,0,1,9,0,0,0,0,0,0,0,0,0,0,0,0,0,0
C1261997,c_specimen,train,1,0,2,0,0,1,2,0,0,0,0,0,0,0,0,0,0,0,0,0,0
C1262000,c_specimen,train,2,0,4,0,0,2,4,0,0,0,0,0,0,0,0,0,0,0,0,0,0
C1262044,c_specimen,train,1,0,3,0,0,1,2,0,0,0,0,0,0,0,0,0,0,1,1,0,0
C1262049,c_specimen,train,1,0,3,0,0,0,0,0,0,0,0,1,1,0,0,1,2,0,0,0,0
C1262054,c_specimen,train,1,0,3,0,0,0,0,0,0,0,0,1,1,1,2,0,0,0,0,0,0
C1262104,c_specimen,train,1,0,1,0,0,0,0,0,0,0,0,1,1,0,0,0,0,0,0,0,0
C1262131,c_specimen,train,1,0,2,0,0,0,0,0,0,0,0,1,2,0,0,0,0,0,0,0,0
C1262244,c_specimen,train,2,0,4,1,1,0,0,0,0,0,0,2,2,0,0,0,0,1,1,0,0
C1262283,c_specimen,train,1,0,1,1,1,0,0,0,0,0,0,0,0,0,0,0,0,0,0,0,0
C1262391,c_specimen,train,1,0,1,0,0,0,0,0,0,0,0,1,1,0,0,0,0,0,0,0,0
C1262407,c_specimen,train,1,0,2,1,2,0,0,0,0,0,0,0,0,0,0,0,0,0,0,0,0
C1262466,c_specimen,train,1,0,1,0,0,0,0,0,0,0,0,1,1,0,0,0,0,0,0,0,0
C1262469,c_specimen,train,2,0,4,2,4,0,0,0,0,0,0,0,0,0,0,0,0,0,0,0,0
C1262484,c_specimen,val,1,0,1,0,0,0,0,0,0,1,1,0,0,0,0,0,0,0,0,0,0
C1262531,c_specimen,train,1,0,1,1,1,0,0,0,0,0,0,0,0,0,0,0,0,0,0,0,0
C1262539,c_specimen,train,1,0,1,0,0,0,0,0,0,1,1,0,0,0,0,0,0,0,0,0,0
C1262596,c_specimen,train,1,0,1,1,1,0,0,0,0,0,0,0,0,0,0,0,0,0,0,0,0
C1262608,c_specimen,train,1,0,1,0,0,0,0,0,0,0,0,1,1,0,0,0,0,0,0,0,0
C1262639,c_specimen,train,2,0,4,2,4,0,0,0,0,0,0,0,0,0,0,0,0,0,0,0,0
C1262690,c_specimen,val,1,0,1,0,0,0,0,0,0,0,0,1,1,0,0,0,0,0,0,0,0
C1262775,c_specimen,train,1,0,2,1,1,0,0,0,0,0,0,0,0,0,0,0,0,1,1,0,0
C1262783,c_specimen,train,1,0,1,1,1,0,0,0,0,0,0,0,0,0,0,0,0,0,0,0,0
C1262847,c_specimen,train,1,0,2,1,1,0,0,0,0,0,0,1,1,0,0,0,0,0,0,0,0
C1262953,c_specimen,train,1,0,3,1,2,0,0,0,0,0,0,1,1,0,0,0,0,0,0,0,0
C1262982,c_specimen,train,2,0,10,2,8,0,0,0,0,0,0,1,2,0,0,0,0,0,0,0,0
C1263142,c_specimen,train,1,0,2,1,2,0,0,0,0,0,0,0,0,0,0,0,0,0,0,0,0
C1263178,c_specimen,train,1,0,1,1,1,0,0,0,0,0,0,0,0,0,0,0,0,0,0,0,0
C1263228,c_specimen,train,1,0,2,1,2,0,0,0,0,0,0,0,0,0,0,0,0,0,0,0,0
C1263232,c_specimen,train,1,0,1,1,1,0,0,0,0,0,0,0,0,0,0,0,0,0,0,0,0
C1263498,c_specimen,train,1,0,1,1,1,0,0,0,0,0,0,0,0,0,0,0,0,0,0,0,0
C1264124,c_specimen,train,1,0,3,1,2,0,0,0,0,0,0,0,0,0,0,0,0,1,1,0,0
C1264298,c_specimen,train,1,0,1,1,1,0,0,0,0,0,0,0,0,0,0,0,0,0,0,0,0
C1264398,c_specimen,val,5,0,15,0,0,5,14,0,0,1,1,0,0,0,0,0,0,0,0,0,0
C1264502,c_specimen,train,2,0,4,2,2,0,0,0,0,0,0,2,2,0,0,0,0,0,0,0,0
C1264877,c_specimen,train,1,0,4,0,0,0,0,0,0,0,0,0,0,0,0,1,4,0,0,0,0
C1264884,c_specimen,train,1,0,1,0,0,0,0,0,0,0,0,0,0,0,0,1,1,0,0,0,0
C1264937,c_specimen,train,1,0,9,1,1,0,0,0,0,0,0,1,1,1,7,0,0,0,0,0,0
C1265029,c_specimen,train,2,0,2,1,1,0,0,0,0,0,0,1,1,0,0,0,0,0,0,0,0
C1265111,c_specimen,train,1,0,1,1,1,0,0,0,0,0,0,0,0,0,0,0,0,0,0,0,0
C1265128,c_specimen,train,1,0,1,0,0,0,0,0,0,0,0,1,1,0,0,0,0,0,0,0,0
C1265194,c_specimen,train,1,0,1,0,0,0,0,0,0,0,0,1,1,0,0,0,0,0,0,0,0
C1265199,c_specimen,train,2,0,2,0,0,0,0,0,0,0,0,2,2,0,0,0,0,0,0,0,0
C1265201,c_specimen,train,1,0,1,0,0,0,0,0,0,0,0,1,1,0,0,0,0,0,0,0,0
C1265203,c_specimen,train,2,0,2,0,0,0,0,0,0,0,0,2,2,0,0,0,0,0,0,0,0
C1265224,c_specimen,train,1,0,1,1,1,0,0,0,0,0,0,0,0,0,0,0,0,0,0,0,0
C1265380,c_specimen,train,1,0,1,1,1,0,0,0,0,0,0,0,0,0,0,0,0,0,0,0,0
C1265403,c_specimen,train,1,0,1,0,0,0,0,0,0,0,0,1,1,0,0,0,0,0,0,0,0
C1265423,c_specimen,val,1,0,2,1,2,0,0,0,0,0,0,0,0,0,0,0,0,0,0,0,0
C1265425,c_specimen,train,1,0,1,0,0,0,0,0,0,0,0,0,0,0,0,1,1,0,0,0,0
C1265510,c_specimen,train,1,0,1,0,0,0,0,0,0,0,0,0,0,0,0,1,1,0,0,0,0
C1265609,c_specimen,train,1,0,1,1,1,0,0,0,0,0,0,0,0,0,0,0,0,0,0,0,0
C1265736,c_specimen,train,1,0,1,1,1,0,0,0,0,0,0,0,0,0,0,0,0,0,0,0,0
C1265771,c_specimen,train,1,0,1,0,0,0,0,0,0,0,0,0,0,0,0,1,1,0,0,0,0
C1265818,c_specimen,train,2,0,3,2,3,0,0,0,0,0,0,0,0,0,0,0,0,0,0,0,0
C1266019,c_specimen,train,1,0,1,1,1,0,0,0,0,0,0,0,0,0,0,0,0,0,0,0,0
C1266042,c_specimen,val,1,0,1,0,0,0,0,0,0,0,0,1,1,0,0,0,0,0,0,0,0
C1266122,c_specimen,train,2,0,2,0,0,2,2,0,0,0,0,0,0,0,0,0,0,0,0,0,0
C1266152,c_specimen,train,1,0,1,1,1,0,0,0,0,0,0,0,0,0,0,0,0,0,0,0,0
C1266292,c_specimen,train,1,0,1,1,1,0,0,0,0,0,0,0,0,0,0,0,0,0,0,0,0
C1266296,c_specimen,train,1,0,1,0,0,0,0,0,0,0,0,0,0,0,0,1,1,0,0,0,0
C1266313,c_specimen,train,1,0,1,0,0,0,0,0,0,0,0,1,1,0,0,0,0,0,0,0,0
C1266382,c_specimen,train,1,0,1,1,1,0,0,0,0,0,0,0,0,0,0,0,0,0,0,0,0
C1266442,c_specimen,train,1,0,2,1,1,0,0,0,0,0,0,0,0,0,0,0,0,1,1,0,0
C1266470,c_specimen,train,3,0,25,0,0,0,0,0,0,3,24,0,0,0,0,0,0,1,1,0,0
C1266542,c_specimen,train,3,0,3,0,0,3,3,0,0,0,0,0,0,0,0,0,0,0,0,0,0
C1266543,c_specimen,train,1,0,2,0,0,1,2,0,0,0,0,0,0,0,0,0,0,0,0,0,0
C1266548,c_specimen,train,2,0,2,2,2,0,0,0,0,0,0,0,0,0,0,0,0,0,0,0,0
C1266633,c_specimen,train,1,0,1,0,0,1,1,0,0,0,0,0,0,0,0,0,0,0,0,0,0
C1266642,c_specimen,train,1,0,1,0,0,1,1,0,0,0,0,0,0,0,0,0,0,0,0,0,0
C1266643,c_specimen,train,1,0,1,0,0,1,1,0,0,0,0,0,0,0,0,0,0,0,0,0,0
C1266663,c_specimen,train,1,0,1,1,1,0,0,0,0,0,0,0,0,0,0,0,0,0,0,0,0
C1266716,c_specimen,train,1,0,1,0,0,0,0,0,0,0,0,1,1,0,0,0,0,0,0,0,0
C1266734,c_specimen,train,1,0,1,0,0,0,0,0,0,1,1,0,0,0,0,0,0,0,0,0,0
C1266736,c_specimen,train,1,0,1,0,0,0,0,0,0,0,0,1,1,0,0,0,0,0,0,0,0
C1266800,c_specimen,train,1,0,1,0,0,0,0,0,0,0,0,0,0,0,0,1,1,0,0,0,0
C1266830,c_specimen,train,1,0,1,1,1,0,0,0,0,0,0,0,0,0,0,0,0,0,0,0,0
C1266831,c_specimen,train,1,0,1,1,1,0,0,0,0,0,0,0,0,0,0,0,0,0,0,0,0
C1266840,c_specimen,train,1,0,1,0,0,1,1,0,0,0,0,0,0,0,0,0,0,0,0,0,0
C1266876,c_specimen,val,1,0,1,0,0,0,0,0,0,0,0,1,1,0,0,0,0,0,0,0,0
C1266888,c_specimen,train,1,0,1,0,0,0,0,0,0,0,0,1,1,0,0,0,0,0,0,0,0
C1266899,c_specimen,train,1,0,1,0,0,0,0,0,0,0,0,1,1,0,0,0,0,0,0,0,0
C1266903,c_specimen,val,1,0,1,0,0,0,0,0,0,0,0,1,1,0,0,0,0,0,0,0,0
C1266913,c_specimen,train,1,0,1,0,0,1,1,0,0,0,0,0,0,0,0,0,0,0,0,0,0
C1266941,c_specimen,train,1,0,4,1,1,0,0,0,0,0,0,1,1,0,0,0,0,1,2,0,0
C1266943,c_specimen,train,1,0,1,1,1,0,0,0,0,0,0,0,0,0,0,0,0,0,0,0,0
C1266959,c_specimen,train,1,0,1,1,1,0,0,0,0,0,0,0,0,0,0,0,0,0,0,0,0
C1266980,c_specimen,train,1,0,1,1,1,0,0,0,0,0,0,0,0,0,0,0,0,0,0,0,0
C1267018,c_specimen,train,1,0,2,1,1,1,1,0,0,0,0,0,0,0,0,0,0,0,0,0,0
C1267020,c_specimen,train,2,0,4,0,0,2,4,0,0,0,0,0,0,0,0,0,0,0,0,0,0
C1267166,c_specimen,train,1,0,1,1,1,0,0,0,0,0,0,0,0,0,0,0,0,0,0,0,0
C1267178,c_specimen,train,2,0,6,2,2,0,0,0,0,0,0,0,0,0,0,0,0,1,4,0,0
C1267184,c_specimen,train,1,0,1,0,0,0,0,0,0,1,1,0,0,0,0,0,0,0,0,0,0
C1267209,c_specimen,train,1,0,1,1,1,0,0,0,0,0,0,0,0,0,0,0,0,0,0,0,0
C1267247,c_specimen,train,1,0,2,0,0,1,2,0,0,0,0,0,0,0,0,0,0,0,0,0,0
C1267248,c_specimen,train,1,0,1,0,0,1,1,0,0,0,0,0,0,0,0,0,0,0,0,0,0
C1267249,c_specimen,train,2,0,2,0,0,2,2,0,0,0,0,0,0,0,0,0,0,0,0,0,0
C1267251,c_specimen,val,3,0,4,0,0,3,4,0,0,0,0,0,0,0,0,0,0,0,0,0,0
C1267271,c_specimen,train,1,0,1,0,0,1,1,0,0,0,0,0,0,0,0,0,0,0,0,0,0
C1267272,c_specimen,train,1,0,1,0,0,1,1,0,0,0,0,0,0,0,0,0,0,0,0,0,0
C1267290,c_specimen,train,1,0,1,0,0,0,0,0,0,0,0,0,0,0,0,1,1,0,0,0,0
C1267292,c_specimen,val,1,0,3,1,3,0,0,0,0,0,0,0,0,0,0,0,0,0,0,0,0
C1267321,c_specimen,train,1,0,3,0,0,0,0,0,0,0,0,1,2,1,1,0,0,0,0,0,0
C1267324,c_specimen,val,1,0,1,1,1,0,0,0,0,0,0,0,0,0,0,0,0,0,0,0,0
C1267329,c_specimen,train,1,0,1,1,1,0,0,0,0,0,0,0,0,0,0,0,0,0,0,0,0
C1267335,c_specimen,train,1,0,1,0,0,0,0,0,0,0,0,1,1,0,0,0,0,0,0,0,0
C1267341,c_specimen,train,1,0,2,1,1,0,0,0,0,0,0,1,1,0,0,0,0,0,0,0,0
C1267342,c_specimen,train,2,0,2,0,0,2,2,0,0,0,0,0,0,0,0,0,0,0,0,0,0
C1267416,c_specimen,train,1,0,1,0,0,0,0,0,0,0,0,1,1,0,0,0,0,0,0,0,0
C1267417,c_specimen,val,1,0,1,1,1,0,0,0,0,0,0,0,0,0,0,0,0,0,0,0,0
C1267431,c_specimen,train,1,0,2,1,1,0,0,0,0,0,0,1,1,0,0,0,0,0,0,0,0
C1267433,c_specimen,val,2,0,2,2,2,0,0,0,0,0,0,0,0,0,0,0,0,0,0,0,0
C1267444,c_specimen,train,1,0,1,0,0,0,0,0,0,0,0,1,1,0,0,0,0,0,0,0,0
C1267445,c_specimen,train,1,0,2,1,1,0,0,0,0,0,0,1,1,0,0,0,0,0,0,0,0
C1267453,c_specimen,train,1,0,3,0,0,0,0,0,0,0,0,1,1,0,0,0,0,1,2,0,0
C1267468,c_specimen,train,2,0,2,0,0,0,0,0,0,0,0,2,2,0,0,0,0,0,0,0,0
C1267556,c_specimen,train,1,0,2,0,0,0,0,0,0,0,0,1,2,0,0,0,0,0,0,0,0
C1267564,c_specimen,train,1,0,3,1,3,0,0,0,0,0,0,0,0,0,0,0,0,0,0,0,0
C1267662,c_specimen,train,1,0,3,0,0,0,0,0,0,0,0,0,0,1,3,0,0,0,0,0,0
C1267763,c_specimen,val,1,0,1,1,1,0,0,0,0,0,0,0,0,0,0,0,0,0,0,0,0
C1268003,c_specimen,train,1,0,1,0,0,0,0,0,0,0,0,1,1,0,0,0,0,0,0,0,0
C1268045,c_specimen,train,1,0,1,0,0,0,0,0,0,0,0,1,1,0,0,0,0,0,0,0,0
C1268118,c_specimen,train,1,0,1,0,0,0,0,0,0,0,0,1,1,0,0,0,0,0,0,0,0
C1268119,c_specimen,train,1,0,2,1,1,0,0,0,0,0,0,1,1,0,0,0,0,0,0,0,0
C1268243,c_specimen,train,1,0,1,1,1,0,0,0,0,0,0,0,0,0,0,0,0,0,0,0,0
C1268273,c_specimen,train,1,0,1,0,0,0,0,0,0,0,0,1,1,0,0,0,0,0,0,0,0
C1268276,c_specimen,train,1,0,2,1,1,1,1,0,0,0,0,0,0,0,0,0,0,0,0,0,0
C1268397,c_specimen,val,2,0,2,2,2,0,0,0,0,0,0,0,0,0,0,0,0,0,0,0,0
C1268404,c_specimen,train,1,0,2,1,1,0,0,0,0,0,0,0,0,0,0,0,0,1,1,0,0
C1268520,c_specimen,train,1,0,1,0,0,0,0,0,0,1,1,0,0,0,0,0,0,0,0,0,0
C1268570,c_specimen,train,1,0,1,0,0,0,0,0,0,0,0,0,0,1,1,0,0,0,0,0,0
C1268610,c_specimen,train,1,0,1,0,0,0,0,0,0,1,1,0,0,0,0,0,0,0,0,0,0
C1268611,c_specimen,train,1,0,1,0,0,0,0,0,0,1,1,0,0,0,0,0,0,0,0,0,0
C1268661,c_specimen,train,1,0,1,0,0,0,0,0,0,0,0,1,1,0,0,0,0,0,0,0,0
C1268737,c_specimen,train,1,0,1,1,1,0,0,0,0,0,0,0,0,0,0,0,0,0,0,0,0
C1268800,c_specimen,train,1,0,2,0,0,0,0,0,0,0,0,1,2,0,0,0,0,0,0,0,0
C1269171,c_specimen,train,1,0,1,0,0,0,0,0,0,0,0,1,1,0,0,0,0,0,0,0,0
C1269421,c_specimen,train,2,0,3,0,0,0,0,0,0,0,0,2,3,0,0,0,0,0,0,0,0
C1269465,c_specimen,train,1,0,1,0,0,0,0,0,0,0,0,0,0,0,0,1,1,0,0,0,0
C1269501,c_specimen,train,1,0,3,0,0,0,0,0,0,0,0,1,3,0,0,0,0,0,0,0,0
C1269699,c_specimen,train,1,0,1,1,1,0,0,0,0,0,0,0,0,0,0,0,0,0,0,0,0
C1269777,c_specimen,train,1,0,1,0,0,0,0,0,0,0,0,1,1,0,0,0,0,0,0,0,0
C1269807,c_specimen,val,4,0,4,0,0,4,4,0,0,0,0,0,0,0,0,0,0,0,0,0,0
C1269821,c_specimen,train,1,0,1,0,0,0,0,0,0,0,0,1,1,0,0,0,0,0,0,0,0
C1269840,c_specimen,train,1,0,1,1,1,0,0,0,0,0,0,0,0,0,0,0,0,0,0,0,0
C1269901,c_specimen,train,1,0,1,0,0,0,0,0,0,0,0,1,1,0,0,0,0,0,0,0,0
C1269906,c_specimen,train,1,0,1,0,0,0,0,0,0,0,0,1,1,0,0,0,0,0,0,0,0
C1269934,c_specimen,train,1,0,1,0,0,0,0,0,0,0,0,0,0,0,0,1,1,0,0,0,0
C1269988,c_specimen,train,1,0,5,1,5,0,0,0,0,0,0,0,0,0,0,0,0,0,0,0,0
C1270076,c_specimen,train,1,0,10,0,0,0,0,0,0,0,0,0,0,1,10,0,0,0,0,0,0
C1270077,c_specimen,train,1,0,4,0,0,0,0,0,0,0,0,1,1,1,3,0,0,0,0,0,0
C1270084,c_specimen,train,1,0,9,0,0,0,0,0,0,0,0,0,0,0,0,1,7,1,2,0,0
C1270160,c_specimen,train,1,0,1,1,1,0,0,0,0,0,0,0,0,0,0,0,0,0,0,0,0
C1270166,c_specimen,train,1,0,2,1,2,0,0,0,0,0,0,0,0,0,0,0,0,0,0,0,0
C1270186,c_specimen,train,1,0,2,1,2,0,0,0,0,0,0,0,0,0,0,0,0,0,0,0,0
C1270219,c_specimen,train,1,0,2,1,2,0,0,0,0,0,0,0,0,0,0,0,0,0,0,0,0
C1270236,c_specimen,train,2,0,13,2,11,0,0,0,0,0,0,2,2,0,0,0,0,0,0,0,0
C1270241,c_specimen,train,1,0,1,1,1,0,0,0,0,0,0,0,0,0,0,0,0,0,0,0,0
C1270257,c_specimen,train,1,0,9,1,7,1,2,0,0,0,0,0,0,0,0,0,0,0,0,0,0
C1270268,c_specimen,train,2,0,6,2,5,0,0,0,0,0,0,0,0,0,0,0,0,1,1,0,0
C1270274,c_specimen,train,1,0,9,1,9,0,0,0,0,0,0,0,0,0,0,0,0,0,0,0,0
C1270280,c_specimen,train,2,0,14,2,13,1,1,0,0,0,0,0,0,0,0,0,0,0,0,0,0
C1270288,c_specimen,train,1,0,1,0,0,0,0,0,0,0,0,1,1,0,0,0,0,0,0,0,0
C1270290,c_specimen,train,1,0,2,1,2,0,0,0,0,0,0,0,0,0,0,0,0,0,0,0,0
C1270307,c_specimen,val,2,0,9,2,8,0,0,0,0,0,0,0,0,0,0,0,0,1,1,0,0
C1270335,c_specimen,train,1,0,1,1,1,0,0,0,0,0,0,0,0,0,0,0,0,0,0,0,0
C1270364,c_specimen,train,1,0,2,1,2,0,0,0,0,0,0,0,0,0,0,0,0,0,0,0,0
C1270366,c_specimen,train,1,0,1,0,0,0,0,0,0,0,0,1,1,0,0,0,0,0,0,0,0
C1270444,c_specimen,val,2,0,14,2,14,0,0,0,0,0,0,0,0,0,0,0,0,0,0,0,0
C1270518,c_specimen,train,2,0,14,2,8,0,0,0,0,0,0,0,0,0,0,0,0,1,6,0,0
C1270621,c_specimen,train,1,0,1,1,1,0,0,0,0,0,0,0,0,0,0,0,0,0,0,0,0
C1270652,c_specimen,train,1,0,2,1,2,0,0,0,0,0,0,0,0,0,0,0,0,0,0,0,0
C1270730,c_specimen,train,1,0,1,1,1,0,0,0,0,0,0,0,0,0,0,0,0,0,0,0,0
C1270757,c_specimen,train,1,0,3,1,3,0,0,0,0,0,0,0,0,0,0,0,0,0,0,0,0
C1270890,c_specimen,train,4,0,7,4,7,0,0,0,0,0,0,0,0,0,0,0,0,0,0,0,0
C1270933,c_specimen,train,1,0,1,1,1,0,0,0,0,0,0,0,0,0,0,0,0,0,0,0,0
C1271058,c_specimen,val,1,0,1,1,1,0,0,0,0,0,0,0,0,0,0,0,0,0,0,0,0
C1271087,c_specimen,train,1,0,1,1,1,0,0,0,0,0,0,0,0,0,0,0,0,0,0,0,0
C1271187,c_specimen,train,1,0,1,1,1,0,0,0,0,0,0,0,0,0,0,0,0,0,0,0,0
C1271201,c_specimen,train,1,0,1,1,1,0,0,0,0,0,0,0,0,0,0,0,0,0,0,0,0
C1271225,c_specimen,train,1,0,1,1,1,0,0,0,0,0,0,0,0,0,0,0,0,0,0,0,0
C1271350,c_specimen,val,1,0,1,1,1,0,0,0,0,0,0,0,0,0,0,0,0,0,0,0,0
C1271359,c_specimen,train,2,0,4,2,4,0,0,0,0,0,0,0,0,0,0,0,0,0,0,0,0
C1271362,c_specimen,train,2,0,2,2,2,0,0,0,0,0,0,0,0,0,0,0,0,0,0,0,0
C1271363,c_specimen,train,2,0,3,2,3,0,0,0,0,0,0,0,0,0,0,0,0,0,0,0,0
C1271382,c_specimen,val,1,0,1,1,1,0,0,0,0,0,0,0,0,0,0,0,0,0,0,0,0
C1271491,c_specimen,train,1,0,1,1,1,0,0,0,0,0,0,0,0,0,0,0,0,0,0,0,0
C1271781,c_specimen,train,1,0,2,0,0,0,0,0,0,0,0,0,0,0,0,1,2,0,0,0,0
C1271807,c_specimen,train,1,0,2,0,0,0,0,0,0,0,0,1,2,0,0,0,0,0,0,0,0
C1271932,c_specimen,train,4,0,6,0,0,0,0,0,0,0,0,2,2,0,0,3,3,1,1,0,0
C1271933,c_specimen,train,1,0,2,0,0,0,0,0,0,0,0,1,1,1,1,0,0,0,0,0,0
C1271941,c_specimen,train,1,0,1,0,0,0,0,0,0,0,0,1,1,0,0,0,0,0,0,0,0
C1272006,c_specimen,train,1,0,1,0,0,0,0,0,0,0,0,1,1,0,0,0,0,0,0,0,0
C1272008,c_specimen,train,1,0,1,1,1,0,0,0,0,0,0,0,0,0,0,0,0,0,0,0,0
C1272166,c_specimen,train,1,0,2,1,2,0,0,0,0,0,0,0,0,0,0,0,0,0,0,0,0
C1272176,c_specimen,train,1,0,1,0,0,0,0,0,0,0,0,1,1,0,0,0,0,0,0,0,0
C1272365,c_specimen,val,1,0,1,1,1,0,0,0,0,0,0,0,0,0,0,0,0,0,0,0,0
C1272496,c_specimen,train,1,0,1,0,0,0,0,0,0,0,0,1,1,0,0,0,0,0,0,0,0
C1272520,c_specimen,train,1,0,4,1,2,0,0,0,0,0,0,0,0,1,2,0,0,0,0,0,0
C1272640,c_specimen,train,1,0,1,1,1,0,0,0,0,0,0,0,0,0,0,0,0,0,0,0,0
C1272677,c_specimen,train,1,0,1,0,0,0,0,0,0,0,0,1,1,0,0,0,0,0,0,0,0
C1273099,c_specimen,val,2,0,11,1,7,0,0,0,0,0,0,2,4,0,0,0,0,0,0,0,0
C1273105,c_specimen,train,3,0,8,3,6,0,0,0,0,0,0,1,1,0,0,1,1,0,0,0,0
C1273110,c_specimen,train,1,0,10,1,10,0,0,0,0,0,0,0,0,0,0,0,0,0,0,0,0
C1273130,c_specimen,train,3,0,16,3,14,0,0,0,0,0,0,1,1,0,0,0,0,1,1,0,0
C1273142,c_specimen,train,2,0,4,1,3,0,0,0,0,0,0,1,1,0,0,0,0,0,0,0,0
C1273145,c_specimen,train,1,0,3,1,3,0,0,0,0,0,0,0,0,0,0,0,0,0,0,0,0
C1273153,c_specimen,train,1,0,2,0,0,0,0,0,0,0,0,1,1,0,0,0,0,1,1,0,0
C1273207,c_specimen,val,1,0,3,0,0,0,0,0,0,0,0,1,2,0,0,0,0,1,1,0,0
C1273217,c_specimen,train,1,0,1,0,0,0,0,0,0,0,0,1,1,0,0,0,0,0,0,0,0
C1273330,c_specimen,train,1,0,1,0,0,0,0,0,0,0,0,0,0,1,1,0,0,0,0,0,0
C1273338,c_specimen,train,2,0,3,0,0,0,0,0,0,0,0,2,3,0,0,0,0,0,0,0,0
C1273373,c_specimen,train,1,0,1,1,1,0,0,0,0,0,0,0,0,0,0,0,0,0,0,0,0
C1293676,c_specimen,train,1,0,1,0,0,0,0,0,0,0,0,1,1,0,0,0,0,0,0,0,0
C1293802,c_specimen,train,1,0,1,1,1,0,0,0,0,0,0,0,0,0,0,0,0,0,0,0,0
C1293828,c_specimen,train,1,0,1,1,1,0,0,0,0,0,0,0,0,0,0,0,0,0,0,0,0
C1293885,c_specimen,train,2,0,2,0,0,0,0,0,0,0,0,2,2,0,0,0,0,0,0,0,0
C1293942,c_specimen,train,1,0,1,0,0,0,0,0,0,0,0,0,0,0,0,1,1,0,0,0,0
C1293966,c_specimen,train,1,0,1,0,0,0,0,0,0,0,0,1,1,0,0,0,0,0,0,0,0
C1293989,c_specimen,train,4,0,25,3,15,3,9,0,0,0,0,1,1,0,0,0,0,0,0,0,0
C1293995,c_specimen,train,1,0,1,0,0,0,0,0,0,0,0,1,1,0,0,0,0,0,0,0,0
C1293997,c_specimen,train,1,0,1,0,0,0,0,0,0,0,0,1,1,0,0,0,0,0,0,0,0
C1294000,c_specimen,val,3,0,7,3,4,3,3,0,0,0,0,0,0,0,0,0,0,0,0,0,0
C1294003,c_specimen,train,1,0,1,0,0,0,0,0,0,0,0,1,1,0,0,0,0,0,0,0,0
C1294020,c_specimen,train,1,0,5,1,3,1,2,0,0,0,0,0,0,0,0,0,0,0,0,0,0
C1294024,c_specimen,train,1,0,1,0,0,0,0,0,0,0,0,1,1,0,0,0,0,0,0,0,0
C1294026,c_specimen,train,1,0,1,0,0,0,0,0,0,0,0,1,1,0,0,0,0,0,0,0,0
C1294031,c_specimen,train,2,0,7,2,5,1,1,0,0,0,0,1,1,0,0,0,0,0,0,0,0
C1294032,c_specimen,train,1,0,4,1,2,1,1,1,1,0,0,0,0,0,0,0,0,0,0,0,0
C1294034,c_specimen,train,2,0,15,2,10,2,5,0,0,0,0,0,0,0,0,0,0,0,0,0,0
C1294036,c_specimen,train,2,0,7,2,4,2,3,0,0,0,0,0,0,0,0,0,0,0,0,0,0
C1294047,c_specimen,train,1,0,7,1,4,1,3,0,0,0,0,0,0,0,0,0,0,0,0,0,0
C1294073,c_specimen,train,4,0,12,4,7,2,2,3,3,0,0,0,0,0,0,0,0,0,0,0,0
C1294133,c_specimen,train,1,0,2,0,0,0,0,0,0,0,0,1,2,0,0,0,0,0,0,0,0
C1294147,c_specimen,train,2,0,10,2,5,0,0,2,5,0,0,0,0,0,0,0,0,0,0,0,0
C1294205,c_specimen,train,1,0,1,1,1,0,0,0,0,0,0,0,0,0,0,0,0,0,0,0,0
C1294213,c_specimen,train,1,0,8,1,5,1,1,1,2,0,0,0,0,0,0,0,0,0,0,0,0
C1294231,c_specimen,train,1,0,1,0,0,0,0,0,0,0,0,1,1,0,0,0,0,0,0,0,0
C1294245,c_specimen,train,1,0,1,0,0,0,0,0,0,0,0,1,1,0,0,0,0,0,0,0,0
C1294249,c_specimen,train,1,0,1,0,0,0,0,0,0,0,0,1,1,0,0,0,0,0,0,0,0
C1294270,c_specimen,train,6,0,24,6,17,3,4,1,1,0,0,1,2,0,0,0,0,0,0,0,0
C1294273,c_specimen,train,1,0,1,0,0,0,0,0,0,0,0,1,1,0,0,0,0,0,0,0,0
C1294305,c_specimen,train,2,0,9,2,6,1,2,0,0,0,0,1,1,0,0,0,0,0,0,0,0
C1294313,c_specimen,train,1,0,1,1,1,0,0,0,0,0,0,0,0,0,0,0,0,0,0,0,0
C1294315,c_specimen,val,1,0,2,1,2,0,0,0,0,0,0,0,0,0,0,0,0,0,0,0,0
C1294324,c_specimen,train,1,0,2,1,1,0,0,1,1,0,0,0,0,0,0,0,0,0,0,0,0
C1294352,c_specimen,train,1,0,2,0,0,0,0,0,0,0,0,1,2,0,0,0,0,0,0,0,0
C1294369,c_specimen,train,1,0,1,0,0,0,0,0,0,0,0,1,1,0,0,0,0,0,0,0,0
C1294466,c_specimen,train,5,0,11,4,8,0,0,0,0,0,0,3,3,0,0,0,0,0,0,0,0
C1294467,c_specimen,val,2,0,8,2,4,0,0,0,0,0,0,2,4,0,0,0,0,0,0,0,0
C1294474,c_specimen,train,1,0,1,0,0,1,1,0,0,0,0,0,0,0,0,0,0,0,0,0,0
C1294526,c_specimen,train,1,0,1,0,0,0,0,0,0,0,0,1,1,0,0,0,0,0,0,0,0
C1294529,c_specimen,train,2,0,3,1,1,0,0,0,0,0,0,1,2,0,0,0,0,0,0,0,0
C1294531,c_specimen,train,2,0,10,2,5,0,0,0,0,0,0,1,1,1,3,0,0,1,1,0,0
C1294536,c_specimen,val,3,0,9,3,5,0,0,0,0,0,0,2,2,0,0,0,0,1,2,0,0
C1294538,c_specimen,val,2,0,3,1,2,0,0,0,0,0,0,1,1,0,0,0,0,0,0,0,0
C1294554,c_specimen,train,1,0,1,1,1,0,0,0,0,0,0,0,0,0,0,0,0,0,0,0,0
C1294670,c_specimen,train,1,0,1,1,1,0,0,0,0,0,0,0,0,0,0,0,0,0,0,0,0
C1294839,c_specimen,train,1,0,1,0,0,0,0,0,0,0,0,1,1,0,0,0,0,0,0,0,0
C1294906,c_specimen,train,1,0,1,0,0,1,1,0,0,0,0,0,0,0,0,0,0,0,0,0,0
C1295187,c_specimen,train,1,0,1,1,1,0,0,0,0,0,0,0,0,0,0,0,0,0,0,0,0
C1295255,c_specimen,train,1,0,1,0,0,0,0,0,0,0,0,1,1,0,0,0,0,0,0,0,0
C1295404,c_specimen,train,1,0,1,1,1,0,0,0,0,0,0,0,0,0,0,0,0,0,0,0,0
C1295451,c_specimen,train,1,0,1,0,0,0,0,0,0,0,0,1,1,0,0,0,0,0,0,0,0
C1296057,c_specimen,train,1,0,1,0,0,0,0,0,0,0,0,1,1,0,0,0,0,0,0,0,0
C1296092,c_specimen,train,1,0,1,0,0,0,0,0,0,0,0,1,1,0,0,0,0,0,0,0,0
C1296268,c_specimen,train,1,0,1,0,0,0,0,0,0,0,0,1,1,0,0,0,0,0,0,0,0
C1296289,c_specimen,train,1,0,1,0,0,0,0,0,0,0,0,1,1,0,0,0,0,0,0,0,0
C1296446,c_specimen,val,1,0,1,1,1,0,0,0,0,0,0,0,0,0,0,0,0,0,0,0,0
C1296455,c_specimen,val,1,0,2,0,0,0,0,0,0,0,0,1,2,0,0,0,0,0,0,0,0
C1296567,c_specimen,val,2,0,2,0,0,0,0,0,0,0,0,2,2,0,0,0,0,0,0,0,0
C1296842,c_specimen,train,1,0,1,0,0,0,0,0,0,1,1,0,0,0,0,0,0,0,0,0,0
C1297232,c_specimen,train,1,0,3,0,0,0,0,0,0,0,0,0,0,0,0,1,3,0,0,0,0
C1297407,c_specimen,train,1,0,1,0,0,0,0,0,0,0,0,1,1,0,0,0,0,0,0,0,0
C1297454,c_specimen,train,1,0,1,0,0,0,0,0,0,0,0,1,1,0,0,0,0,0,0,0,0
C1297626,c_specimen,train,1,0,6,0,0,0,0,0,0,0,0,0,0,1,6,0,0,0,0,0,0
C1297627,c_specimen,val,2,0,16,0,0,0,0,0,0,0,0,0,0,2,16,0,0,0,0,0,0
C1297678,c_specimen,train,1,0,1,0,0,0,0,0,0,0,0,1,1,0,0,0,0,0,0,0,0
C1297684,c_specimen,train,1,0,1,1,1,0,0,0,0,0,0,0,0,0,0,0,0,0,0,0,0
C1297732,c_specimen,train,1,0,2,1,2,0,0,0,0,0,0,0,0,0,0,0,0,0,0,0,0
C1297734,c_specimen,train,1,0,1,0,0,0,0,0,0,0,0,1,1,0,0,0,0,0,0,0,0
C1297791,c_specimen,val,1,0,1,1,1,0,0,0,0,0,0,0,0,0,0,0,0,0,0,0,0
C1297928,c_specimen,train,1,0,2,0,0,1,1,0,0,0,0,1,1,0,0,0,0,0,0,0,0
C1297979,c_specimen,train,1,0,1,0,0,0,0,0,0,0,0,0,0,0,0,1,1,0,0,0,0
C1297980,c_specimen,train,1,0,2,0,0,0,0,0,0,0,0,1,2,0,0,0,0,0,0,0,0
C1297983,c_specimen,train,1,0,2,1,1,0,0,0,0,0,0,1,1,0,0,0,0,0,0,0,0
C1298001,c_specimen,train,1,0,1,0,0,0,0,0,0,0,0,1,1,0,0,0,0,0,0,0,0
C1298002,c_specimen,train,1,0,1,0,0,0,0,0,0,0,0,1,1,0,0,0,0,0,0,0,0
C1298008,c_specimen,train,1,0,6,1,2,0,0,0,0,0,0,1,4,0,0,0,0,0,0,0,0
