image,label,group_id,group_rule,split,is_empty,classes,box_count
0001388270-Raw01-f_00001.jpg,0001388270-Raw01-f_00001.txt,0001388270,numeric_raw_prefix,train,False,"jiaza,zonglie",3
0001388400-Raw00-f_00016.jpg,0001388400-Raw00-f_00016.txt,0001388400,numeric_raw_prefix,train,True,,0
0001388400-Raw11-f_00015.jpg,0001388400-Raw11-f_00015.txt,0001388400,numeric_raw_prefix,train,True,,0
0001388400-Raw12-f_00017.jpg,0001388400-Raw12-f_00017.txt,0001388400,numeric_raw_prefix,train,True,,0
0001388400-Raw13-f_00004.jpg,0001388400-Raw13-f_00004.txt,0001388400,numeric_raw_prefix,train,True,,0
0001388400-Raw13-f_00006.jpg,0001388400-Raw13-f_00006.txt,0001388400,numeric_raw_prefix,train,True,,0
0001388609-Raw00-f_00007.jpg,0001388609-Raw00-f_00007.txt,0001388609,numeric_raw_prefix,train,False,mamianmakeng,1
0001389370-Raw01-f_00002.jpg,0001389370-Raw01-f_00002.txt,0001389370,numeric_raw_prefix,train,False,zonglie,2
0001389511-Raw00-f_00008.jpg,0001389511-Raw00-f_00008.txt,0001389511,numeric_raw_prefix,train,True,,0
0001389511-Raw02-f_00002.jpg,0001389511-Raw02-f_00002.txt,0001389511,numeric_raw_prefix,train,False,yanghuatiepi,6
0001389511-Raw13-f_00005.jpg,0001389511-Raw13-f_00005.txt,0001389511,numeric_raw_prefix,train,True,,0
0001389511-Raw13-f_00006.jpg,0001389511-Raw13-f_00006.txt,0001389511,numeric_raw_prefix,train,True,,0
0001389516-Raw01-f_00002.jpg,0001389516-Raw01-f_00002.txt,0001389516,numeric_raw_prefix,train,False,zonglie,1
0001390648-Raw00-f_00001.jpg,0001390648-Raw00-f_00001.txt,0001390648,numeric_raw_prefix,train,True,,0
0001390648-Raw00-f_00003.jpg,0001390648-Raw00-f_00003.txt,0001390648,numeric_raw_prefix,train,True,,0
0001390648-Raw00-f_00007.jpg,0001390648-Raw00-f_00007.txt,0001390648,numeric_raw_prefix,train,True,,0
0001390648-Raw00-f_00008.jpg,0001390648-Raw00-f_00008.txt,0001390648,numeric_raw_prefix,train,True,,0
0001390648-Raw01-f_00002.jpg,0001390648-Raw01-f_00002.txt,0001390648,numeric_raw_prefix,train,False,yanghuatiepi,1
0001390648-Raw01-f_00005.jpg,0001390648-Raw01-f_00005.txt,0001390648,numeric_raw_prefix,train,False,yanghuatiepi,1
0001390648-Raw01-f_00006.jpg,0001390648-Raw01-f_00006.txt,0001390648,numeric_raw_prefix,train,False,yanghuatiepi,1
0001390648-Raw01-f_00008.jpg,0001390648-Raw01-f_00008.txt,0001390648,numeric_raw_prefix,train,True,,0
0001392084-Raw12-f_00016.jpg,0001392084-Raw12-f_00016.txt,0001392084,numeric_raw_prefix,train,True,,0
0001395654-Raw01-f_00004.jpg,0001395654-Raw01-f_00004.txt,0001395654,numeric_raw_prefix,train,False,zonglie,1
0001396042-Raw01-f_00001.jpg,0001396042-Raw01-f_00001.txt,0001396042,numeric_raw_prefix,train,False,zonglie,1
0001396074-Raw11-f_00003.jpg,0001396074-Raw11-f_00003.txt,0001396074,numeric_raw_prefix,train,True,,0
0001396149-Raw01-f_00015.jpg,0001396149-Raw01-f_00015.txt,0001396149,numeric_raw_prefix,train,True,,0
0001396586-Raw00-f_00001.jpg,0001396586-Raw00-f_00001.txt,0001396586,numeric_raw_prefix,train,False,yanghuatiepi,3
0001396586-Raw01-f_00000.jpg,0001396586-Raw01-f_00000.txt,0001396586,numeric_raw_prefix,train,False,yanghuatiepi,1
0001396593-Raw00-f_00010.jpg,0001396593-Raw00-f_00010.txt,0001396593,numeric_raw_prefix,train,True,,0
0001396594-Raw01-f_00003.jpg,0001396594-Raw01-f_00003.txt,0001396594,numeric_raw_prefix,train,True,,0
0001396714-Raw00-f_00002.jpg,0001396714-Raw00-f_00002.txt,0001396714,numeric_raw_prefix,train,False,"jiaza,yanghuatiepi",2
0001396714-Raw00-f_00004.jpg,0001396714-Raw00-f_00004.txt,0001396714,numeric_raw_prefix,train,False,jiaza,1
0001396714-Raw00-f_00008.jpg,0001396714-Raw00-f_00008.txt,0001396714,numeric_raw_prefix,train,False,yanghuatiepi,1
0001396893-Raw00-f_00010.jpg,0001396893-Raw00-f_00010.txt,0001396893,numeric_raw_prefix,train,True,,0
0001396894-Raw00-f_00002.jpg,0001396894-Raw00-f_00002.txt,0001396894,numeric_raw_prefix,train,False,yanghuatiepi,1
0001396894-Raw00-f_00003.jpg,0001396894-Raw00-f_00003.txt,0001396894,numeric_raw_prefix,train,True,,0
0001397187-Raw13-f_00002.jpg,0001397187-Raw13-f_00002.txt,0001397187,numeric_raw_prefix,train,True,,0
0001397412-Raw11-f_00007.jpg,0001397412-Raw11-f_00007.txt,0001397412,numeric_raw_prefix,train,True,,0
0001397412-Raw13-f_00005.jpg,0001397412-Raw13-f_00005.txt,0001397412,numeric_raw_prefix,train,True,,0
0001397421-Raw01-f_00009.jpg,0001397421-Raw01-f_00009.txt,0001397421,numeric_raw_prefix,train,False,mamianmakeng,1
0001397421-Raw11-f_00009.jpg,0001397421-Raw11-f_00009.txt,0001397421,numeric_raw_prefix,train,True,,0
0001397421-Raw12-f_00010.jpg,0001397421-Raw12-f_00010.txt,0001397421,numeric_raw_prefix,train,True,,0
0001397421-Raw13-f_00003.jpg,0001397421-Raw13-f_00003.txt,0001397421,numeric_raw_prefix,train,True,,0
0001397868-Raw00-f_00004.jpg,0001397868-Raw00-f_00004.txt,0001397868,numeric_raw_prefix,train,True,,0
0001397868-Raw13-f_00003.jpg,0001397868-Raw13-f_00003.txt,0001397868,numeric_raw_prefix,train,True,,0
0001398309-Raw01-f_00001.jpg,0001398309-Raw01-f_00001.txt,0001398309,numeric_raw_prefix,train,True,,0
0001398309-Raw01-f_00007.jpg,0001398309-Raw01-f_00007.txt,0001398309,numeric_raw_prefix,train,True,,0
0001398404-Raw01-f_00003.jpg,0001398404-Raw01-f_00003.txt,0001398404,numeric_raw_prefix,train,False,yanghuatiepi,1
0001398404-Raw02-f_00003.jpg,0001398404-Raw02-f_00003.txt,0001398404,numeric_raw_prefix,train,True,,0
0001399164-Raw00-f_00007.jpg,0001399164-Raw00-f_00007.txt,0001399164,numeric_raw_prefix,train,False,mamianmakeng,1
0001399164-Raw01-f_00006.jpg,0001399164-Raw01-f_00006.txt,0001399164,numeric_raw_prefix,train,False,mamianmakeng,1
0001399164-Raw02-f_00005.jpg,0001399164-Raw02-f_00005.txt,0001399164,numeric_raw_prefix,train,False,mamianmakeng,2
0001399164-Raw03-f_00005.jpg,0001399164-Raw03-f_00005.txt,0001399164,numeric_raw_prefix,train,False,mamianmakeng,6
0001399491-Raw12-f_00000.jpg,0001399491-Raw12-f_00000.txt,0001399491,numeric_raw_prefix,train,True,,0
0001399652-Raw01-f_00006.jpg,0001399652-Raw01-f_00006.txt,0001399652,numeric_raw_prefix,train,False,zonglie,2
0001399652-Raw01-f_00008.jpg,0001399652-Raw01-f_00008.txt,0001399652,numeric_raw_prefix,train,False,zonglie,3
0001399899-Raw01-f_00009.jpg,0001399899-Raw01-f_00009.txt,0001399899,numeric_raw_prefix,train,False,zonglie,3
0001399899-Raw13-f_00009.jpg,0001399899-Raw13-f_00009.txt,0001399899,numeric_raw_prefix,train,True,,0
0001400153-Raw00-f_00008.jpg,0001400153-Raw00-f_00008.txt,0001400153,numeric_raw_prefix,train,False,mamianmakeng,2
0001400157-Raw02-f_00002.jpg,0001400157-Raw02-f_00002.txt,0001400157,numeric_raw_prefix,train,False,"mamianmakeng,yanghuatiepi",8
0001400160-Raw00-f_00000.jpg,0001400160-Raw00-f_00000.txt,0001400160,numeric_raw_prefix,train,False,mamianmakeng,3
0001400160-Raw02-f_00006.jpg,0001400160-Raw02-f_00006.txt,0001400160,numeric_raw_prefix,train,False,yanghuatiepi,1
0001400164-Raw01-f_00008.jpg,0001400164-Raw01-f_00008.txt,0001400164,numeric_raw_prefix,train,False,mamianmakeng,1
0001400164-Raw02-f_00006.jpg,0001400164-Raw02-f_00006.txt,0001400164,numeric_raw_prefix,train,False,mamianmakeng,6
0001400164-Raw02-f_00008.jpg,0001400164-Raw02-f_00008.txt,0001400164,numeric_raw_prefix,train,False,mamianmakeng,1
0001400164-Raw03-f_00006.jpg,0001400164-Raw03-f_00006.txt,0001400164,numeric_raw_prefix,train,False,mamianmakeng,5
0001400165-Raw00-f_00005.jpg,0001400165-Raw00-f_00005.txt,0001400165,numeric_raw_prefix,train,False,mamianmakeng,2
0001400166-Raw00-f_00006.jpg,0001400166-Raw00-f_00006.txt,0001400166,numeric_raw_prefix,train,False,"gunyin,mamianmakeng",2
0001400166-Raw01-f_00001.jpg,0001400166-Raw01-f_00001.txt,0001400166,numeric_raw_prefix,train,False,"mamianmakeng,yiwuyaru",2
0001400166-Raw01-f_00002.jpg,0001400166-Raw01-f_00002.txt,0001400166,numeric_raw_prefix,train,False,mamianmakeng,3
0001400264-Raw03-f_00009.jpg,0001400264-Raw03-f_00009.txt,0001400264,numeric_raw_prefix,val,False,jieba,1
0001401010-Raw02-f_00003.jpg,0001401010-Raw02-f_00003.txt,0001401010,numeric_raw_prefix,train,False,jieba,3
0001401415-Raw02-f_00006.jpg,0001401415-Raw02-f_00006.txt,0001401415,numeric_raw_prefix,train,False,mamianmakeng,1
0001401945-Raw02-f_00004.jpg,0001401945-Raw02-f_00004.txt,0001401945,numeric_raw_prefix,train,False,jieba,1
0001402648-Raw01-f_00004.jpg,0001402648-Raw01-f_00004.txt,0001402648,numeric_raw_prefix,train,False,yanghuatiepi,2
0001402648-Raw01-f_00007.jpg,0001402648-Raw01-f_00007.txt,0001402648,numeric_raw_prefix,train,False,yanghuatiepi,1
0001402648-Raw03-f_00003.jpg,0001402648-Raw03-f_00003.txt,0001402648,numeric_raw_prefix,train,True,,0
0001403861-Raw01-f_00005.jpg,0001403861-Raw01-f_00005.txt,0001403861,numeric_raw_prefix,train,False,zonglie,2
0001404083-Raw01-f_00010.jpg,0001404083-Raw01-f_00010.txt,0001404083,numeric_raw_prefix,train,False,jiaza,1
0001404083-Raw03-f_00003.jpg,0001404083-Raw03-f_00003.txt,0001404083,numeric_raw_prefix,train,False,yanghuatiepi,3
0001404107-Raw00-f_00010.jpg,0001404107-Raw00-f_00010.txt,0001404107,numeric_raw_prefix,train,True,,0
0001404107-Raw01-f_00000.jpg,0001404107-Raw01-f_00000.txt,0001404107,numeric_raw_prefix,train,True,,0
0001404107-Raw01-f_00002.jpg,0001404107-Raw01-f_00002.txt,0001404107,numeric_raw_prefix,train,True,,0
0001404107-Raw01-f_00003.jpg,0001404107-Raw01-f_00003.txt,0001404107,numeric_raw_prefix,train,True,,0
0001404107-Raw01-f_00004.jpg,0001404107-Raw01-f_00004.txt,0001404107,numeric_raw_prefix,train,True,,0
0001404107-Raw01-f_00006.jpg,0001404107-Raw01-f_00006.txt,0001404107,numeric_raw_prefix,train,True,,0
0001404107-Raw01-f_00008.jpg,0001404107-Raw01-f_00008.txt,0001404107,numeric_raw_prefix,train,True,,0
0001404107-Raw01-f_00010.jpg,0001404107-Raw01-f_00010.txt,0001404107,numeric_raw_prefix,train,True,,0
0001404107-Raw01-f_00013.jpg,0001404107-Raw01-f_00013.txt,0001404107,numeric_raw_prefix,train,True,,0
0001404107-Raw01-f_00014.jpg,0001404107-Raw01-f_00014.txt,0001404107,numeric_raw_prefix,train,True,,0
0001404107-Raw01-f_00015.jpg,0001404107-Raw01-f_00015.txt,0001404107,numeric_raw_prefix,train,True,,0
0001404107-Raw01-f_00016.jpg,0001404107-Raw01-f_00016.txt,0001404107,numeric_raw_prefix,train,True,,0
0001404284-Raw01-f_00002.jpg,0001404284-Raw01-f_00002.txt,0001404284,numeric_raw_prefix,train,False,zonglie,3
0001404284-Raw02-f_00003.jpg,0001404284-Raw02-f_00003.txt,0001404284,numeric_raw_prefix,train,True,,0
0001404397-Raw00-f_00011.jpg,0001404397-Raw00-f_00011.txt,0001404397,numeric_raw_prefix,val,False,mamianmakeng,16
0001404397-Raw01-f_00003.jpg,0001404397-Raw01-f_00003.txt,0001404397,numeric_raw_prefix,val,True,,0
0001404397-Raw01-f_00006.jpg,0001404397-Raw01-f_00006.txt,0001404397,numeric_raw_prefix,val,True,,0
0001404398-Raw00-f_00001.jpg,0001404398-Raw00-f_00001.txt,0001404398,numeric_raw_prefix,train,False,mamianmakeng,6
0001404398-Raw01-f_00001.jpg,0001404398-Raw01-f_00001.txt,0001404398,numeric_raw_prefix,train,False,mamianmakeng,3
0001404398-Raw01-f_00002.jpg,0001404398-Raw01-f_00002.txt,0001404398,numeric_raw_prefix,train,False,mamianmakeng,1
0001404449-Raw13-f_00009.jpg,0001404449-Raw13-f_00009.txt,0001404449,numeric_raw_prefix,train,True,,0
0001405563-Raw01-f_00010.jpg,0001405563-Raw01-f_00010.txt,0001405563,numeric_raw_prefix,train,False,zonglie,2
0001405587-Raw01-f_00004.jpg,0001405587-Raw01-f_00004.txt,0001405587,numeric_raw_prefix,train,False,zonglie,1
0001405587-Raw01-f_00005.jpg,0001405587-Raw01-f_00005.txt,0001405587,numeric_raw_prefix,train,False,zonglie,1
0001405587-Raw11-f_00007.jpg,0001405587-Raw11-f_00007.txt,0001405587,numeric_raw_prefix,train,True,,0
0001405806-Raw00-f_00011.jpg,0001405806-Raw00-f_00011.txt,0001405806,numeric_raw_prefix,train,True,,0
0001406455-Raw00-f_00001.jpg,0001406455-Raw00-f_00001.txt,0001406455,numeric_raw_prefix,train,True,,0
0001406455-Raw00-f_00007.jpg,0001406455-Raw00-f_00007.txt,0001406455,numeric_raw_prefix,train,True,,0
0001406455-Raw00-f_00009.jpg,0001406455-Raw00-f_00009.txt,0001406455,numeric_raw_prefix,train,True,,0
0001406455-Raw00-f_00010.jpg,0001406455-Raw00-f_00010.txt,0001406455,numeric_raw_prefix,train,True,,0
0001406455-Raw01-f_00001.jpg,0001406455-Raw01-f_00001.txt,0001406455,numeric_raw_prefix,train,True,,0
0001406455-Raw01-f_00002.jpg,0001406455-Raw01-f_00002.txt,0001406455,numeric_raw_prefix,train,True,,0
0001406455-Raw01-f_00004.jpg,0001406455-Raw01-f_00004.txt,0001406455,numeric_raw_prefix,train,True,,0
0001406455-Raw01-f_00005.jpg,0001406455-Raw01-f_00005.txt,0001406455,numeric_raw_prefix,train,True,,0
0001406455-Raw01-f_00006.jpg,0001406455-Raw01-f_00006.txt,0001406455,numeric_raw_prefix,train,True,,0
0001406455-Raw01-f_00008.jpg,0001406455-Raw01-f_00008.txt,0001406455,numeric_raw_prefix,train,True,,0
0001406455-Raw01-f_00011.jpg,0001406455-Raw01-f_00011.txt,0001406455,numeric_raw_prefix,train,True,,0
0001406455-Raw01-f_00012.jpg,0001406455-Raw01-f_00012.txt,0001406455,numeric_raw_prefix,train,True,,0
0001406455-Raw02-f_00007.jpg,0001406455-Raw02-f_00007.txt,0001406455,numeric_raw_prefix,train,False,yiwuyaru,6
0001406531-Raw01-f_00004.jpg,0001406531-Raw01-f_00004.txt,0001406531,numeric_raw_prefix,train,True,,0
0001406531-Raw02-f_00005.jpg,0001406531-Raw02-f_00005.txt,0001406531,numeric_raw_prefix,train,True,,0
0001406531-Raw02-f_00006.jpg,0001406531-Raw02-f_00006.txt,0001406531,numeric_raw_prefix,train,True,,0
0001408096-Raw00-f_00007.jpg,0001408096-Raw00-f_00007.txt,0001408096,numeric_raw_prefix,train,True,,0
0001408096-Raw00-f_00010.jpg,0001408096-Raw00-f_00010.txt,0001408096,numeric_raw_prefix,train,True,,0
0001408096-Raw01-f_00005.jpg,0001408096-Raw01-f_00005.txt,0001408096,numeric_raw_prefix,train,True,,0
0001408268-Raw00-f_00004.jpg,0001408268-Raw00-f_00004.txt,0001408268,numeric_raw_prefix,train,True,,0
0001408907-Raw00-f_00010.jpg,0001408907-Raw00-f_00010.txt,0001408907,numeric_raw_prefix,train,False,mamianmakeng,3
0001408907-Raw00-f_00011.jpg,0001408907-Raw00-f_00011.txt,0001408907,numeric_raw_prefix,train,False,mamianmakeng,1
0001408913-Raw00-f_00013.jpg,0001408913-Raw00-f_00013.txt,0001408913,numeric_raw_prefix,train,False,mamianmakeng,10
0001408914-Raw00-f_00000.jpg,0001408914-Raw00-f_00000.txt,0001408914,numeric_raw_prefix,train,False,mamianmakeng,1
0001408915-Raw00-f_00003.jpg,0001408915-Raw00-f_00003.txt,0001408915,numeric_raw_prefix,train,False,mamianmakeng,2
0001408915-Raw00-f_00004.jpg,0001408915-Raw00-f_00004.txt,0001408915,numeric_raw_prefix,train,False,mamianmakeng,1
0001408915-Raw00-f_00009.jpg,0001408915-Raw00-f_00009.txt,0001408915,numeric_raw_prefix,train,False,mamianmakeng,12
0001408915-Raw00-f_00010.jpg,0001408915-Raw00-f_00010.txt,0001408915,numeric_raw_prefix,train,False,mamianmakeng,2
0001408915-Raw13-f_00011.jpg,0001408915-Raw13-f_00011.txt,0001408915,numeric_raw_prefix,train,True,,0
0001408916-Raw00-f_00004.jpg,0001408916-Raw00-f_00004.txt,0001408916,numeric_raw_prefix,train,False,mamianmakeng,1
0001408916-Raw01-f_00005.jpg,0001408916-Raw01-f_00005.txt,0001408916,numeric_raw_prefix,train,False,mamianmakeng,4
0001408916-Raw13-f_00005.jpg,0001408916-Raw13-f_00005.txt,0001408916,numeric_raw_prefix,train,True,,0
0001408917-Raw00-f_00008.jpg,0001408917-Raw00-f_00008.txt,0001408917,numeric_raw_prefix,train,False,mamianmakeng,6
0001408917-Raw02-f_00008.jpg,0001408917-Raw02-f_00008.txt,0001408917,numeric_raw_prefix,train,False,mamianmakeng,4
0001408918-Raw01-f_00001.jpg,0001408918-Raw01-f_00001.txt,0001408918,numeric_raw_prefix,train,False,mamianmakeng,4
0001408918-Raw01-f_00002.jpg,0001408918-Raw01-f_00002.txt,0001408918,numeric_raw_prefix,train,False,mamianmakeng,5
0001408921-Raw00-f_00010.jpg,0001408921-Raw00-f_00010.txt,0001408921,numeric_raw_prefix,train,False,mamianmakeng,4
0001409456-Raw00-f_00002.jpg,0001409456-Raw00-f_00002.txt,0001409456,numeric_raw_prefix,train,True,,0
0001409456-Raw12-f_00005.jpg,0001409456-Raw12-f_00005.txt,0001409456,numeric_raw_prefix,train,True,,0
0001409916-Raw01-f_00004.jpg,0001409916-Raw01-f_00004.txt,0001409916,numeric_raw_prefix,train,True,,0
0001409916-Raw02-f_00004.jpg,0001409916-Raw02-f_00004.txt,0001409916,numeric_raw_prefix,train,True,,0
0001410086-Raw01-f_00004.jpg,0001410086-Raw01-f_00004.txt,0001410086,numeric_raw_prefix,train,False,mamianmakeng,3
0001410086-Raw02-f_00000.jpg,0001410086-Raw02-f_00000.txt,0001410086,numeric_raw_prefix,train,False,mamianmakeng,1
0001410086-Raw02-f_00003.jpg,0001410086-Raw02-f_00003.txt,0001410086,numeric_raw_prefix,train,False,mamianmakeng,2
0001410225-Raw02-f_00006.jpg,0001410225-Raw02-f_00006.txt,0001410225,numeric_raw_prefix,train,False,mamianmakeng,2
0001410231-Raw02-f_00002.jpg,0001410231-Raw02-f_00002.txt,0001410231,numeric_raw_prefix,train,True,,0
0001411181-Raw13-f_00009.jpg,0001411181-Raw13-f_00009.txt,0001411181,numeric_raw_prefix,train,True,,0
0001411186-Raw02-f_00004.jpg,0001411186-Raw02-f_00004.txt,0001411186,numeric_raw_prefix,train,False,zonglie,1
0001411271-Raw01-f_00004.jpg,0001411271-Raw01-f_00004.txt,0001411271,numeric_raw_prefix,train,False,zonglie,1
0001411271-Raw01-f_00005.jpg,0001411271-Raw01-f_00005.txt,0001411271,numeric_raw_prefix,train,False,zonglie,1
0001411271-Raw02-f_00005.jpg,0001411271-Raw02-f_00005.txt,0001411271,numeric_raw_prefix,train,False,zonglie,1
0001411376-Raw02-f_00007.jpg,0001411376-Raw02-f_00007.txt,0001411376,numeric_raw_prefix,train,True,,0
0001412099-Raw03-f_00006.jpg,0001412099-Raw03-f_00006.txt,0001412099,numeric_raw_prefix,train,False,jieba,17
0001412159-Raw11-f_00004.jpg,0001412159-Raw11-f_00004.txt,0001412159,numeric_raw_prefix,train,True,,0
0001412163-Raw01-f_00004.jpg,0001412163-Raw01-f_00004.txt,0001412163,numeric_raw_prefix,train,False,"mamianmakeng,yiwuyaru",2
0001412682-Raw03-f_00008.jpg,0001412682-Raw03-f_00008.txt,0001412682,numeric_raw_prefix,train,False,mamianmakeng,1
0001412891-Raw02-f_00005.jpg,0001412891-Raw02-f_00005.txt,0001412891,numeric_raw_prefix,train,True,,0
0001412925-Raw02-f_00008.jpg,0001412925-Raw02-f_00008.txt,0001412925,numeric_raw_prefix,train,False,mamianmakeng,1
0001412925-Raw02-f_00009.jpg,0001412925-Raw02-f_00009.txt,0001412925,numeric_raw_prefix,train,False,mamianmakeng,10
0001412925-Raw02-f_00010.jpg,0001412925-Raw02-f_00010.txt,0001412925,numeric_raw_prefix,train,False,"gunyin,mamianmakeng",3
0001412971-Raw00-f_00014.jpg,0001412971-Raw00-f_00014.txt,0001412971,numeric_raw_prefix,train,False,"gunyin,mamianmakeng",2
0001412971-Raw02-f_00001.jpg,0001412971-Raw02-f_00001.txt,0001412971,numeric_raw_prefix,train,False,"gunyin,yanghuatiepi",4
0001413817-Raw00-f_00001.jpg,0001413817-Raw00-f_00001.txt,0001413817,numeric_raw_prefix,train,True,,0
0001413817-Raw02-f_00004.jpg,0001413817-Raw02-f_00004.txt,0001413817,numeric_raw_prefix,train,False,yanghuatiepi,1
0001413853-Raw00-f_00005.jpg,0001413853-Raw00-f_00005.txt,0001413853,numeric_raw_prefix,train,False,mamianmakeng,1
0001413853-Raw01-f_00005.jpg,0001413853-Raw01-f_00005.txt,0001413853,numeric_raw_prefix,train,False,mamianmakeng,1
0001413853-Raw01-f_00006.jpg,0001413853-Raw01-f_00006.txt,0001413853,numeric_raw_prefix,train,False,mamianmakeng,1
0001413853-Raw12-f_00009.jpg,0001413853-Raw12-f_00009.txt,0001413853,numeric_raw_prefix,train,True,,0
0001414756-Raw01-f_00006.jpg,0001414756-Raw01-f_00006.txt,0001414756,numeric_raw_prefix,train,False,jiaza,1
0001414756-Raw02-f_00002.jpg,0001414756-Raw02-f_00002.txt,0001414756,numeric_raw_prefix,train,True,,0
0001414756-Raw03-f_00005.jpg,0001414756-Raw03-f_00005.txt,0001414756,numeric_raw_prefix,train,True,,0
0001414921-Raw00-f_00001.jpg,0001414921-Raw00-f_00001.txt,0001414921,numeric_raw_prefix,train,False,zonglie,2
0001414933-Raw00-f_00004.jpg,0001414933-Raw00-f_00004.txt,0001414933,numeric_raw_prefix,train,False,"mamianmakeng,zonglie",3
0001416282-Raw01-f_00004.jpg,0001416282-Raw01-f_00004.txt,0001416282,numeric_raw_prefix,train,False,mamianmakeng,2
0001416284-Raw02-f_00005.jpg,0001416284-Raw02-f_00005.txt,0001416284,numeric_raw_prefix,train,False,mamianmakeng,3
0001416364-Raw00-f_00008.jpg,0001416364-Raw00-f_00008.txt,0001416364,numeric_raw_prefix,val,False,"jiaza,zonglie",5
0001416364-Raw00-f_00009.jpg,0001416364-Raw00-f_00009.txt,0001416364,numeric_raw_prefix,val,False,"jiaza,jieba",15
0001416364-Raw01-f_00002.jpg,0001416364-Raw01-f_00002.txt,0001416364,numeric_raw_prefix,val,False,"jiaza,yanghuatiepi",5
0001416364-Raw01-f_00003.jpg,0001416364-Raw01-f_00003.txt,0001416364,numeric_raw_prefix,val,False,jiaza,2
0001416364-Raw01-f_00005.jpg,0001416364-Raw01-f_00005.txt,0001416364,numeric_raw_prefix,val,False,jiaza,3
0001416364-Raw02-f_00009.jpg,0001416364-Raw02-f_00009.txt,0001416364,numeric_raw_prefix,val,True,,0
0001416457-Raw00-f_00004.jpg,0001416457-Raw00-f_00004.txt,0001416457,numeric_raw_prefix,train,True,,0
0001416970-Raw01-f_00005.jpg,0001416970-Raw01-f_00005.txt,0001416970,numeric_raw_prefix,val,False,jiaza,1
0001416970-Raw02-f_00003.jpg,0001416970-Raw02-f_00003.txt,0001416970,numeric_raw_prefix,val,False,jieba,4
0001416970-Raw02-f_00005.jpg,0001416970-Raw02-f_00005.txt,0001416970,numeric_raw_prefix,val,False,"jiaza,yiwuyaru",2
0001416970-Raw12-f_00004.jpg,0001416970-Raw12-f_00004.txt,0001416970,numeric_raw_prefix,val,True,,0
0001416970-Raw13-f_00008.jpg,0001416970-Raw13-f_00008.txt,0001416970,numeric_raw_prefix,val,True,,0
0001417541-Raw00-f_00005.jpg,0001417541-Raw00-f_00005.txt,0001417541,numeric_raw_prefix,val,False,"qilie,yiwuyaru",2
0001417541-Raw02-f_00006.jpg,0001417541-Raw02-f_00006.txt,0001417541,numeric_raw_prefix,val,True,,0
0001417541-Raw02-f_00007.jpg,0001417541-Raw02-f_00007.txt,0001417541,numeric_raw_prefix,val,False,jieba,2
0001417541-Raw02-f_00011.jpg,0001417541-Raw02-f_00011.txt,0001417541,numeric_raw_prefix,val,False,qilie,3
0001417541-Raw03-f_00006.jpg,0001417541-Raw03-f_00006.txt,0001417541,numeric_raw_prefix,val,False,qilie,2
0001417541-Raw03-f_00007.jpg,0001417541-Raw03-f_00007.txt,0001417541,numeric_raw_prefix,val,False,qilie,1
0001417970-Raw01-f_00004.jpg,0001417970-Raw01-f_00004.txt,0001417970,numeric_raw_prefix,train,False,zonglie,1
0001417971-Raw02-f_00002.jpg,0001417971-Raw02-f_00002.txt,0001417971,numeric_raw_prefix,val,True,,0
0001417971-Raw02-f_00011.jpg,0001417971-Raw02-f_00011.txt,0001417971,numeric_raw_prefix,val,True,,0
0001417971-Raw12-f_00007.jpg,0001417971-Raw12-f_00007.txt,0001417971,numeric_raw_prefix,val,True,,0
0001417977-Raw11-f_00008.jpg,0001417977-Raw11-f_00008.txt,0001417977,numeric_raw_prefix,train,True,,0
0001417977-Raw11-f_00009.jpg,0001417977-Raw11-f_00009.txt,0001417977,numeric_raw_prefix,train,True,,0
0001417980-Raw01-f_00009.jpg,0001417980-Raw01-f_00009.txt,0001417980,numeric_raw_prefix,train,False,zonglie,1
0001417980-Raw02-f_00004.jpg,0001417980-Raw02-f_00004.txt,0001417980,numeric_raw_prefix,train,True,,0
0001418428-Raw01-f_00007.jpg,0001418428-Raw01-f_00007.txt,0001418428,numeric_raw_prefix,train,False,mamianmakeng,1
0001418428-Raw01-f_00008.jpg,0001418428-Raw01-f_00008.txt,0001418428,numeric_raw_prefix,train,False,mamianmakeng,1
0001418428-Raw02-f_00008.jpg,0001418428-Raw02-f_00008.txt,0001418428,numeric_raw_prefix,train,False,mamianmakeng,1
0001418441-Raw00-f_00005.jpg,0001418441-Raw00-f_00005.txt,0001418441,numeric_raw_prefix,train,False,mamianmakeng,7
0001418444-Raw00-f_00004.jpg,0001418444-Raw00-f_00004.txt,0001418444,numeric_raw_prefix,train,False,mamianmakeng,1
0001418444-Raw01-f_00002.jpg,0001418444-Raw01-f_00002.txt,0001418444,numeric_raw_prefix,train,False,mamianmakeng,8
0001418444-Raw01-f_00004.jpg,0001418444-Raw01-f_00004.txt,0001418444,numeric_raw_prefix,train,False,mamianmakeng,3
0001418444-Raw02-f_00002.jpg,0001418444-Raw02-f_00002.txt,0001418444,numeric_raw_prefix,train,False,mamianmakeng,5
0001418444-Raw02-f_00004.jpg,0001418444-Raw02-f_00004.txt,0001418444,numeric_raw_prefix,train,False,mamianmakeng,2
0001418444-Raw02-f_00006.jpg,0001418444-Raw02-f_00006.txt,0001418444,numeric_raw_prefix,train,False,mamianmakeng,6
0001418446-Raw00-f_00001.jpg,0001418446-Raw00-f_00001.txt,0001418446,numeric_raw_prefix,train,False,mamianmakeng,14
0001418446-Raw00-f_00002.jpg,0001418446-Raw00-f_00002.txt,0001418446,numeric_raw_prefix,train,False,mamianmakeng,1
0001418446-Raw00-f_00003.jpg,0001418446-Raw00-f_00003.txt,0001418446,numeric_raw_prefix,train,False,mamianmakeng,1
0001418447-Raw01-f_00011.jpg,0001418447-Raw01-f_00011.txt,0001418447,numeric_raw_prefix,train,False,mamianmakeng,2
0001419010-Raw00-f_00005.jpg,0001419010-Raw00-f_00005.txt,0001419010,numeric_raw_prefix,train,True,,0
0001419010-Raw01-f_00014.jpg,0001419010-Raw01-f_00014.txt,0001419010,numeric_raw_prefix,train,False,jiaza,2
0001419010-Raw02-f_00014.jpg,0001419010-Raw02-f_00014.txt,0001419010,numeric_raw_prefix,train,False,jiaza,1
0001420397-Raw01-f_00003.jpg,0001420397-Raw01-f_00003.txt,0001420397,numeric_raw_prefix,train,True,,0
0001420397-Raw01-f_00004.jpg,0001420397-Raw01-f_00004.txt,0001420397,numeric_raw_prefix,train,True,,0
0001420757-Raw10-f_00009.jpg,0001420757-Raw10-f_00009.txt,0001420757,numeric_raw_prefix,train,True,,0
0001420757-Raw11-f_00009.jpg,0001420757-Raw11-f_00009.txt,0001420757,numeric_raw_prefix,train,True,,0
0001420758-Raw01-f_00007.jpg,0001420758-Raw01-f_00007.txt,0001420758,numeric_raw_prefix,train,False,zonglie,1
0001420758-Raw03-f_00003.jpg,0001420758-Raw03-f_00003.txt,0001420758,numeric_raw_prefix,train,True,,0
0001420758-Raw11-f_00002.jpg,0001420758-Raw11-f_00002.txt,0001420758,numeric_raw_prefix,train,True,,0
0001420758-Raw12-f_00008.jpg,0001420758-Raw12-f_00008.txt,0001420758,numeric_raw_prefix,train,True,,0
0001420759-Raw01-f_00002.jpg,0001420759-Raw01-f_00002.txt,0001420759,numeric_raw_prefix,train,True,,0
0001420759-Raw11-f_00011.jpg,0001420759-Raw11-f_00011.txt,0001420759,numeric_raw_prefix,train,True,,0
0001420759-Raw13-f_00002.jpg,0001420759-Raw13-f_00002.txt,0001420759,numeric_raw_prefix,train,True,,0
0001420760-Raw01-f_00006.jpg,0001420760-Raw01-f_00006.txt,0001420760,numeric_raw_prefix,train,True,,0
0001420760-Raw01-f_00009.jpg,0001420760-Raw01-f_00009.txt,0001420760,numeric_raw_prefix,train,False,yanghuatiepi,1
0001420760-Raw12-f_00009.jpg,0001420760-Raw12-f_00009.txt,0001420760,numeric_raw_prefix,train,True,,0
0001420762-Raw01-f_00006.jpg,0001420762-Raw01-f_00006.txt,0001420762,numeric_raw_prefix,train,False,yanghuatiepi,1
0001420762-Raw01-f_00007.jpg,0001420762-Raw01-f_00007.txt,0001420762,numeric_raw_prefix,train,False,yanghuatiepi,2
0001420762-Raw01-f_00008.jpg,0001420762-Raw01-f_00008.txt,0001420762,numeric_raw_prefix,train,True,,0
0001420762-Raw02-f_00003.jpg,0001420762-Raw02-f_00003.txt,0001420762,numeric_raw_prefix,train,False,yanghuatiepi,1
0001420762-Raw02-f_00004.jpg,0001420762-Raw02-f_00004.txt,0001420762,numeric_raw_prefix,train,False,yanghuatiepi,1
0001420762-Raw02-f_00006.jpg,0001420762-Raw02-f_00006.txt,0001420762,numeric_raw_prefix,train,False,yanghuatiepi,1
0001420762-Raw02-f_00009.jpg,0001420762-Raw02-f_00009.txt,0001420762,numeric_raw_prefix,train,True,,0
0001420762-Raw03-f_00009.jpg,0001420762-Raw03-f_00009.txt,0001420762,numeric_raw_prefix,train,True,,0
0001420776-Raw01-f_00003.jpg,0001420776-Raw01-f_00003.txt,0001420776,numeric_raw_prefix,train,False,zonglie,1
0001420776-Raw01-f_00004.jpg,0001420776-Raw01-f_00004.txt,0001420776,numeric_raw_prefix,train,False,zonglie,1
0001420776-Raw01-f_00006.jpg,0001420776-Raw01-f_00006.txt,0001420776,numeric_raw_prefix,train,False,zonglie,1
0001420776-Raw02-f_00007.jpg,0001420776-Raw02-f_00007.txt,0001420776,numeric_raw_prefix,train,False,zonglie,1
0001420777-Raw00-f_00002.jpg,0001420777-Raw00-f_00002.txt,0001420777,numeric_raw_prefix,train,False,zonglie,1
0001420777-Raw00-f_00005.jpg,0001420777-Raw00-f_00005.txt,0001420777,numeric_raw_prefix,train,True,,0
0001420777-Raw01-f_00002.jpg,0001420777-Raw01-f_00002.txt,0001420777,numeric_raw_prefix,train,True,,0
0001420777-Raw01-f_00005.jpg,0001420777-Raw01-f_00005.txt,0001420777,numeric_raw_prefix,train,False,zonglie,1
0001420777-Raw01-f_00010.jpg,0001420777-Raw01-f_00010.txt,0001420777,numeric_raw_prefix,train,True,,0
0001420780-Raw00-f_00010.jpg,0001420780-Raw00-f_00010.txt,0001420780,numeric_raw_prefix,train,False,zonglie,1
0001420780-Raw02-f_00005.jpg,0001420780-Raw02-f_00005.txt,0001420780,numeric_raw_prefix,train,True,,0
0001420781-Raw00-f_00004.jpg,0001420781-Raw00-f_00004.txt,0001420781,numeric_raw_prefix,val,False,"yanghuatiepi,zonglie",2
0001420781-Raw01-f_00002.jpg,0001420781-Raw01-f_00002.txt,0001420781,numeric_raw_prefix,val,True,,0
0001420781-Raw01-f_00009.jpg,0001420781-Raw01-f_00009.txt,0001420781,numeric_raw_prefix,val,False,"yanghuatiepi,zonglie",3
0001420781-Raw01-f_00010.jpg,0001420781-Raw01-f_00010.txt,0001420781,numeric_raw_prefix,val,True,,0
0001420781-Raw02-f_00007.jpg,0001420781-Raw02-f_00007.txt,0001420781,numeric_raw_prefix,val,True,,0
0001420781-Raw02-f_00009.jpg,0001420781-Raw02-f_00009.txt,0001420781,numeric_raw_prefix,val,False,"jieba,yanghuatiepi,zonglie",3
0001420782-Raw01-f_00001.jpg,0001420782-Raw01-f_00001.txt,0001420782,numeric_raw_prefix,train,True,,0
0001420782-Raw01-f_00005.jpg,0001420782-Raw01-f_00005.txt,0001420782,numeric_raw_prefix,train,True,,0
0001420782-Raw02-f_00002.jpg,0001420782-Raw02-f_00002.txt,0001420782,numeric_raw_prefix,train,True,,0
0001420833-Raw01-f_00003.jpg,0001420833-Raw01-f_00003.txt,0001420833,numeric_raw_prefix,train,False,mamianmakeng,1
0001420833-Raw01-f_00014.jpg,0001420833-Raw01-f_00014.txt,0001420833,numeric_raw_prefix,train,True,,0
0001421035-Raw02-f_00001.jpg,0001421035-Raw02-f_00001.txt,0001421035,numeric_raw_prefix,train,False,yanghuatiepi,7
0001421035-Raw03-f_00008.jpg,0001421035-Raw03-f_00008.txt,0001421035,numeric_raw_prefix,train,False,"mamianmakeng,yanghuatiepi",5
0001422550-Raw01-f_00010.jpg,0001422550-Raw01-f_00010.txt,0001422550,numeric_raw_prefix,train,False,yanghuatiepi,1
0001422620-Raw00-f_00002.jpg,0001422620-Raw00-f_00002.txt,0001422620,numeric_raw_prefix,val,True,,0
0001422620-Raw00-f_00004.jpg,0001422620-Raw00-f_00004.txt,0001422620,numeric_raw_prefix,val,True,,0
0001422620-Raw00-f_00005.jpg,0001422620-Raw00-f_00005.txt,0001422620,numeric_raw_prefix,val,True,,0
0001422620-Raw01-f_00001.jpg,0001422620-Raw01-f_00001.txt,0001422620,numeric_raw_prefix,val,True,,0
0001422620-Raw01-f_00003.jpg,0001422620-Raw01-f_00003.txt,0001422620,numeric_raw_prefix,val,True,,0
0001422620-Raw01-f_00004.jpg,0001422620-Raw01-f_00004.txt,0001422620,numeric_raw_prefix,val,True,,0
0001422620-Raw01-f_00006.jpg,0001422620-Raw01-f_00006.txt,0001422620,numeric_raw_prefix,val,False,mamianmakeng,8
0001422620-Raw01-f_00007.jpg,0001422620-Raw01-f_00007.txt,0001422620,numeric_raw_prefix,val,False,mamianmakeng,5
0001422620-Raw02-f_00004.jpg,0001422620-Raw02-f_00004.txt,0001422620,numeric_raw_prefix,val,True,,0
0001424049-Raw00-f_00003.jpg,0001424049-Raw00-f_00003.txt,0001424049,numeric_raw_prefix,train,True,,0
0001424085-Raw00-f_00008.jpg,0001424085-Raw00-f_00008.txt,0001424085,numeric_raw_prefix,train,False,zonglie,2
0001424328-Raw01-f_00007.jpg,0001424328-Raw01-f_00007.txt,0001424328,numeric_raw_prefix,train,False,jiaza,1
0001424882-Raw00-f_00002.jpg,0001424882-Raw00-f_00002.txt,0001424882,numeric_raw_prefix,train,False,mamianmakeng,5
0001424882-Raw01-f_00002.jpg,0001424882-Raw01-f_00002.txt,0001424882,numeric_raw_prefix,train,False,mamianmakeng,5
0001424892-Raw01-f_00001.jpg,0001424892-Raw01-f_00001.txt,0001424892,numeric_raw_prefix,train,False,mamianmakeng,6
0001424892-Raw02-f_00002.jpg,0001424892-Raw02-f_00002.txt,0001424892,numeric_raw_prefix,train,False,mamianmakeng,10
0001426108-Raw13-f_00012.jpg,0001426108-Raw13-f_00012.txt,0001426108,numeric_raw_prefix,train,True,,0
0001427659-Raw01-f_00003.jpg,0001427659-Raw01-f_00003.txt,0001427659,numeric_raw_prefix,train,False,mamianmakeng,1
0001427659-Raw02-f_00003.jpg,0001427659-Raw02-f_00003.txt,0001427659,numeric_raw_prefix,train,False,mamianmakeng,1
0001428303-Raw01-f_00001.jpg,0001428303-Raw01-f_00001.txt,0001428303,numeric_raw_prefix,train,False,mamianmakeng,4
0001428303-Raw02-f_00001.jpg,0001428303-Raw02-f_00001.txt,0001428303,numeric_raw_prefix,train,False,"mamianmakeng,yiwuyaru",13
0001428671-Raw13-f_00005.jpg,0001428671-Raw13-f_00005.txt,0001428671,numeric_raw_prefix,train,True,,0
0001428808-Raw00-f_00006.jpg,0001428808-Raw00-f_00006.txt,0001428808,numeric_raw_prefix,train,False,mamianmakeng,6
0001428808-Raw00-f_00009.jpg,0001428808-Raw00-f_00009.txt,0001428808,numeric_raw_prefix,train,False,mamianmakeng,8
0001428808-Raw01-f_00009.jpg,0001428808-Raw01-f_00009.txt,0001428808,numeric_raw_prefix,train,False,mamianmakeng,3
0001428810-Raw00-f_00008.jpg,0001428810-Raw00-f_00008.txt,0001428810,numeric_raw_prefix,train,False,"mamianmakeng,yiwuyaru",15
0001428815-Raw00-f_00011.jpg,0001428815-Raw00-f_00011.txt,0001428815,numeric_raw_prefix,train,False,mamianmakeng,6
0001428922-Raw00-f_00012.jpg,0001428922-Raw00-f_00012.txt,0001428922,numeric_raw_prefix,train,False,mamianmakeng,4
0001428922-Raw00-f_00013.jpg,0001428922-Raw00-f_00013.txt,0001428922,numeric_raw_prefix,train,False,mamianmakeng,1
0001429378-Raw01-f_00002.jpg,0001429378-Raw01-f_00002.txt,0001429378,numeric_raw_prefix,val,False,"yanghuatiepi,zonglie",2
0001429919-Raw00-f_00001.jpg,0001429919-Raw00-f_00001.txt,0001429919,numeric_raw_prefix,train,False,mamianmakeng,1
0001429919-Raw00-f_00010.jpg,0001429919-Raw00-f_00010.txt,0001429919,numeric_raw_prefix,train,True,,0
0001429919-Raw00-f_00011.jpg,0001429919-Raw00-f_00011.txt,0001429919,numeric_raw_prefix,train,True,,0
0001430517-Raw02-f_00004.jpg,0001430517-Raw02-f_00004.txt,0001430517,numeric_raw_prefix,val,True,,0
0001430517-Raw02-f_00009.jpg,0001430517-Raw02-f_00009.txt,0001430517,numeric_raw_prefix,val,False,"jiaza,yanghuatiepi",2
0001430606-Raw00-f_00005.jpg,0001430606-Raw00-f_00005.txt,0001430606,numeric_raw_prefix,train,False,"mamianmakeng,yiwuyaru",10
0001430606-Raw00-f_00013.jpg,0001430606-Raw00-f_00013.txt,0001430606,numeric_raw_prefix,train,False,mamianmakeng,7
0001430606-Raw01-f_00013.jpg,0001430606-Raw01-f_00013.txt,0001430606,numeric_raw_prefix,train,False,mamianmakeng,1
0001430617-Raw01-f_00006.jpg,0001430617-Raw01-f_00006.txt,0001430617,numeric_raw_prefix,train,False,"gunyin,yanghuatiepi,zonglie",5
0001430618-Raw01-f_00004.jpg,0001430618-Raw01-f_00004.txt,0001430618,numeric_raw_prefix,train,False,"jiaza,jieba,zonglie",8
0001430796-Raw00-f_00012.jpg,0001430796-Raw00-f_00012.txt,0001430796,numeric_raw_prefix,train,False,zonglie,1
0001430797-Raw11-f_00008.jpg,0001430797-Raw11-f_00008.txt,0001430797,numeric_raw_prefix,train,True,,0
0001430834-Raw00-f_00012.jpg,0001430834-Raw00-f_00012.txt,0001430834,numeric_raw_prefix,train,False,zonglie,1
0001430834-Raw02-f_00005.jpg,0001430834-Raw02-f_00005.txt,0001430834,numeric_raw_prefix,train,True,,0
0001432069-Raw03-f_00003.jpg,0001432069-Raw03-f_00003.txt,0001432069,numeric_raw_prefix,train,False,mamianmakeng,1
0001432070-Raw01-f_00001.jpg,0001432070-Raw01-f_00001.txt,0001432070,numeric_raw_prefix,train,False,mamianmakeng,7
0001432313-Raw01-f_00001.jpg,0001432313-Raw01-f_00001.txt,0001432313,numeric_raw_prefix,train,False,mamianmakeng,3
0001432626-Raw00-f_00002.jpg,0001432626-Raw00-f_00002.txt,0001432626,numeric_raw_prefix,train,False,"mamianmakeng,yiwuyaru",3
0001432626-Raw01-f_00002.jpg,0001432626-Raw01-f_00002.txt,0001432626,numeric_raw_prefix,train,False,mamianmakeng,7
0001432626-Raw03-f_00004.jpg,0001432626-Raw03-f_00004.txt,0001432626,numeric_raw_prefix,train,True,,0
0001432632-Raw02-f_00005.jpg,0001432632-Raw02-f_00005.txt,0001432632,numeric_raw_prefix,train,False,mamianmakeng,8
0001432633-Raw00-f_00002.jpg,0001432633-Raw00-f_00002.txt,0001432633,numeric_raw_prefix,val,False,mamianmakeng,3
0001432633-Raw01-f_00001.jpg,0001432633-Raw01-f_00001.txt,0001432633,numeric_raw_prefix,val,False,"mamianmakeng,yiwuyaru",2
0001432633-Raw01-f_00008.jpg,0001432633-Raw01-f_00008.txt,0001432633,numeric_raw_prefix,val,True,,0
0001432633-Raw02-f_00000.jpg,0001432633-Raw02-f_00000.txt,0001432633,numeric_raw_prefix,val,True,,0
0001432633-Raw02-f_00002.jpg,0001432633-Raw02-f_00002.txt,0001432633,numeric_raw_prefix,val,False,"mamianmakeng,yiwuyaru",8
0001432633-Raw02-f_00003.jpg,0001432633-Raw02-f_00003.txt,0001432633,numeric_raw_prefix,val,False,yiwuyaru,1
0001433039-Raw00-f_00006.jpg,0001433039-Raw00-f_00006.txt,0001433039,numeric_raw_prefix,val,True,,0
0001433206-Raw01-f_00003.jpg,0001433206-Raw01-f_00003.txt,0001433206,numeric_raw_prefix,train,True,,0
0001433206-Raw01-f_00004.jpg,0001433206-Raw01-f_00004.txt,0001433206,numeric_raw_prefix,train,True,,0
0001433380-Raw02-f_00003.jpg,0001433380-Raw02-f_00003.txt,0001433380,numeric_raw_prefix,train,True,,0
0001441823-Raw00-f_00001.jpg,0001441823-Raw00-f_00001.txt,0001441823,numeric_raw_prefix,val,True,,0
0001441823-Raw00-f_00002.jpg,0001441823-Raw00-f_00002.txt,0001441823,numeric_raw_prefix,val,True,,0
0001441823-Raw00-f_00004.jpg,0001441823-Raw00-f_00004.txt,0001441823,numeric_raw_prefix,val,True,,0
0001441823-Raw01-f_00002.jpg,0001441823-Raw01-f_00002.txt,0001441823,numeric_raw_prefix,val,False,yanghuatiepi,3
0001441823-Raw02-f_00001.jpg,0001441823-Raw02-f_00001.txt,0001441823,numeric_raw_prefix,val,True,,0
0001441823-Raw02-f_00003.jpg,0001441823-Raw02-f_00003.txt,0001441823,numeric_raw_prefix,val,False,mamianmakeng,3
0001441823-Raw02-f_00007.jpg,0001441823-Raw02-f_00007.txt,0001441823,numeric_raw_prefix,val,False,mamianmakeng,5
0001441823-Raw02-f_00010.jpg,0001441823-Raw02-f_00010.txt,0001441823,numeric_raw_prefix,val,False,mamianmakeng,11
0001441823-Raw12-f_00000.jpg,0001441823-Raw12-f_00000.txt,0001441823,numeric_raw_prefix,val,True,,0
0001441824-Raw01-f_00007.jpg,0001441824-Raw01-f_00007.txt,0001441824,numeric_raw_prefix,val,True,,0
0001441824-Raw01-f_00010.jpg,0001441824-Raw01-f_00010.txt,0001441824,numeric_raw_prefix,val,False,mamianmakeng,2
0001441824-Raw02-f_00004.jpg,0001441824-Raw02-f_00004.txt,0001441824,numeric_raw_prefix,val,False,mamianmakeng,15
0001441824-Raw02-f_00011.jpg,0001441824-Raw02-f_00011.txt,0001441824,numeric_raw_prefix,val,False,mamianmakeng,20
0001441825-Raw01-f_00006.jpg,0001441825-Raw01-f_00006.txt,0001441825,numeric_raw_prefix,train,False,mamianmakeng,4
0001441825-Raw01-f_00007.jpg,0001441825-Raw01-f_00007.txt,0001441825,numeric_raw_prefix,train,False,mamianmakeng,6
0001441825-Raw01-f_00009.jpg,0001441825-Raw01-f_00009.txt,0001441825,numeric_raw_prefix,train,False,mamianmakeng,6
0001441825-Raw01-f_00010.jpg,0001441825-Raw01-f_00010.txt,0001441825,numeric_raw_prefix,train,False,mamianmakeng,9
0001441825-Raw02-f_00001.jpg,0001441825-Raw02-f_00001.txt,0001441825,numeric_raw_prefix,train,False,mamianmakeng,15
0001441825-Raw02-f_00004.jpg,0001441825-Raw02-f_00004.txt,0001441825,numeric_raw_prefix,train,False,mamianmakeng,11
0001441825-Raw02-f_00006.jpg,0001441825-Raw02-f_00006.txt,0001441825,numeric_raw_prefix,train,False,mamianmakeng,14
0001441825-Raw02-f_00010.jpg,0001441825-Raw02-f_00010.txt,0001441825,numeric_raw_prefix,train,False,mamianmakeng,26
0001441826-Raw00-f_00004.jpg,0001441826-Raw00-f_00004.txt,0001441826,numeric_raw_prefix,train,True,,0
0001441826-Raw00-f_00006.jpg,0001441826-Raw00-f_00006.txt,0001441826,numeric_raw_prefix,train,True,,0
0001441826-Raw00-f_00009.jpg,0001441826-Raw00-f_00009.txt,0001441826,numeric_raw_prefix,train,False,mamianmakeng,5
0001441826-Raw01-f_00000.jpg,0001441826-Raw01-f_00000.txt,0001441826,numeric_raw_prefix,train,True,,0
0001441826-Raw01-f_00001.jpg,0001441826-Raw01-f_00001.txt,0001441826,numeric_raw_prefix,train,False,mamianmakeng,3
0001441826-Raw01-f_00003.jpg,0001441826-Raw01-f_00003.txt,0001441826,numeric_raw_prefix,train,False,mamianmakeng,5
0001441826-Raw01-f_00007.jpg,0001441826-Raw01-f_00007.txt,0001441826,numeric_raw_prefix,train,False,mamianmakeng,7
0001441826-Raw01-f_00008.jpg,0001441826-Raw01-f_00008.txt,0001441826,numeric_raw_prefix,train,False,mamianmakeng,11
0001441826-Raw02-f_00003.jpg,0001441826-Raw02-f_00003.txt,0001441826,numeric_raw_prefix,train,False,"jieba,mamianmakeng",12
0001441827-Raw00-f_00002.jpg,0001441827-Raw00-f_00002.txt,0001441827,numeric_raw_prefix,train,False,"mamianmakeng,yanghuatiepi",2
0001441827-Raw02-f_00005.jpg,0001441827-Raw02-f_00005.txt,0001441827,numeric_raw_prefix,train,False,mamianmakeng,36
0001441827-Raw02-f_00010.jpg,0001441827-Raw02-f_00010.txt,0001441827,numeric_raw_prefix,train,False,mamianmakeng,56
0001441827-Raw03-f_00004.jpg,0001441827-Raw03-f_00004.txt,0001441827,numeric_raw_prefix,train,False,mamianmakeng,11
0001441827-Raw03-f_00010.jpg,0001441827-Raw03-f_00010.txt,0001441827,numeric_raw_prefix,train,False,mamianmakeng,21
0001441827-Raw03-f_00011.jpg,0001441827-Raw03-f_00011.txt,0001441827,numeric_raw_prefix,train,False,mamianmakeng,4
0001441828-Raw00-f_00001.jpg,0001441828-Raw00-f_00001.txt,0001441828,numeric_raw_prefix,train,False,mamianmakeng,15
0001441828-Raw01-f_00002.jpg,0001441828-Raw01-f_00002.txt,0001441828,numeric_raw_prefix,train,False,mamianmakeng,60
0001441828-Raw01-f_00005.jpg,0001441828-Raw01-f_00005.txt,0001441828,numeric_raw_prefix,train,False,mamianmakeng,48
0001441828-Raw01-f_00006.jpg,0001441828-Raw01-f_00006.txt,0001441828,numeric_raw_prefix,train,False,mamianmakeng,55
0001441828-Raw02-f_00002.jpg,0001441828-Raw02-f_00002.txt,0001441828,numeric_raw_prefix,train,False,mamianmakeng,73
0001441828-Raw02-f_00004.jpg,0001441828-Raw02-f_00004.txt,0001441828,numeric_raw_prefix,train,False,mamianmakeng,48
0001441828-Raw02-f_00009.jpg,0001441828-Raw02-f_00009.txt,0001441828,numeric_raw_prefix,train,False,mamianmakeng,56
0001441828-Raw03-f_00002.jpg,0001441828-Raw03-f_00002.txt,0001441828,numeric_raw_prefix,train,False,mamianmakeng,27
0001441828-Raw03-f_00004.jpg,0001441828-Raw03-f_00004.txt,0001441828,numeric_raw_prefix,train,False,mamianmakeng,16
0001441828-Raw03-f_00005.jpg,0001441828-Raw03-f_00005.txt,0001441828,numeric_raw_prefix,train,False,mamianmakeng,19
0001441828-Raw03-f_00006.jpg,0001441828-Raw03-f_00006.txt,0001441828,numeric_raw_prefix,train,False,mamianmakeng,17
0001441828-Raw03-f_00008.jpg,0001441828-Raw03-f_00008.txt,0001441828,numeric_raw_prefix,train,False,mamianmakeng,24
0001441829-Raw00-f_00002.jpg,0001441829-Raw00-f_00002.txt,0001441829,numeric_raw_prefix,train,False,mamianmakeng,12
0001441829-Raw00-f_00003.jpg,0001441829-Raw00-f_00003.txt,0001441829,numeric_raw_prefix,train,False,mamianmakeng,17
0001441829-Raw00-f_00006.jpg,0001441829-Raw00-f_00006.txt,0001441829,numeric_raw_prefix,train,False,mamianmakeng,14
0001441829-Raw00-f_00010.jpg,0001441829-Raw00-f_00010.txt,0001441829,numeric_raw_prefix,train,False,mamianmakeng,12
0001441829-Raw01-f_00001.jpg,0001441829-Raw01-f_00001.txt,0001441829,numeric_raw_prefix,train,False,mamianmakeng,32
0001441829-Raw01-f_00002.jpg,0001441829-Raw01-f_00002.txt,0001441829,numeric_raw_prefix,train,False,mamianmakeng,42
0001441829-Raw01-f_00005.jpg,0001441829-Raw01-f_00005.txt,0001441829,numeric_raw_prefix,train,False,mamianmakeng,31
0001441829-Raw01-f_00006.jpg,0001441829-Raw01-f_00006.txt,0001441829,numeric_raw_prefix,train,False,mamianmakeng,43
0001441829-Raw01-f_00007.jpg,0001441829-Raw01-f_00007.txt,0001441829,numeric_raw_prefix,train,False,mamianmakeng,38
0001441829-Raw01-f_00008.jpg,0001441829-Raw01-f_00008.txt,0001441829,numeric_raw_prefix,train,False,mamianmakeng,35
0001441829-Raw01-f_00010.jpg,0001441829-Raw01-f_00010.txt,0001441829,numeric_raw_prefix,train,False,mamianmakeng,53
0001441829-Raw02-f_00000.jpg,0001441829-Raw02-f_00000.txt,0001441829,numeric_raw_prefix,train,False,mamianmakeng,16
0001441829-Raw02-f_00002.jpg,0001441829-Raw02-f_00002.txt,0001441829,numeric_raw_prefix,train,False,mamianmakeng,55
0001441829-Raw02-f_00003.jpg,0001441829-Raw02-f_00003.txt,0001441829,numeric_raw_prefix,train,False,mamianmakeng,53
0001441829-Raw02-f_00004.jpg,0001441829-Raw02-f_00004.txt,0001441829,numeric_raw_prefix,train,False,mamianmakeng,71
0001441829-Raw02-f_00005.jpg,0001441829-Raw02-f_00005.txt,0001441829,numeric_raw_prefix,train,False,mamianmakeng,38
0001441829-Raw02-f_00007.jpg,0001441829-Raw02-f_00007.txt,0001441829,numeric_raw_prefix,train,False,mamianmakeng,39
0001441829-Raw02-f_00009.jpg,0001441829-Raw02-f_00009.txt,0001441829,numeric_raw_prefix,train,False,mamianmakeng,63
0001441829-Raw02-f_00010.jpg,0001441829-Raw02-f_00010.txt,0001441829,numeric_raw_prefix,train,False,mamianmakeng,81
0001441829-Raw02-f_00011.jpg,0001441829-Raw02-f_00011.txt,0001441829,numeric_raw_prefix,train,False,mamianmakeng,38
0001441829-Raw03-f_00000.jpg,0001441829-Raw03-f_00000.txt,0001441829,numeric_raw_prefix,train,False,mamianmakeng,9
0001441829-Raw03-f_00002.jpg,0001441829-Raw03-f_00002.txt,0001441829,numeric_raw_prefix,train,False,mamianmakeng,22
0001441829-Raw03-f_00004.jpg,0001441829-Raw03-f_00004.txt,0001441829,numeric_raw_prefix,train,False,mamianmakeng,10
0001441829-Raw03-f_00005.jpg,0001441829-Raw03-f_00005.txt,0001441829,numeric_raw_prefix,train,False,mamianmakeng,15
0001441829-Raw03-f_00008.jpg,0001441829-Raw03-f_00008.txt,0001441829,numeric_raw_prefix,train,False,mamianmakeng,19
0001441829-Raw03-f_00010.jpg,0001441829-Raw03-f_00010.txt,0001441829,numeric_raw_prefix,train,False,mamianmakeng,17
0001441829-Raw03-f_00011.jpg,0001441829-Raw03-f_00011.txt,0001441829,numeric_raw_prefix,train,False,mamianmakeng,14
0001441830-Raw00-f_00001.jpg,0001441830-Raw00-f_00001.txt,0001441830,numeric_raw_prefix,val,False,mamianmakeng,5
0001441830-Raw00-f_00002.jpg,0001441830-Raw00-f_00002.txt,0001441830,numeric_raw_prefix,val,False,mamianmakeng,7
0001441830-Raw00-f_00003.jpg,0001441830-Raw00-f_00003.txt,0001441830,numeric_raw_prefix,val,False,mamianmakeng,3
0001441830-Raw01-f_00002.jpg,0001441830-Raw01-f_00002.txt,0001441830,numeric_raw_prefix,val,False,mamianmakeng,10
0001441830-Raw01-f_00003.jpg,0001441830-Raw01-f_00003.txt,0001441830,numeric_raw_prefix,val,False,mamianmakeng,11
0001441830-Raw01-f_00004.jpg,0001441830-Raw01-f_00004.txt,0001441830,numeric_raw_prefix,val,False,mamianmakeng,4
0001441830-Raw01-f_00005.jpg,0001441830-Raw01-f_00005.txt,0001441830,numeric_raw_prefix,val,False,mamianmakeng,8
0001441830-Raw01-f_00007.jpg,0001441830-Raw01-f_00007.txt,0001441830,numeric_raw_prefix,val,False,"mamianmakeng,yiwuyaru",2
0001441830-Raw01-f_00008.jpg,0001441830-Raw01-f_00008.txt,0001441830,numeric_raw_prefix,val,False,mamianmakeng,5
0001441830-Raw02-f_00001.jpg,0001441830-Raw02-f_00001.txt,0001441830,numeric_raw_prefix,val,False,mamianmakeng,60
0001441830-Raw02-f_00002.jpg,0001441830-Raw02-f_00002.txt,0001441830,numeric_raw_prefix,val,False,mamianmakeng,27
0001441830-Raw02-f_00003.jpg,0001441830-Raw02-f_00003.txt,0001441830,numeric_raw_prefix,val,False,mamianmakeng,22
0001441830-Raw03-f_00001.jpg,0001441830-Raw03-f_00001.txt,0001441830,numeric_raw_prefix,val,False,mamianmakeng,18
0001441830-Raw03-f_00003.jpg,0001441830-Raw03-f_00003.txt,0001441830,numeric_raw_prefix,val,False,mamianmakeng,4
0001441830-Raw03-f_00008.jpg,0001441830-Raw03-f_00008.txt,0001441830,numeric_raw_prefix,val,False,"jieba,mamianmakeng",3
0001441830-Raw03-f_00009.jpg,0001441830-Raw03-f_00009.txt,0001441830,numeric_raw_prefix,val,False,mamianmakeng,2
0001469108_Raw02_f_00001.jpg,0001469108_Raw02_f_00001.txt,0001469108,numeric_raw_prefix,val,True,,0
0001469108_Raw13_f_00012.jpg,0001469108_Raw13_f_00012.txt,0001469108,numeric_raw_prefix,val,True,,0
0001469133_Raw02_f_00002.jpg,0001469133_Raw02_f_00002.txt,0001469133,numeric_raw_prefix,train,True,,0
0001469133_Raw02_f_00003.jpg,0001469133_Raw02_f_00003.txt,0001469133,numeric_raw_prefix,train,True,,0
0001469133_Raw11_f_00006.jpg,0001469133_Raw11_f_00006.txt,0001469133,numeric_raw_prefix,train,True,,0
0001469133_Raw12_f_00005.jpg,0001469133_Raw12_f_00005.txt,0001469133,numeric_raw_prefix,train,True,,0
0001469133_Raw13_f_00008.jpg,0001469133_Raw13_f_00008.txt,0001469133,numeric_raw_prefix,train,True,,0
0001469133_Raw13_f_00009.jpg,0001469133_Raw13_f_00009.txt,0001469133,numeric_raw_prefix,train,True,,0
0001469138_Raw00_f_00004.jpg,0001469138_Raw00_f_00004.txt,0001469138,numeric_raw_prefix,train,True,,0
0001469138_Raw02_f_00006.jpg,0001469138_Raw02_f_00006.txt,0001469138,numeric_raw_prefix,train,False,gunyin,1
0001469138_Raw13_f_00007.jpg,0001469138_Raw13_f_00007.txt,0001469138,numeric_raw_prefix,train,True,,0
0001469147_Raw10_f_00001.jpg,0001469147_Raw10_f_00001.txt,0001469147,numeric_raw_prefix,train,True,,0
0001469147_Raw10_f_00008.jpg,0001469147_Raw10_f_00008.txt,0001469147,numeric_raw_prefix,train,True,,0
0001469147_Raw11_f_00010.jpg,0001469147_Raw11_f_00010.txt,0001469147,numeric_raw_prefix,train,True,,0
0001469147_Raw13_f_00003.jpg,0001469147_Raw13_f_00003.txt,0001469147,numeric_raw_prefix,train,True,,0
0001469158_Raw02_f_00011.jpg,0001469158_Raw02_f_00011.txt,0001469158,numeric_raw_prefix,train,False,gunyin,1
0001469239_Raw01_f_00000.jpg,0001469239_Raw01_f_00000.txt,0001469239,numeric_raw_prefix,train,True,,0
0001469239_Raw13_f_00006.jpg,0001469239_Raw13_f_00006.txt,0001469239,numeric_raw_prefix,train,True,,0
0001469242_Raw01_f_00002.jpg,0001469242_Raw01_f_00002.txt,0001469242,numeric_raw_prefix,train,True,,0
0001469242_Raw01_f_00003.jpg,0001469242_Raw01_f_00003.txt,0001469242,numeric_raw_prefix,train,True,,0
0001469242_Raw01_f_00006.jpg,0001469242_Raw01_f_00006.txt,0001469242,numeric_raw_prefix,train,True,,0
0001469242_Raw01_f_00010.jpg,0001469242_Raw01_f_00010.txt,0001469242,numeric_raw_prefix,train,True,,0
0001469332_Raw02_f_00001.jpg,0001469332_Raw02_f_00001.txt,0001469332,numeric_raw_prefix,train,True,,0
0001469332_Raw13_f_00004.jpg,0001469332_Raw13_f_00004.txt,0001469332,numeric_raw_prefix,train,True,,0
0001469690_Raw00_f_00001.jpg,0001469690_Raw00_f_00001.txt,0001469690,numeric_raw_prefix,val,False,jieba,1
0001469690_Raw01_f_00004.jpg,0001469690_Raw01_f_00004.txt,0001469690,numeric_raw_prefix,val,False,zonglie,1
0001469693_Raw02_f_00000.jpg,0001469693_Raw02_f_00000.txt,0001469693,numeric_raw_prefix,train,True,,0
0001469693_Raw02_f_00001.jpg,0001469693_Raw02_f_00001.txt,0001469693,numeric_raw_prefix,train,False,yanghuatiepi,1
0001469693_Raw10_f_00003.jpg,0001469693_Raw10_f_00003.txt,0001469693,numeric_raw_prefix,train,False,yiwuyaru,1
0001469693_Raw13_f_00002.jpg,0001469693_Raw13_f_00002.txt,0001469693,numeric_raw_prefix,train,True,,0
0001469694_Raw13_f_00002.jpg,0001469694_Raw13_f_00002.txt,0001469694,numeric_raw_prefix,train,True,,0
0001469702_Raw10_f_00005.jpg,0001469702_Raw10_f_00005.txt,0001469702,numeric_raw_prefix,train,False,yiwuyaru,1
0001469702_Raw11_f_00007.jpg,0001469702_Raw11_f_00007.txt,0001469702,numeric_raw_prefix,train,True,,0
0001469704_Raw02_f_00001.jpg,0001469704_Raw02_f_00001.txt,0001469704,numeric_raw_prefix,train,True,,0
0001469704_Raw12_f_00004.jpg,0001469704_Raw12_f_00004.txt,0001469704,numeric_raw_prefix,train,True,,0
0001469708_Raw02_f_00004.jpg,0001469708_Raw02_f_00004.txt,0001469708,numeric_raw_prefix,train,True,,0
0001469711_Raw00_f_00001.jpg,0001469711_Raw00_f_00001.txt,0001469711,numeric_raw_prefix,train,True,,0
0001469711_Raw00_f_00005.jpg,0001469711_Raw00_f_00005.txt,0001469711,numeric_raw_prefix,train,True,,0
0001469711_Raw02_f_00001.jpg,0001469711_Raw02_f_00001.txt,0001469711,numeric_raw_prefix,train,True,,0
0001469713_Raw02_f_00005.jpg,0001469713_Raw02_f_00005.txt,0001469713,numeric_raw_prefix,train,False,yiwuyaru,1
0001469714_Raw00_f_00001.jpg,0001469714_Raw00_f_00001.txt,0001469714,numeric_raw_prefix,train,False,yanghuatiepi,1
0001469714_Raw00_f_00004.jpg,0001469714_Raw00_f_00004.txt,0001469714,numeric_raw_prefix,train,False,yiwuyaru,1
0001469714_Raw12_f_00000.jpg,0001469714_Raw12_f_00000.txt,0001469714,numeric_raw_prefix,train,True,,0
0001469714_Raw13_f_00004.jpg,0001469714_Raw13_f_00004.txt,0001469714,numeric_raw_prefix,train,True,,0
0001469716_Raw00_f_00002.jpg,0001469716_Raw00_f_00002.txt,0001469716,numeric_raw_prefix,train,False,yanghuatiepi,1
0001469717_Raw02_f_00001.jpg,0001469717_Raw02_f_00001.txt,0001469717,numeric_raw_prefix,train,True,,0
0001469717_Raw13_f_00002.jpg,0001469717_Raw13_f_00002.txt,0001469717,numeric_raw_prefix,train,True,,0
0001469719_Raw12_f_00004.jpg,0001469719_Raw12_f_00004.txt,0001469719,numeric_raw_prefix,train,True,,0
0001469723_Raw11_f_00005.jpg,0001469723_Raw11_f_00005.txt,0001469723,numeric_raw_prefix,val,True,,0
0001469725_Raw02_f_00000.jpg,0001469725_Raw02_f_00000.txt,0001469725,numeric_raw_prefix,train,True,,0
0001469726_Raw01_f_00002.jpg,0001469726_Raw01_f_00002.txt,0001469726,numeric_raw_prefix,train,True,,0
0001469726_Raw13_f_00003.jpg,0001469726_Raw13_f_00003.txt,0001469726,numeric_raw_prefix,train,True,,0
0001469730_Raw01_f_00005.jpg,0001469730_Raw01_f_00005.txt,0001469730,numeric_raw_prefix,train,False,yiwuyaru,1
0001469730_Raw02_f_00005.jpg,0001469730_Raw02_f_00005.txt,0001469730,numeric_raw_prefix,train,False,jieba,1
0001469730_Raw12_f_00004.jpg,0001469730_Raw12_f_00004.txt,0001469730,numeric_raw_prefix,train,True,,0
0001469734_Raw10_f_00004.jpg,0001469734_Raw10_f_00004.txt,0001469734,numeric_raw_prefix,train,True,,0
0001469735_Raw10_f_00004.jpg,0001469735_Raw10_f_00004.txt,0001469735,numeric_raw_prefix,train,True,,0
0001469736_Raw00_f_00001.jpg,0001469736_Raw00_f_00001.txt,0001469736,numeric_raw_prefix,train,True,,0
0001469740_Raw13_f_00006.jpg,0001469740_Raw13_f_00006.txt,0001469740,numeric_raw_prefix,train,False,yiwuyaru,1
0001469741_Raw00_f_00002.jpg,0001469741_Raw00_f_00002.txt,0001469741,numeric_raw_prefix,train,True,,0
0001469741_Raw02_f_00008.jpg,0001469741_Raw02_f_00008.txt,0001469741,numeric_raw_prefix,train,False,mamianmakeng,1
0001469741_Raw11_f_00003.jpg,0001469741_Raw11_f_00003.txt,0001469741,numeric_raw_prefix,train,True,,0
0001469753_Raw13_f_00004.jpg,0001469753_Raw13_f_00004.txt,0001469753,numeric_raw_prefix,train,True,,0
0001469758_Raw01_f_00004.jpg,0001469758_Raw01_f_00004.txt,0001469758,numeric_raw_prefix,train,False,zonglie,2
0001469758_Raw12_f_00001.jpg,0001469758_Raw12_f_00001.txt,0001469758,numeric_raw_prefix,train,True,,0
0001469758_Raw13_f_00004.jpg,0001469758_Raw13_f_00004.txt,0001469758,numeric_raw_prefix,train,True,,0
0001469760_Raw13_f_00001.jpg,0001469760_Raw13_f_00001.txt,0001469760,numeric_raw_prefix,train,True,,0
0001469760_Raw13_f_00003.jpg,0001469760_Raw13_f_00003.txt,0001469760,numeric_raw_prefix,train,False,huashang,1
0001469760_Raw13_f_00004.jpg,0001469760_Raw13_f_00004.txt,0001469760,numeric_raw_prefix,train,True,,0
0001469760_Raw13_f_00005.jpg,0001469760_Raw13_f_00005.txt,0001469760,numeric_raw_prefix,train,True,,0
0001469761_Raw11_f_00001.jpg,0001469761_Raw11_f_00001.txt,0001469761,numeric_raw_prefix,train,True,,0
0001469761_Raw11_f_00006.jpg,0001469761_Raw11_f_00006.txt,0001469761,numeric_raw_prefix,train,True,,0
0001469761_Raw12_f_00003.jpg,0001469761_Raw12_f_00003.txt,0001469761,numeric_raw_prefix,train,True,,0
0001469761_Raw12_f_00005.jpg,0001469761_Raw12_f_00005.txt,0001469761,numeric_raw_prefix,train,True,,0
0001469761_Raw13_f_00005.jpg,0001469761_Raw13_f_00005.txt,0001469761,numeric_raw_prefix,train,True,,0
0001469761_Raw13_f_00006.jpg,0001469761_Raw13_f_00006.txt,0001469761,numeric_raw_prefix,train,False,huashang,2
0001469762_Raw11_f_00004.jpg,0001469762_Raw11_f_00004.txt,0001469762,numeric_raw_prefix,val,True,,0
0001469762_Raw12_f_00003.jpg,0001469762_Raw12_f_00003.txt,0001469762,numeric_raw_prefix,val,True,,0
0001469762_Raw12_f_00005.jpg,0001469762_Raw12_f_00005.txt,0001469762,numeric_raw_prefix,val,True,,0
0001469762_Raw12_f_00006.jpg,0001469762_Raw12_f_00006.txt,0001469762,numeric_raw_prefix,val,True,,0
0001469762_Raw13_f_00001.jpg,0001469762_Raw13_f_00001.txt,0001469762,numeric_raw_prefix,val,True,,0
0001469762_Raw13_f_00002.jpg,0001469762_Raw13_f_00002.txt,0001469762,numeric_raw_prefix,val,True,,0
0001469762_Raw13_f_00004.jpg,0001469762_Raw13_f_00004.txt,0001469762,numeric_raw_prefix,val,True,,0
0001469762_Raw13_f_00006.jpg,0001469762_Raw13_f_00006.txt,0001469762,numeric_raw_prefix,val,True,,0
0001469763_Raw11_f_00006.jpg,0001469763_Raw11_f_00006.txt,0001469763,numeric_raw_prefix,val,True,,0
0001469763_Raw12_f_00002.jpg,0001469763_Raw12_f_00002.txt,0001469763,numeric_raw_prefix,val,True,,0
0001469763_Raw12_f_00003.jpg,0001469763_Raw12_f_00003.txt,0001469763,numeric_raw_prefix,val,True,,0
0001469763_Raw12_f_00005.jpg,0001469763_Raw12_f_00005.txt,0001469763,numeric_raw_prefix,val,True,,0
0001469763_Raw12_f_00006.jpg,0001469763_Raw12_f_00006.txt,0001469763,numeric_raw_prefix,val,True,,0
0001469763_Raw13_f_00001.jpg,0001469763_Raw13_f_00001.txt,0001469763,numeric_raw_prefix,val,True,,0
0001469763_Raw13_f_00005.jpg,0001469763_Raw13_f_00005.txt,0001469763,numeric_raw_prefix,val,True,,0
0001469764_Raw00_f_00000.jpg,0001469764_Raw00_f_00000.txt,0001469764,numeric_raw_prefix,train,True,,0
0001469764_Raw11_f_00000.jpg,0001469764_Raw11_f_00000.txt,0001469764,numeric_raw_prefix,train,True,,0
0001469767_Raw12_f_00003.jpg,0001469767_Raw12_f_00003.txt,0001469767,numeric_raw_prefix,train,True,,0
0001469768_Raw00_f_00001.jpg,0001469768_Raw00_f_00001.txt,0001469768,numeric_raw_prefix,train,False,"mamianmakeng,yanghuatiepi",3
0001469768_Raw02_f_00001.jpg,0001469768_Raw02_f_00001.txt,0001469768,numeric_raw_prefix,train,True,,0
0001469768_Raw13_f_00003.jpg,0001469768_Raw13_f_00003.txt,0001469768,numeric_raw_prefix,train,True,,0
0001469769_Raw13_f_00001.jpg,0001469769_Raw13_f_00001.txt,0001469769,numeric_raw_prefix,train,True,,0
0001469770_Raw11_f_00000.jpg,0001469770_Raw11_f_00000.txt,0001469770,numeric_raw_prefix,train,True,,0
0001469770_Raw12_f_00000.jpg,0001469770_Raw12_f_00000.txt,0001469770,numeric_raw_prefix,train,True,,0
0001469771_Raw02_f_00003.jpg,0001469771_Raw02_f_00003.txt,0001469771,numeric_raw_prefix,train,True,,0
0001469772_Raw11_f_00002.jpg,0001469772_Raw11_f_00002.txt,0001469772,numeric_raw_prefix,train,True,,0
0001469777_Raw02_f_00001.jpg,0001469777_Raw02_f_00001.txt,0001469777,numeric_raw_prefix,train,False,yanghuatiepi,2
0001469777_Raw13_f_00003.jpg,0001469777_Raw13_f_00003.txt,0001469777,numeric_raw_prefix,train,True,,0
0001469780_Raw10_f_00003.jpg,0001469780_Raw10_f_00003.txt,0001469780,numeric_raw_prefix,train,True,,0
0001469780_Raw10_f_00005.jpg,0001469780_Raw10_f_00005.txt,0001469780,numeric_raw_prefix,train,True,,0
0001469781_Raw10_f_00006.jpg,0001469781_Raw10_f_00006.txt,0001469781,numeric_raw_prefix,train,True,,0
0001469782_Raw01_f_00004.jpg,0001469782_Raw01_f_00004.txt,0001469782,numeric_raw_prefix,train,True,,0
0001469782_Raw02_f_00001.jpg,0001469782_Raw02_f_00001.txt,0001469782,numeric_raw_prefix,train,False,yanghuatiepi,1
0001469782_Raw13_f_00002.jpg,0001469782_Raw13_f_00002.txt,0001469782,numeric_raw_prefix,train,True,,0
0001469783_Raw12_f_00026.jpg,0001469783_Raw12_f_00026.txt,0001469783,numeric_raw_prefix,train,True,,0
0001469789_Raw00_f_00001.jpg,0001469789_Raw00_f_00001.txt,0001469789,numeric_raw_prefix,train,True,,0
0001469789_Raw01_f_00005.jpg,0001469789_Raw01_f_00005.txt,0001469789,numeric_raw_prefix,train,True,,0
0001469791_Raw02_f_00001.jpg,0001469791_Raw02_f_00001.txt,0001469791,numeric_raw_prefix,train,False,yanghuatiepi,2
0001469793_Raw00_f_00003.jpg,0001469793_Raw00_f_00003.txt,0001469793,numeric_raw_prefix,train,False,yanghuatiepi,3
0001469793_Raw02_f_00002.jpg,0001469793_Raw02_f_00002.txt,0001469793,numeric_raw_prefix,train,False,yanghuatiepi,4
0001469793_Raw11_f_00002.jpg,0001469793_Raw11_f_00002.txt,0001469793,numeric_raw_prefix,train,True,,0
0001469793_Raw13_f_00001.jpg,0001469793_Raw13_f_00001.txt,0001469793,numeric_raw_prefix,train,False,huashang,2
0001469798_Raw01_f_00005.jpg,0001469798_Raw01_f_00005.txt,0001469798,numeric_raw_prefix,train,False,yanghuatiepi,4
0001469798_Raw03_f_00000.jpg,0001469798_Raw03_f_00000.txt,0001469798,numeric_raw_prefix,train,False,mamianmakeng,1
0001469798_Raw03_f_00001.jpg,0001469798_Raw03_f_00001.txt,0001469798,numeric_raw_prefix,train,False,yanghuatiepi,2
0001469798_Raw13_f_00006.jpg,0001469798_Raw13_f_00006.txt,0001469798,numeric_raw_prefix,train,True,,0
0001469806_Raw02_f_00003.jpg,0001469806_Raw02_f_00003.txt,0001469806,numeric_raw_prefix,train,False,mamianmakeng,1
0001469808_Raw00_f_00002.jpg,0001469808_Raw00_f_00002.txt,0001469808,numeric_raw_prefix,train,False,yanghuatiepi,1
0001469809_Raw12_f_00009.jpg,0001469809_Raw12_f_00009.txt,0001469809,numeric_raw_prefix,train,True,,0
0001469809_Raw13_f_00004.jpg,0001469809_Raw13_f_00004.txt,0001469809,numeric_raw_prefix,train,True,,0
0001469810_Raw00_f_00017.jpg,0001469810_Raw00_f_00017.txt,0001469810,numeric_raw_prefix,train,True,,0
0001469810_Raw12_f_00006.jpg,0001469810_Raw12_f_00006.txt,0001469810,numeric_raw_prefix,train,False,yiwuyaru,6
0001469811_Raw12_f_00005.jpg,0001469811_Raw12_f_00005.txt,0001469811,numeric_raw_prefix,train,True,,0
0001469814_Raw12_f_00006.jpg,0001469814_Raw12_f_00006.txt,0001469814,numeric_raw_prefix,train,True,,0
0001469814_Raw12_f_00007.jpg,0001469814_Raw12_f_00007.txt,0001469814,numeric_raw_prefix,train,False,yiwuyaru,3
0001469815_Raw12_f_00007.jpg,0001469815_Raw12_f_00007.txt,0001469815,numeric_raw_prefix,train,True,,0
0001469818_Raw12_f_00003.jpg,0001469818_Raw12_f_00003.txt,0001469818,numeric_raw_prefix,train,True,,0
0001469819_Raw00_f_00001.jpg,0001469819_Raw00_f_00001.txt,0001469819,numeric_raw_prefix,train,False,yanghuatiepi,2
0001469820_Raw01_f_00009.jpg,0001469820_Raw01_f_00009.txt,0001469820,numeric_raw_prefix,val,True,,0
0001469820_Raw12_f_00018.jpg,0001469820_Raw12_f_00018.txt,0001469820,numeric_raw_prefix,val,True,,0
0001469821_Raw00_f_00002.jpg,0001469821_Raw00_f_00002.txt,0001469821,numeric_raw_prefix,train,True,,0
0001469821_Raw12_f_00001.jpg,0001469821_Raw12_f_00001.txt,0001469821,numeric_raw_prefix,train,True,,0
0001469824_Raw00_f_00001.jpg,0001469824_Raw00_f_00001.txt,0001469824,numeric_raw_prefix,train,True,,0
0001469828_Raw12_f_00001.jpg,0001469828_Raw12_f_00001.txt,0001469828,numeric_raw_prefix,train,True,,0
0001469833_Raw12_f_00007.jpg,0001469833_Raw12_f_00007.txt,0001469833,numeric_raw_prefix,train,True,,0
0001469833_Raw13_f_00007.jpg,0001469833_Raw13_f_00007.txt,0001469833,numeric_raw_prefix,train,True,,0
0001469836_Raw13_f_00004.jpg,0001469836_Raw13_f_00004.txt,0001469836,numeric_raw_prefix,train,True,,0
0001469837_Raw11_f_00002.jpg,0001469837_Raw11_f_00002.txt,0001469837,numeric_raw_prefix,train,True,,0
0001469837_Raw12_f_00002.jpg,0001469837_Raw12_f_00002.txt,0001469837,numeric_raw_prefix,train,True,,0
0001469837_Raw12_f_00005.jpg,0001469837_Raw12_f_00005.txt,0001469837,numeric_raw_prefix,train,True,,0
0001469837_Raw13_f_00002.jpg,0001469837_Raw13_f_00002.txt,0001469837,numeric_raw_prefix,train,False,huashang,3
0001469839_Raw00_f_00000.jpg,0001469839_Raw00_f_00000.txt,0001469839,numeric_raw_prefix,train,False,yanghuatiepi,1
0001469841_Raw00_f_00001.jpg,0001469841_Raw00_f_00001.txt,0001469841,numeric_raw_prefix,train,False,yanghuatiepi,1
0001469845_Raw03_f_00000.jpg,0001469845_Raw03_f_00000.txt,0001469845,numeric_raw_prefix,train,False,jieba,1
0001469849_Raw13_f_00001.jpg,0001469849_Raw13_f_00001.txt,0001469849,numeric_raw_prefix,train,True,,0
0001469851_Raw10_f_00009.jpg,0001469851_Raw10_f_00009.txt,0001469851,numeric_raw_prefix,train,False,yiwuyaru,1
0001469855_Raw13_f_00001.jpg,0001469855_Raw13_f_00001.txt,0001469855,numeric_raw_prefix,train,True,,0
0001469856_Raw10_f_00006.jpg,0001469856_Raw10_f_00006.txt,0001469856,numeric_raw_prefix,train,False,yiwuyaru,2
0001469856_Raw13_f_00005.jpg,0001469856_Raw13_f_00005.txt,0001469856,numeric_raw_prefix,train,True,,0
0001469860_Raw00_f_00004.jpg,0001469860_Raw00_f_00004.txt,0001469860,numeric_raw_prefix,train,True,,0
0001469860_Raw01_f_00001.jpg,0001469860_Raw01_f_00001.txt,0001469860,numeric_raw_prefix,train,True,,0
0001469863_Raw01_f_00004.jpg,0001469863_Raw01_f_00004.txt,0001469863,numeric_raw_prefix,train,True,,0
0001469866_Raw13_f_00010.jpg,0001469866_Raw13_f_00010.txt,0001469866,numeric_raw_prefix,train,True,,0
0001469871_Raw02_f_00001.jpg,0001469871_Raw02_f_00001.txt,0001469871,numeric_raw_prefix,val,False,yanghuatiepi,1
0001469871_Raw03_f_00001.jpg,0001469871_Raw03_f_00001.txt,0001469871,numeric_raw_prefix,val,False,yanghuatiepi,1
0001469874_Raw13_f_00009.jpg,0001469874_Raw13_f_00009.txt,0001469874,numeric_raw_prefix,train,False,yiwuyaru,1
0001469877_Raw12_f_00010.jpg,0001469877_Raw12_f_00010.txt,0001469877,numeric_raw_prefix,val,False,yiwuyaru,1
0001469877_Raw13_f_00010.jpg,0001469877_Raw13_f_00010.txt,0001469877,numeric_raw_prefix,val,False,yiwuyaru,1
0001469879_Raw11_f_00005.jpg,0001469879_Raw11_f_00005.txt,0001469879,numeric_raw_prefix,train,True,,0
0001469879_Raw12_f_00005.jpg,0001469879_Raw12_f_00005.txt,0001469879,numeric_raw_prefix,train,True,,0
0001469881_Raw12_f_00001.jpg,0001469881_Raw12_f_00001.txt,0001469881,numeric_raw_prefix,train,True,,0
0001469888_Raw00_f_00001.jpg,0001469888_Raw00_f_00001.txt,0001469888,numeric_raw_prefix,train,True,,0
0001469890_Raw13_f_00004.jpg,0001469890_Raw13_f_00004.txt,0001469890,numeric_raw_prefix,train,False,huashang,1
0001469890_Raw13_f_00007.jpg,0001469890_Raw13_f_00007.txt,0001469890,numeric_raw_prefix,train,True,,0
0001469896_Raw02_f_00007.jpg,0001469896_Raw02_f_00007.txt,0001469896,numeric_raw_prefix,train,True,,0
0001469896_Raw02_f_00008.jpg,0001469896_Raw02_f_00008.txt,0001469896,numeric_raw_prefix,train,True,,0
0001469897_Raw00_f_00006.jpg,0001469897_Raw00_f_00006.txt,0001469897,numeric_raw_prefix,val,False,yanghuatiepi,1
0001469897_Raw02_f_00001.jpg,0001469897_Raw02_f_00001.txt,0001469897,numeric_raw_prefix,val,True,,0
0001469898_Raw01_f_00001.jpg,0001469898_Raw01_f_00001.txt,0001469898,numeric_raw_prefix,train,False,yanghuatiepi,2
0001469898_Raw01_f_00004.jpg,0001469898_Raw01_f_00004.txt,0001469898,numeric_raw_prefix,train,False,yanghuatiepi,6
0001469898_Raw13_f_00006.jpg,0001469898_Raw13_f_00006.txt,0001469898,numeric_raw_prefix,train,True,,0
0001469901_Raw12_f_00003.jpg,0001469901_Raw12_f_00003.txt,0001469901,numeric_raw_prefix,train,True,,0
0001469901_Raw13_f_00002.jpg,0001469901_Raw13_f_00002.txt,0001469901,numeric_raw_prefix,train,True,,0
0001469909_Raw00_f_00001.jpg,0001469909_Raw00_f_00001.txt,0001469909,numeric_raw_prefix,train,False,yanghuatiepi,1
0001469912_Raw12_f_00001.jpg,0001469912_Raw12_f_00001.txt,0001469912,numeric_raw_prefix,val,True,,0
0001469912_Raw12_f_00005.jpg,0001469912_Raw12_f_00005.txt,0001469912,numeric_raw_prefix,val,True,,0
0001469927_Raw00_f_00004.jpg,0001469927_Raw00_f_00004.txt,0001469927,numeric_raw_prefix,train,True,,0
0001469927_Raw11_f_00004.jpg,0001469927_Raw11_f_00004.txt,0001469927,numeric_raw_prefix,train,True,,0
0001469927_Raw11_f_00006.jpg,0001469927_Raw11_f_00006.txt,0001469927,numeric_raw_prefix,train,True,,0
0001469927_Raw12_f_00003.jpg,0001469927_Raw12_f_00003.txt,0001469927,numeric_raw_prefix,train,True,,0
0001469928_Raw11_f_00002.jpg,0001469928_Raw11_f_00002.txt,0001469928,numeric_raw_prefix,val,True,,0
0001469928_Raw11_f_00006.jpg,0001469928_Raw11_f_00006.txt,0001469928,numeric_raw_prefix,val,True,,0
0001469928_Raw12_f_00002.jpg,0001469928_Raw12_f_00002.txt,0001469928,numeric_raw_prefix,val,True,,0
0001469928_Raw13_f_00002.jpg,0001469928_Raw13_f_00002.txt,0001469928,numeric_raw_prefix,val,True,,0
0001469940_Raw11_f_00012.jpg,0001469940_Raw11_f_00012.txt,0001469940,numeric_raw_prefix,train,True,,0
0001469940_Raw12_f_00002.jpg,0001469940_Raw12_f_00002.txt,0001469940,numeric_raw_prefix,train,True,,0
0001469946_Raw13_f_00002.jpg,0001469946_Raw13_f_00002.txt,0001469946,numeric_raw_prefix,train,False,yiwuyaru,1
0001469948_Raw11_f_00008.jpg,0001469948_Raw11_f_00008.txt,0001469948,numeric_raw_prefix,train,True,,0
0001469955_Raw12_f_00002.jpg,0001469955_Raw12_f_00002.txt,0001469955,numeric_raw_prefix,train,True,,0
0001469960_Raw01_f_00008.jpg,0001469960_Raw01_f_00008.txt,0001469960,numeric_raw_prefix,train,True,,0
0001469968_Raw00_f_00001.jpg,0001469968_Raw00_f_00001.txt,0001469968,numeric_raw_prefix,train,True,,0
0001469969_Raw02_f_00001.jpg,0001469969_Raw02_f_00001.txt,0001469969,numeric_raw_prefix,train,True,,0
0001469969_Raw02_f_00003.jpg,0001469969_Raw02_f_00003.txt,0001469969,numeric_raw_prefix,train,True,,0
0001469969_Raw02_f_00004.jpg,0001469969_Raw02_f_00004.txt,0001469969,numeric_raw_prefix,train,True,,0
0001469973_Raw10_f_00009.jpg,0001469973_Raw10_f_00009.txt,0001469973,numeric_raw_prefix,train,True,,0
0001469975_Raw03_f_00001.jpg,0001469975_Raw03_f_00001.txt,0001469975,numeric_raw_prefix,train,True,,0
0001469975_Raw11_f_00006.jpg,0001469975_Raw11_f_00006.txt,0001469975,numeric_raw_prefix,train,True,,0
0001469979_Raw00_f_00002.jpg,0001469979_Raw00_f_00002.txt,0001469979,numeric_raw_prefix,train,False,yanghuatiepi,2
0001469981_Raw13_f_00010.jpg,0001469981_Raw13_f_00010.txt,0001469981,numeric_raw_prefix,train,True,,0
0001469989_Raw13_f_00004.jpg,0001469989_Raw13_f_00004.txt,0001469989,numeric_raw_prefix,train,True,,0
0001469990_Raw00_f_00001.jpg,0001469990_Raw00_f_00001.txt,0001469990,numeric_raw_prefix,train,False,yanghuatiepi,1
0001469992_Raw01_f_00000.jpg,0001469992_Raw01_f_00000.txt,0001469992,numeric_raw_prefix,train,False,yanghuatiepi,1
0001469996_Raw01_f_00000.jpg,0001469996_Raw01_f_00000.txt,0001469996,numeric_raw_prefix,train,False,yiwuyaru,1
0001469998_Raw13_f_00001.jpg,0001469998_Raw13_f_00001.txt,0001469998,numeric_raw_prefix,train,True,,0
0001470001_Raw13_f_00017.jpg,0001470001_Raw13_f_00017.txt,0001470001,numeric_raw_prefix,train,True,,0
0001470003_Raw13_f_00018.jpg,0001470003_Raw13_f_00018.txt,0001470003,numeric_raw_prefix,train,True,,0
0001470004_Raw01_f_00001.jpg,0001470004_Raw01_f_00001.txt,0001470004,numeric_raw_prefix,train,False,yiwuyaru,1
0001470004_Raw12_f_00006.jpg,0001470004_Raw12_f_00006.txt,0001470004,numeric_raw_prefix,train,True,,0
0001470010_Raw02_f_00001.jpg,0001470010_Raw02_f_00001.txt,0001470010,numeric_raw_prefix,val,False,yanghuatiepi,1
0001470010_Raw11_f_00007.jpg,0001470010_Raw11_f_00007.txt,0001470010,numeric_raw_prefix,val,True,,0
0001470010_Raw12_f_00007.jpg,0001470010_Raw12_f_00007.txt,0001470010,numeric_raw_prefix,val,True,,0
0001470010_Raw12_f_00008.jpg,0001470010_Raw12_f_00008.txt,0001470010,numeric_raw_prefix,val,True,,0
0001470010_Raw13_f_00007.jpg,0001470010_Raw13_f_00007.txt,0001470010,numeric_raw_prefix,val,True,,0
0001470010_Raw13_f_00008.jpg,0001470010_Raw13_f_00008.txt,0001470010,numeric_raw_prefix,val,True,,0
0001470014_Raw13_f_00002.jpg,0001470014_Raw13_f_00002.txt,0001470014,numeric_raw_prefix,train,True,,0
0001470016_Raw11_f_00000.jpg,0001470016_Raw11_f_00000.txt,0001470016,numeric_raw_prefix,val,True,,0
0001470016_Raw13_f_00008.jpg,0001470016_Raw13_f_00008.txt,0001470016,numeric_raw_prefix,val,True,,0
0001470017_Raw12_f_00004.jpg,0001470017_Raw12_f_00004.txt,0001470017,numeric_raw_prefix,train,True,,0
0001470026_Raw12_f_00001.jpg,0001470026_Raw12_f_00001.txt,0001470026,numeric_raw_prefix,train,True,,0
0001470039_Raw02_f_00001.jpg,0001470039_Raw02_f_00001.txt,0001470039,numeric_raw_prefix,train,False,yanghuatiepi,2
0001470039_Raw10_f_00008.jpg,0001470039_Raw10_f_00008.txt,0001470039,numeric_raw_prefix,train,True,,0
0001470039_Raw10_f_00010.jpg,0001470039_Raw10_f_00010.txt,0001470039,numeric_raw_prefix,train,True,,0
0001470039_Raw11_f_00007.jpg,0001470039_Raw11_f_00007.txt,0001470039,numeric_raw_prefix,train,True,,0
0001470039_Raw11_f_00009.jpg,0001470039_Raw11_f_00009.txt,0001470039,numeric_raw_prefix,train,True,,0
0001470039_Raw12_f_00003.jpg,0001470039_Raw12_f_00003.txt,0001470039,numeric_raw_prefix,train,True,,0
0001470039_Raw13_f_00002.jpg,0001470039_Raw13_f_00002.txt,0001470039,numeric_raw_prefix,train,True,,0
0001470040_Raw10_f_00003.jpg,0001470040_Raw10_f_00003.txt,0001470040,numeric_raw_prefix,train,True,,0
0001470040_Raw10_f_00004.jpg,0001470040_Raw10_f_00004.txt,0001470040,numeric_raw_prefix,train,True,,0
0001470040_Raw11_f_00004.jpg,0001470040_Raw11_f_00004.txt,0001470040,numeric_raw_prefix,train,True,,0
0001470040_Raw13_f_00004.jpg,0001470040_Raw13_f_00004.txt,0001470040,numeric_raw_prefix,train,True,,0
0001470040_Raw13_f_00007.jpg,0001470040_Raw13_f_00007.txt,0001470040,numeric_raw_prefix,train,True,,0
0001470041_Raw01_f_00005.jpg,0001470041_Raw01_f_00005.txt,0001470041,numeric_raw_prefix,train,True,,0
0001470041_Raw10_f_00005.jpg,0001470041_Raw10_f_00005.txt,0001470041,numeric_raw_prefix,train,True,,0
0001470041_Raw11_f_00006.jpg,0001470041_Raw11_f_00006.txt,0001470041,numeric_raw_prefix,train,True,,0
0001470041_Raw13_f_00004.jpg,0001470041_Raw13_f_00004.txt,0001470041,numeric_raw_prefix,train,True,,0
0001470044_Raw00_f_00005.jpg,0001470044_Raw00_f_00005.txt,0001470044,numeric_raw_prefix,train,True,,0
0001470044_Raw03_f_00006.jpg,0001470044_Raw03_f_00006.txt,0001470044,numeric_raw_prefix,train,True,,0
0001470044_Raw10_f_00007.jpg,0001470044_Raw10_f_00007.txt,0001470044,numeric_raw_prefix,train,True,,0
0001470044_Raw11_f_00007.jpg,0001470044_Raw11_f_00007.txt,0001470044,numeric_raw_prefix,train,True,,0
0001470044_Raw13_f_00007.jpg,0001470044_Raw13_f_00007.txt,0001470044,numeric_raw_prefix,train,True,,0
0001470045_Raw01_f_00004.jpg,0001470045_Raw01_f_00004.txt,0001470045,numeric_raw_prefix,train,True,,0
0001470045_Raw01_f_00005.jpg,0001470045_Raw01_f_00005.txt,0001470045,numeric_raw_prefix,train,True,,0
0001470045_Raw02_f_00002.jpg,0001470045_Raw02_f_00002.txt,0001470045,numeric_raw_prefix,train,True,,0
0001470045_Raw03_f_00002.jpg,0001470045_Raw03_f_00002.txt,0001470045,numeric_raw_prefix,train,True,,0
0001470045_Raw11_f_00000.jpg,0001470045_Raw11_f_00000.txt,0001470045,numeric_raw_prefix,train,False,jieba,1
0001470046_Raw12_f_00001.jpg,0001470046_Raw12_f_00001.txt,0001470046,numeric_raw_prefix,train,True,,0
0001470048_Raw11_f_00001.jpg,0001470048_Raw11_f_00001.txt,0001470048,numeric_raw_prefix,train,True,,0
0001470048_Raw13_f_00003.jpg,0001470048_Raw13_f_00003.txt,0001470048,numeric_raw_prefix,train,True,,0
0001470048_Raw13_f_00005.jpg,0001470048_Raw13_f_00005.txt,0001470048,numeric_raw_prefix,train,True,,0
0001470049_Raw03_f_00006.jpg,0001470049_Raw03_f_00006.txt,0001470049,numeric_raw_prefix,train,True,,0
0001470049_Raw13_f_00002.jpg,0001470049_Raw13_f_00002.txt,0001470049,numeric_raw_prefix,train,True,,0
0001470049_Raw13_f_00005.jpg,0001470049_Raw13_f_00005.txt,0001470049,numeric_raw_prefix,train,True,,0
0001470051_Raw00_f_00001.jpg,0001470051_Raw00_f_00001.txt,0001470051,numeric_raw_prefix,train,False,yanghuatiepi,1
0001470052_Raw03_f_00001.jpg,0001470052_Raw03_f_00001.txt,0001470052,numeric_raw_prefix,train,True,,0
0001470055_Raw02_f_00007.jpg,0001470055_Raw02_f_00007.txt,0001470055,numeric_raw_prefix,val,True,,0
0001470055_Raw12_f_00002.jpg,0001470055_Raw12_f_00002.txt,0001470055,numeric_raw_prefix,val,True,,0
0001470056_Raw13_f_00007.jpg,0001470056_Raw13_f_00007.txt,0001470056,numeric_raw_prefix,train,True,,0
0001470065_Raw00_f_00001.jpg,0001470065_Raw00_f_00001.txt,0001470065,numeric_raw_prefix,train,False,yanghuatiepi,1
0001470066_Raw13_f_00005.jpg,0001470066_Raw13_f_00005.txt,0001470066,numeric_raw_prefix,train,True,,0
0001470067_Raw00_f_00001.jpg,0001470067_Raw00_f_00001.txt,0001470067,numeric_raw_prefix,train,False,yanghuatiepi,2
0001470067_Raw02_f_00003.jpg,0001470067_Raw02_f_00003.txt,0001470067,numeric_raw_prefix,train,False,mamianmakeng,2
0001470067_Raw03_f_00001.jpg,0001470067_Raw03_f_00001.txt,0001470067,numeric_raw_prefix,train,False,yanghuatiepi,1
0001470089_Raw13_f_00001.jpg,0001470089_Raw13_f_00001.txt,0001470089,numeric_raw_prefix,train,True,,0
0001470089_Raw13_f_00005.jpg,0001470089_Raw13_f_00005.txt,0001470089,numeric_raw_prefix,train,True,,0
0001470098_Raw00_f_00007.jpg,0001470098_Raw00_f_00007.txt,0001470098,numeric_raw_prefix,train,False,mamianmakeng,1
0001470098_Raw12_f_00003.jpg,0001470098_Raw12_f_00003.txt,0001470098,numeric_raw_prefix,train,True,,0
0001470099_Raw00_f_00001.jpg,0001470099_Raw00_f_00001.txt,0001470099,numeric_raw_prefix,train,False,mamianmakeng,1
0001470102_Raw13_f_00005.jpg,0001470102_Raw13_f_00005.txt,0001470102,numeric_raw_prefix,train,True,,0
0001470105_Raw12_f_00002.jpg,0001470105_Raw12_f_00002.txt,0001470105,numeric_raw_prefix,train,True,,0
0001470105_Raw12_f_00006.jpg,0001470105_Raw12_f_00006.txt,0001470105,numeric_raw_prefix,train,True,,0
0001470106_Raw02_f_00007.jpg,0001470106_Raw02_f_00007.txt,0001470106,numeric_raw_prefix,train,True,,0
0001470106_Raw13_f_00005.jpg,0001470106_Raw13_f_00005.txt,0001470106,numeric_raw_prefix,train,True,,0
0001470108_Raw13_f_00004.jpg,0001470108_Raw13_f_00004.txt,0001470108,numeric_raw_prefix,train,True,,0
0001470110_Raw11_f_00003.jpg,0001470110_Raw11_f_00003.txt,0001470110,numeric_raw_prefix,train,True,,0
0001470112_Raw13_f_00002.jpg,0001470112_Raw13_f_00002.txt,0001470112,numeric_raw_prefix,val,False,yiwuyaru,1
0001470115_Raw00_f_00001.jpg,0001470115_Raw00_f_00001.txt,0001470115,numeric_raw_prefix,train,True,,0
0001470115_Raw13_f_00003.jpg,0001470115_Raw13_f_00003.txt,0001470115,numeric_raw_prefix,train,True,,0
0001470116_Raw10_f_00002.jpg,0001470116_Raw10_f_00002.txt,0001470116,numeric_raw_prefix,train,True,,0
0001470117_Raw13_f_00003.jpg,0001470117_Raw13_f_00003.txt,0001470117,numeric_raw_prefix,train,True,,0
0001470118_Raw10_f_00003.jpg,0001470118_Raw10_f_00003.txt,0001470118,numeric_raw_prefix,train,True,,0
0001470118_Raw13_f_00005.jpg,0001470118_Raw13_f_00005.txt,0001470118,numeric_raw_prefix,train,True,,0
0001470118_Raw13_f_00007.jpg,0001470118_Raw13_f_00007.txt,0001470118,numeric_raw_prefix,train,True,,0
0001470119_Raw11_f_00007.jpg,0001470119_Raw11_f_00007.txt,0001470119,numeric_raw_prefix,train,True,,0
0001470119_Raw12_f_00005.jpg,0001470119_Raw12_f_00005.txt,0001470119,numeric_raw_prefix,train,True,,0
0001470121_Raw10_f_00003.jpg,0001470121_Raw10_f_00003.txt,0001470121,numeric_raw_prefix,train,True,,0
0001470123_Raw11_f_00002.jpg,0001470123_Raw11_f_00002.txt,0001470123,numeric_raw_prefix,train,True,,0
0001470123_Raw13_f_00001.jpg,0001470123_Raw13_f_00001.txt,0001470123,numeric_raw_prefix,train,True,,0
0001470124_Raw13_f_00001.jpg,0001470124_Raw13_f_00001.txt,0001470124,numeric_raw_prefix,train,True,,0
0001470124_Raw13_f_00003.jpg,0001470124_Raw13_f_00003.txt,0001470124,numeric_raw_prefix,train,True,,0
0001470124_Raw13_f_00004.jpg,0001470124_Raw13_f_00004.txt,0001470124,numeric_raw_prefix,train,True,,0
0001470125_Raw13_f_00002.jpg,0001470125_Raw13_f_00002.txt,0001470125,numeric_raw_prefix,val,True,,0
0001470125_Raw13_f_00003.jpg,0001470125_Raw13_f_00003.txt,0001470125,numeric_raw_prefix,val,True,,0
0001470125_Raw13_f_00004.jpg,0001470125_Raw13_f_00004.txt,0001470125,numeric_raw_prefix,val,True,,0
0001470125_Raw13_f_00007.jpg,0001470125_Raw13_f_00007.txt,0001470125,numeric_raw_prefix,val,True,,0
0001470127_Raw12_f_00005.jpg,0001470127_Raw12_f_00005.txt,0001470127,numeric_raw_prefix,train,True,,0
0001470127_Raw13_f_00005.jpg,0001470127_Raw13_f_00005.txt,0001470127,numeric_raw_prefix,train,True,,0
0001470128_Raw02_f_00001.jpg,0001470128_Raw02_f_00001.txt,0001470128,numeric_raw_prefix,train,True,,0
0001470128_Raw10_f_00007.jpg,0001470128_Raw10_f_00007.txt,0001470128,numeric_raw_prefix,train,True,,0
0001470128_Raw13_f_00007.jpg,0001470128_Raw13_f_00007.txt,0001470128,numeric_raw_prefix,train,True,,0
0001470132_Raw13_f_00004.jpg,0001470132_Raw13_f_00004.txt,0001470132,numeric_raw_prefix,train,True,,0
0001470134_Raw03_f_00001.jpg,0001470134_Raw03_f_00001.txt,0001470134,numeric_raw_prefix,train,True,,0
0001470136_Raw10_f_00005.jpg,0001470136_Raw10_f_00005.txt,0001470136,numeric_raw_prefix,train,True,,0
0001470136_Raw12_f_00005.jpg,0001470136_Raw12_f_00005.txt,0001470136,numeric_raw_prefix,train,True,,0
0001470136_Raw13_f_00001.jpg,0001470136_Raw13_f_00001.txt,0001470136,numeric_raw_prefix,train,True,,0
0001470136_Raw13_f_00005.jpg,0001470136_Raw13_f_00005.txt,0001470136,numeric_raw_prefix,train,True,,0
0001470142_Raw13_f_00003.jpg,0001470142_Raw13_f_00003.txt,0001470142,numeric_raw_prefix,train,True,,0
0001470142_Raw13_f_00004.jpg,0001470142_Raw13_f_00004.txt,0001470142,numeric_raw_prefix,train,True,,0
0001470142_Raw13_f_00009.jpg,0001470142_Raw13_f_00009.txt,0001470142,numeric_raw_prefix,train,True,,0
0001470143_Raw13_f_00001.jpg,0001470143_Raw13_f_00001.txt,0001470143,numeric_raw_prefix,train,True,,0
0001470144_Raw02_f_00001.jpg,0001470144_Raw02_f_00001.txt,0001470144,numeric_raw_prefix,train,False,yanghuatiepi,1
0001470145_Raw10_f_00010.jpg,0001470145_Raw10_f_00010.txt,0001470145,numeric_raw_prefix,train,True,,0
0001470145_Raw13_f_00007.jpg,0001470145_Raw13_f_00007.txt,0001470145,numeric_raw_prefix,train,True,,0
0001470146_Raw11_f_00009.jpg,0001470146_Raw11_f_00009.txt,0001470146,numeric_raw_prefix,val,True,,0
0001470146_Raw13_f_00001.jpg,0001470146_Raw13_f_00001.txt,0001470146,numeric_raw_prefix,val,True,,0
0001470146_Raw13_f_00002.jpg,0001470146_Raw13_f_00002.txt,0001470146,numeric_raw_prefix,val,True,,0
0001470146_Raw13_f_00008.jpg,0001470146_Raw13_f_00008.txt,0001470146,numeric_raw_prefix,val,True,,0
0001470148_Raw10_f_00009.jpg,0001470148_Raw10_f_00009.txt,0001470148,numeric_raw_prefix,train,True,,0
0001470148_Raw12_f_00004.jpg,0001470148_Raw12_f_00004.txt,0001470148,numeric_raw_prefix,train,True,,0
0001470148_Raw13_f_00006.jpg,0001470148_Raw13_f_00006.txt,0001470148,numeric_raw_prefix,train,True,,0
0001470152_Raw12_f_00006.jpg,0001470152_Raw12_f_00006.txt,0001470152,numeric_raw_prefix,train,True,,0
0001470154_Raw02_f_00001.jpg,0001470154_Raw02_f_00001.txt,0001470154,numeric_raw_prefix,train,True,,0
0001470155_Raw12_f_00002.jpg,0001470155_Raw12_f_00002.txt,0001470155,numeric_raw_prefix,train,True,,0
0001470155_Raw12_f_00005.jpg,0001470155_Raw12_f_00005.txt,0001470155,numeric_raw_prefix,train,True,,0
0001470156_Raw12_f_00005.jpg,0001470156_Raw12_f_00005.txt,0001470156,numeric_raw_prefix,train,True,,0
0001470157_Raw13_f_00006.jpg,0001470157_Raw13_f_00006.txt,0001470157,numeric_raw_prefix,train,True,,0
0001470159_Raw02_f_00001.jpg,0001470159_Raw02_f_00001.txt,0001470159,numeric_raw_prefix,train,True,,0
0001470161_Raw13_f_00004.jpg,0001470161_Raw13_f_00004.txt,0001470161,numeric_raw_prefix,train,True,,0
0001470162_Raw12_f_00004.jpg,0001470162_Raw12_f_00004.txt,0001470162,numeric_raw_prefix,train,True,,0
0001470163_Raw13_f_00002.jpg,0001470163_Raw13_f_00002.txt,0001470163,numeric_raw_prefix,train,True,,0
0001470164_Raw12_f_00001.jpg,0001470164_Raw12_f_00001.txt,0001470164,numeric_raw_prefix,train,True,,0
0001470166_Raw12_f_00007.jpg,0001470166_Raw12_f_00007.txt,0001470166,numeric_raw_prefix,train,True,,0
0001470167_Raw12_f_00003.jpg,0001470167_Raw12_f_00003.txt,0001470167,numeric_raw_prefix,train,True,,0
0001470168_Raw10_f_00004.jpg,0001470168_Raw10_f_00004.txt,0001470168,numeric_raw_prefix,train,True,,0
0001470172_Raw10_f_00001.jpg,0001470172_Raw10_f_00001.txt,0001470172,numeric_raw_prefix,train,True,,0
0001470173_Raw10_f_00001.jpg,0001470173_Raw10_f_00001.txt,0001470173,numeric_raw_prefix,train,True,,0
0001470173_Raw10_f_00006.jpg,0001470173_Raw10_f_00006.txt,0001470173,numeric_raw_prefix,train,False,yiwuyaru,1
0001470175_Raw00_f_00002.jpg,0001470175_Raw00_f_00002.txt,0001470175,numeric_raw_prefix,train,True,,0
0001470175_Raw13_f_00002.jpg,0001470175_Raw13_f_00002.txt,0001470175,numeric_raw_prefix,train,True,,0
0001470178_Raw13_f_00001.jpg,0001470178_Raw13_f_00001.txt,0001470178,numeric_raw_prefix,train,True,,0
0001470178_Raw13_f_00005.jpg,0001470178_Raw13_f_00005.txt,0001470178,numeric_raw_prefix,train,True,,0
0001470180_Raw13_f_00007.jpg,0001470180_Raw13_f_00007.txt,0001470180,numeric_raw_prefix,train,True,,0
0001470181_Raw10_f_00002.jpg,0001470181_Raw10_f_00002.txt,0001470181,numeric_raw_prefix,train,False,yiwuyaru,1
0001470181_Raw13_f_00003.jpg,0001470181_Raw13_f_00003.txt,0001470181,numeric_raw_prefix,train,True,,0
0001470181_Raw13_f_00005.jpg,0001470181_Raw13_f_00005.txt,0001470181,numeric_raw_prefix,train,True,,0
0001470183_Raw12_f_00001.jpg,0001470183_Raw12_f_00001.txt,0001470183,numeric_raw_prefix,train,True,,0
0001470184_Raw12_f_00004.jpg,0001470184_Raw12_f_00004.txt,0001470184,numeric_raw_prefix,train,True,,0
0001470187_Raw12_f_00003.jpg,0001470187_Raw12_f_00003.txt,0001470187,numeric_raw_prefix,train,True,,0
0001470188_Raw00_f_00002.jpg,0001470188_Raw00_f_00002.txt,0001470188,numeric_raw_prefix,train,True,,0
0001470190_Raw11_f_00010.jpg,0001470190_Raw11_f_00010.txt,0001470190,numeric_raw_prefix,train,True,,0
0001470191_Raw12_f_00001.jpg,0001470191_Raw12_f_00001.txt,0001470191,numeric_raw_prefix,train,True,,0
0001470195_Raw13_f_00001.jpg,0001470195_Raw13_f_00001.txt,0001470195,numeric_raw_prefix,train,True,,0
0001470195_Raw13_f_00006.jpg,0001470195_Raw13_f_00006.txt,0001470195,numeric_raw_prefix,train,True,,0
0001470198_Raw11_f_00009.jpg,0001470198_Raw11_f_00009.txt,0001470198,numeric_raw_prefix,val,True,,0
0001470200_Raw10_f_00010.jpg,0001470200_Raw10_f_00010.txt,0001470200,numeric_raw_prefix,train,True,,0
0001470201_Raw11_f_00009.jpg,0001470201_Raw11_f_00009.txt,0001470201,numeric_raw_prefix,train,True,,0
0001470201_Raw12_f_00002.jpg,0001470201_Raw12_f_00002.txt,0001470201,numeric_raw_prefix,train,True,,0
0001470201_Raw13_f_00009.jpg,0001470201_Raw13_f_00009.txt,0001470201,numeric_raw_prefix,train,True,,0
0001470204_Raw10_f_00001.jpg,0001470204_Raw10_f_00001.txt,0001470204,numeric_raw_prefix,val,True,,0
0001470204_Raw10_f_00003.jpg,0001470204_Raw10_f_00003.txt,0001470204,numeric_raw_prefix,val,True,,0
0001470204_Raw10_f_00012.jpg,0001470204_Raw10_f_00012.txt,0001470204,numeric_raw_prefix,val,True,,0
0001470204_Raw11_f_00001.jpg,0001470204_Raw11_f_00001.txt,0001470204,numeric_raw_prefix,val,True,,0
0001470204_Raw11_f_00011.jpg,0001470204_Raw11_f_00011.txt,0001470204,numeric_raw_prefix,val,True,,0
0001470204_Raw11_f_00012.jpg,0001470204_Raw11_f_00012.txt,0001470204,numeric_raw_prefix,val,True,,0
0001470204_Raw12_f_00004.jpg,0001470204_Raw12_f_00004.txt,0001470204,numeric_raw_prefix,val,True,,0
0001470204_Raw12_f_00011.jpg,0001470204_Raw12_f_00011.txt,0001470204,numeric_raw_prefix,val,True,,0
0001470204_Raw12_f_00012.jpg,0001470204_Raw12_f_00012.txt,0001470204,numeric_raw_prefix,val,True,,0
0001470204_Raw13_f_00001.jpg,0001470204_Raw13_f_00001.txt,0001470204,numeric_raw_prefix,val,True,,0
0001470204_Raw13_f_00002.jpg,0001470204_Raw13_f_00002.txt,0001470204,numeric_raw_prefix,val,True,,0
0001470208_Raw03_f_00006.jpg,0001470208_Raw03_f_00006.txt,0001470208,numeric_raw_prefix,train,True,,0
0001470208_Raw13_f_00003.jpg,0001470208_Raw13_f_00003.txt,0001470208,numeric_raw_prefix,train,True,,0
0001470209_Raw12_f_00001.jpg,0001470209_Raw12_f_00001.txt,0001470209,numeric_raw_prefix,train,True,,0
0001470209_Raw13_f_00007.jpg,0001470209_Raw13_f_00007.txt,0001470209,numeric_raw_prefix,train,True,,0
0001471561_Raw10_f_00005.jpg,0001471561_Raw10_f_00005.txt,0001471561,numeric_raw_prefix,train,False,huashang,1
0001471561_Raw11_f_00005.jpg,0001471561_Raw11_f_00005.txt,0001471561,numeric_raw_prefix,train,False,huashang,1
0001472015_Raw02_f_00001.jpg,0001472015_Raw02_f_00001.txt,0001472015,numeric_raw_prefix,val,False,"gunyin,yanghuatiepi",3
0001472015_Raw12_f_00011.jpg,0001472015_Raw12_f_00011.txt,0001472015,numeric_raw_prefix,val,False,huashang,1
0001472015_Raw12_f_00012.jpg,0001472015_Raw12_f_00012.txt,0001472015,numeric_raw_prefix,val,False,huashang,1
0001472015_Raw13_f_00005.jpg,0001472015_Raw13_f_00005.txt,0001472015,numeric_raw_prefix,val,False,yiwuyaru,1
0001472015_Raw13_f_00006.jpg,0001472015_Raw13_f_00006.txt,0001472015,numeric_raw_prefix,val,False,yiwuyaru,2
0001472015_Raw13_f_00012.jpg,0001472015_Raw13_f_00012.txt,0001472015,numeric_raw_prefix,val,False,huashang,1
0001472031_Raw00_f_00001.jpg,0001472031_Raw00_f_00001.txt,0001472031,numeric_raw_prefix,train,False,jieba,1
0001472031_Raw01_f_00002.jpg,0001472031_Raw01_f_00002.txt,0001472031,numeric_raw_prefix,train,False,gunyin,1
0001472031_Raw01_f_00004.jpg,0001472031_Raw01_f_00004.txt,0001472031,numeric_raw_prefix,train,False,gunyin,1
0001472031_Raw01_f_00007.jpg,0001472031_Raw01_f_00007.txt,0001472031,numeric_raw_prefix,train,False,"gunyin,yanghuatiepi",2
0001472031_Raw01_f_00010.jpg,0001472031_Raw01_f_00010.txt,0001472031,numeric_raw_prefix,train,False,gunyin,1
0001472031_Raw02_f_00002.jpg,0001472031_Raw02_f_00002.txt,0001472031,numeric_raw_prefix,train,False,gunyin,1
0001472079_Raw02_f_00008.jpg,0001472079_Raw02_f_00008.txt,0001472079,numeric_raw_prefix,train,False,mamianmakeng,1
0001472114_Raw01_f_00006.jpg,0001472114_Raw01_f_00006.txt,0001472114,numeric_raw_prefix,train,False,"yanghuatiepi,zonglie",2
0001472114_Raw01_f_00007.jpg,0001472114_Raw01_f_00007.txt,0001472114,numeric_raw_prefix,train,False,zonglie,1
0001472114_Raw01_f_00010.jpg,0001472114_Raw01_f_00010.txt,0001472114,numeric_raw_prefix,train,False,zonglie,1
0001472114_Raw01_f_00011.jpg,0001472114_Raw01_f_00011.txt,0001472114,numeric_raw_prefix,train,False,zonglie,1
0001472114_Raw01_f_00012.jpg,0001472114_Raw01_f_00012.txt,0001472114,numeric_raw_prefix,train,False,zonglie,1
0001472115_Raw00_f_00006.jpg,0001472115_Raw00_f_00006.txt,0001472115,numeric_raw_prefix,val,True,,0
0001472115_Raw01_f_00002.jpg,0001472115_Raw01_f_00002.txt,0001472115,numeric_raw_prefix,val,False,"yanghuatiepi,zonglie",2
0001472115_Raw01_f_00003.jpg,0001472115_Raw01_f_00003.txt,0001472115,numeric_raw_prefix,val,False,"yanghuatiepi,zonglie",2
0001472115_Raw01_f_00006.jpg,0001472115_Raw01_f_00006.txt,0001472115,numeric_raw_prefix,val,False,"yanghuatiepi,zonglie",3
0001472117_Raw03_f_00001.jpg,0001472117_Raw03_f_00001.txt,0001472117,numeric_raw_prefix,train,False,"yanghuatiepi,yiwuyaru",3
0001472117_Raw12_f_00006.jpg,0001472117_Raw12_f_00006.txt,0001472117,numeric_raw_prefix,train,False,huashang,2
0001472180_Raw11_f_00010.jpg,0001472180_Raw11_f_00010.txt,0001472180,numeric_raw_prefix,train,True,,0
0001472180_Raw12_f_00003.jpg,0001472180_Raw12_f_00003.txt,0001472180,numeric_raw_prefix,train,True,,0
0001472180_Raw12_f_00010.jpg,0001472180_Raw12_f_00010.txt,0001472180,numeric_raw_prefix,train,True,,0
0001472185_Raw01_f_00008.jpg,0001472185_Raw01_f_00008.txt,0001472185,numeric_raw_prefix,train,True,,0
0001472185_Raw12_f_00003.jpg,0001472185_Raw12_f_00003.txt,0001472185,numeric_raw_prefix,train,True,,0
0001472187_Raw02_f_00002.jpg,0001472187_Raw02_f_00002.txt,0001472187,numeric_raw_prefix,train,False,jiaza,1
0001472187_Raw10_f_00002.jpg,0001472187_Raw10_f_00002.txt,0001472187,numeric_raw_prefix,train,False,huashang,1
0001472187_Raw10_f_00003.jpg,0001472187_Raw10_f_00003.txt,0001472187,numeric_raw_prefix,train,False,huashang,1
0001472191_Raw02_f_00001.jpg,0001472191_Raw02_f_00001.txt,0001472191,numeric_raw_prefix,train,False,yanghuatiepi,1
0001472191_Raw12_f_00002.jpg,0001472191_Raw12_f_00002.txt,0001472191,numeric_raw_prefix,train,False,jieba,1
0001472191_Raw12_f_00007.jpg,0001472191_Raw12_f_00007.txt,0001472191,numeric_raw_prefix,train,True,,0
0001472207_Raw02_f_00001.jpg,0001472207_Raw02_f_00001.txt,0001472207,numeric_raw_prefix,train,True,,0
0001472220_Raw02_f_00000.jpg,0001472220_Raw02_f_00000.txt,0001472220,numeric_raw_prefix,train,True,,0
0001472220_Raw10_f_00002.jpg,0001472220_Raw10_f_00002.txt,0001472220,numeric_raw_prefix,train,False,"jieba,yiwuyaru",5
0001472220_Raw11_f_00001.jpg,0001472220_Raw11_f_00001.txt,0001472220,numeric_raw_prefix,train,False,"jieba,yiwuyaru",5
0001472220_Raw12_f_00006.jpg,0001472220_Raw12_f_00006.txt,0001472220,numeric_raw_prefix,train,True,,0
0001472220_Raw13_f_00006.jpg,0001472220_Raw13_f_00006.txt,0001472220,numeric_raw_prefix,train,True,,0
0001472221_Raw02_f_00001.jpg,0001472221_Raw02_f_00001.txt,0001472221,numeric_raw_prefix,val,False,yanghuatiepi,2
0001472221_Raw10_f_00002.jpg,0001472221_Raw10_f_00002.txt,0001472221,numeric_raw_prefix,val,True,,0
0001472221_Raw11_f_00002.jpg,0001472221_Raw11_f_00002.txt,0001472221,numeric_raw_prefix,val,True,,0
0001472221_Raw12_f_00002.jpg,0001472221_Raw12_f_00002.txt,0001472221,numeric_raw_prefix,val,False,jieba,2
0001472221_Raw13_f_00002.jpg,0001472221_Raw13_f_00002.txt,0001472221,numeric_raw_prefix,val,True,,0
0001472221_Raw13_f_00004.jpg,0001472221_Raw13_f_00004.txt,0001472221,numeric_raw_prefix,val,True,,0
0001472227_Raw03_f_00000.jpg,0001472227_Raw03_f_00000.txt,0001472227,numeric_raw_prefix,train,False,yiwuyaru,1
0001472227_Raw03_f_00009.jpg,0001472227_Raw03_f_00009.txt,0001472227,numeric_raw_prefix,train,True,,0
0001472227_Raw03_f_00010.jpg,0001472227_Raw03_f_00010.txt,0001472227,numeric_raw_prefix,train,False,"jieba,mamianmakeng",2
0001472227_Raw12_f_00007.jpg,0001472227_Raw12_f_00007.txt,0001472227,numeric_raw_prefix,train,False,jieba,1
0001472227_Raw12_f_00009.jpg,0001472227_Raw12_f_00009.txt,0001472227,numeric_raw_prefix,train,True,,0
0001472228_Raw01_f_00019.jpg,0001472228_Raw01_f_00019.txt,0001472228,numeric_raw_prefix,val,False,jieba,3
0001472228_Raw02_f_00019.jpg,0001472228_Raw02_f_00019.txt,0001472228,numeric_raw_prefix,val,False,jieba,4
0001472228_Raw02_f_00020.jpg,0001472228_Raw02_f_00020.txt,0001472228,numeric_raw_prefix,val,False,jieba,1
0001472228_Raw03_f_00020.jpg,0001472228_Raw03_f_00020.txt,0001472228,numeric_raw_prefix,val,False,jieba,2
0001472228_Raw11_f_00020.jpg,0001472228_Raw11_f_00020.txt,0001472228,numeric_raw_prefix,val,False,"huashang,jieba,zonglie",5
0001472228_Raw12_f_00018.jpg,0001472228_Raw12_f_00018.txt,0001472228,numeric_raw_prefix,val,False,"jieba,yiwuyaru",4
0001472229_Raw00_f_00000.jpg,0001472229_Raw00_f_00000.txt,0001472229,numeric_raw_prefix,val,True,,0
0001472229_Raw00_f_00007.jpg,0001472229_Raw00_f_00007.txt,0001472229,numeric_raw_prefix,val,False,"huashang,jieba,yiwuyaru",4
0001472229_Raw01_f_00006.jpg,0001472229_Raw01_f_00006.txt,0001472229,numeric_raw_prefix,val,False,yiwuyaru,1
0001472229_Raw01_f_00007.jpg,0001472229_Raw01_f_00007.txt,0001472229,numeric_raw_prefix,val,False,"jieba,yiwuyaru",4
0001472229_Raw02_f_00005.jpg,0001472229_Raw02_f_00005.txt,0001472229,numeric_raw_prefix,val,False,"jieba,mamianmakeng",2
0001472229_Raw13_f_00000.jpg,0001472229_Raw13_f_00000.txt,0001472229,numeric_raw_prefix,val,False,yiwuyaru,2
0001472229_Raw13_f_00004.jpg,0001472229_Raw13_f_00004.txt,0001472229,numeric_raw_prefix,val,False,"huashang,jieba,mamianmakeng",5
0001472230_Raw13_f_00001.jpg,0001472230_Raw13_f_00001.txt,0001472230,numeric_raw_prefix,train,False,jieba,1
0001472248_Raw12_f_00002.jpg,0001472248_Raw12_f_00002.txt,0001472248,numeric_raw_prefix,train,False,huashang,1
0001472267_Raw11_f_00007.jpg,0001472267_Raw11_f_00007.txt,0001472267,numeric_raw_prefix,train,True,,0
0001472267_Raw13_f_00001.jpg,0001472267_Raw13_f_00001.txt,0001472267,numeric_raw_prefix,train,False,yiwuyaru,1
0001472280_Raw12_f_00001.jpg,0001472280_Raw12_f_00001.txt,0001472280,numeric_raw_prefix,train,True,,0
0001472280_Raw13_f_00001.jpg,0001472280_Raw13_f_00001.txt,0001472280,numeric_raw_prefix,train,True,,0
0001472291_Raw00_f_00003.jpg,0001472291_Raw00_f_00003.txt,0001472291,numeric_raw_prefix,train,False,"yanghuatiepi,yiwuyaru",2
0001472291_Raw13_f_00008.jpg,0001472291_Raw13_f_00008.txt,0001472291,numeric_raw_prefix,train,True,,0
0001472295_Raw00_f_00006.jpg,0001472295_Raw00_f_00006.txt,0001472295,numeric_raw_prefix,val,True,,0
0001472295_Raw12_f_00000.jpg,0001472295_Raw12_f_00000.txt,0001472295,numeric_raw_prefix,val,True,,0
0001472295_Raw12_f_00001.jpg,0001472295_Raw12_f_00001.txt,0001472295,numeric_raw_prefix,val,True,,0
0001472295_Raw13_f_00007.jpg,0001472295_Raw13_f_00007.txt,0001472295,numeric_raw_prefix,val,True,,0
0001472295_Raw13_f_00010.jpg,0001472295_Raw13_f_00010.txt,0001472295,numeric_raw_prefix,val,True,,0
0001472298_Raw11_f_00003.jpg,0001472298_Raw11_f_00003.txt,0001472298,numeric_raw_prefix,train,True,,0
0001472298_Raw11_f_00005.jpg,0001472298_Raw11_f_00005.txt,0001472298,numeric_raw_prefix,train,True,,0
0001472298_Raw12_f_00002.jpg,0001472298_Raw12_f_00002.txt,0001472298,numeric_raw_prefix,train,True,,0
0001472298_Raw12_f_00012.jpg,0001472298_Raw12_f_00012.txt,0001472298,numeric_raw_prefix,train,True,,0
0001472299_Raw00_f_00005.jpg,0001472299_Raw00_f_00005.txt,0001472299,numeric_raw_prefix,train,False,yiwuyaru,1
0001472299_Raw01_f_00006.jpg,0001472299_Raw01_f_00006.txt,0001472299,numeric_raw_prefix,train,True,,0
0001472299_Raw10_f_00001.jpg,0001472299_Raw10_f_00001.txt,0001472299,numeric_raw_prefix,train,True,,0
0001472299_Raw10_f_00003.jpg,0001472299_Raw10_f_00003.txt,0001472299,numeric_raw_prefix,train,True,,0
0001472299_Raw11_f_00003.jpg,0001472299_Raw11_f_00003.txt,0001472299,numeric_raw_prefix,train,True,,0
0001472299_Raw11_f_00012.jpg,0001472299_Raw11_f_00012.txt,0001472299,numeric_raw_prefix,train,True,,0
0001472299_Raw12_f_00002.jpg,0001472299_Raw12_f_00002.txt,0001472299,numeric_raw_prefix,train,True,,0
0001472299_Raw12_f_00009.jpg,0001472299_Raw12_f_00009.txt,0001472299,numeric_raw_prefix,train,True,,0
0001472299_Raw13_f_00004.jpg,0001472299_Raw13_f_00004.txt,0001472299,numeric_raw_prefix,train,True,,0
0001472302_Raw01_f_00010.jpg,0001472302_Raw01_f_00010.txt,0001472302,numeric_raw_prefix,val,False,yiwuyaru,1
0001472302_Raw11_f_00001.jpg,0001472302_Raw11_f_00001.txt,0001472302,numeric_raw_prefix,val,True,,0
0001472302_Raw12_f_00001.jpg,0001472302_Raw12_f_00001.txt,0001472302,numeric_raw_prefix,val,True,,0
0001472302_Raw12_f_00006.jpg,0001472302_Raw12_f_00006.txt,0001472302,numeric_raw_prefix,val,True,,0
0001472318_Raw03_f_00003.jpg,0001472318_Raw03_f_00003.txt,0001472318,numeric_raw_prefix,train,False,"mamianmakeng,yiwuyaru",2
0001472318_Raw13_f_00002.jpg,0001472318_Raw13_f_00002.txt,0001472318,numeric_raw_prefix,train,True,,0
0001472319_Raw03_f_00001.jpg,0001472319_Raw03_f_00001.txt,0001472319,numeric_raw_prefix,train,False,jiaza,1
0001472319_Raw03_f_00002.jpg,0001472319_Raw03_f_00002.txt,0001472319,numeric_raw_prefix,train,False,jiaza,4
0001472319_Raw03_f_00004.jpg,0001472319_Raw03_f_00004.txt,0001472319,numeric_raw_prefix,train,True,,0
0001472319_Raw13_f_00004.jpg,0001472319_Raw13_f_00004.txt,0001472319,numeric_raw_prefix,train,False,yiwuyaru,1
0001472381_Raw12_f_00012.jpg,0001472381_Raw12_f_00012.txt,0001472381,numeric_raw_prefix,train,True,,0
0001472441_Raw00_f_00010.jpg,0001472441_Raw00_f_00010.txt,0001472441,numeric_raw_prefix,train,False,yiwuyaru,1
0001472441_Raw00_f_00018.jpg,0001472441_Raw00_f_00018.txt,0001472441,numeric_raw_prefix,train,False,gunyin,1
0001472441_Raw00_f_00024.jpg,0001472441_Raw00_f_00024.txt,0001472441,numeric_raw_prefix,train,False,gunyin,1
0001472441_Raw02_f_00019.jpg,0001472441_Raw02_f_00019.txt,0001472441,numeric_raw_prefix,train,False,jiaza,1
0001472441_Raw03_f_00012.jpg,0001472441_Raw03_f_00012.txt,0001472441,numeric_raw_prefix,train,True,,0
0001472441_Raw03_f_00014.jpg,0001472441_Raw03_f_00014.txt,0001472441,numeric_raw_prefix,train,True,,0
0001472442_Raw00_f_00006.jpg,0001472442_Raw00_f_00006.txt,0001472442,numeric_raw_prefix,train,False,gunyin,1
0001472442_Raw00_f_00011.jpg,0001472442_Raw00_f_00011.txt,0001472442,numeric_raw_prefix,train,False,mamianmakeng,3
0001472442_Raw02_f_00017.jpg,0001472442_Raw02_f_00017.txt,0001472442,numeric_raw_prefix,train,False,mamianmakeng,2
0001472442_Raw13_f_00009.jpg,0001472442_Raw13_f_00009.txt,0001472442,numeric_raw_prefix,train,True,,0
0001472447_Raw10_f_00008.jpg,0001472447_Raw10_f_00008.txt,0001472447,numeric_raw_prefix,train,True,,0
0001472449_Raw13_f_00010.jpg,0001472449_Raw13_f_00010.txt,0001472449,numeric_raw_prefix,val,True,,0
0001472449_Raw13_f_00012.jpg,0001472449_Raw13_f_00012.txt,0001472449,numeric_raw_prefix,val,True,,0
0001472450_Raw00_f_00003.jpg,0001472450_Raw00_f_00003.txt,0001472450,numeric_raw_prefix,train,True,,0
0001472450_Raw00_f_00004.jpg,0001472450_Raw00_f_00004.txt,0001472450,numeric_raw_prefix,train,False,gunyin,2
0001472450_Raw00_f_00006.jpg,0001472450_Raw00_f_00006.txt,0001472450,numeric_raw_prefix,train,True,,0
0001472450_Raw00_f_00007.jpg,0001472450_Raw00_f_00007.txt,0001472450,numeric_raw_prefix,train,False,gunyin,1
0001472450_Raw03_f_00001.jpg,0001472450_Raw03_f_00001.txt,0001472450,numeric_raw_prefix,train,False,yanghuatiepi,2
0001472453_Raw00_f_00003.jpg,0001472453_Raw00_f_00003.txt,0001472453,numeric_raw_prefix,val,False,gunyin,1
0001472453_Raw00_f_00006.jpg,0001472453_Raw00_f_00006.txt,0001472453,numeric_raw_prefix,val,False,gunyin,1
0001472453_Raw00_f_00009.jpg,0001472453_Raw00_f_00009.txt,0001472453,numeric_raw_prefix,val,False,gunyin,1
0001472453_Raw00_f_00012.jpg,0001472453_Raw00_f_00012.txt,0001472453,numeric_raw_prefix,val,False,gunyin,1
0001472453_Raw01_f_00006.jpg,0001472453_Raw01_f_00006.txt,0001472453,numeric_raw_prefix,val,False,"mamianmakeng,yiwuyaru",3
0001472453_Raw02_f_00006.jpg,0001472453_Raw02_f_00006.txt,0001472453,numeric_raw_prefix,val,False,mamianmakeng,1
0001472453_Raw03_f_00007.jpg,0001472453_Raw03_f_00007.txt,0001472453,numeric_raw_prefix,val,True,,0
0001472453_Raw03_f_00008.jpg,0001472453_Raw03_f_00008.txt,0001472453,numeric_raw_prefix,val,True,,0
0001472453_Raw03_f_00010.jpg,0001472453_Raw03_f_00010.txt,0001472453,numeric_raw_prefix,val,True,,0
0001472453_Raw03_f_00013.jpg,0001472453_Raw03_f_00013.txt,0001472453,numeric_raw_prefix,val,True,,0
0001472474_Raw00_f_00001.jpg,0001472474_Raw00_f_00001.txt,0001472474,numeric_raw_prefix,train,False,gunyin,1
0001472474_Raw00_f_00004.jpg,0001472474_Raw00_f_00004.txt,0001472474,numeric_raw_prefix,train,False,gunyin,2
0001472474_Raw00_f_00010.jpg,0001472474_Raw00_f_00010.txt,0001472474,numeric_raw_prefix,train,False,gunyin,1
0001472474_Raw13_f_00009.jpg,0001472474_Raw13_f_00009.txt,0001472474,numeric_raw_prefix,train,True,,0
0001472494_Raw01_f_00021.jpg,0001472494_Raw01_f_00021.txt,0001472494,numeric_raw_prefix,train,False,mamianmakeng,1
0001472494_Raw10_f_00012.jpg,0001472494_Raw10_f_00012.txt,0001472494,numeric_raw_prefix,train,True,,0
0001472494_Raw12_f_00015.jpg,0001472494_Raw12_f_00015.txt,0001472494,numeric_raw_prefix,train,True,,0
0001472519_Raw01_f_00004.jpg,0001472519_Raw01_f_00004.txt,0001472519,numeric_raw_prefix,train,False,jieba,1
0001472544_Raw00_f_00002.jpg,0001472544_Raw00_f_00002.txt,0001472544,numeric_raw_prefix,train,False,jiaza,1
0001472544_Raw03_f_00002.jpg,0001472544_Raw03_f_00002.txt,0001472544,numeric_raw_prefix,train,False,gunyin,1
0001472544_Raw03_f_00005.jpg,0001472544_Raw03_f_00005.txt,0001472544,numeric_raw_prefix,train,False,gunyin,1
0001472575_Raw03_f_00003.jpg,0001472575_Raw03_f_00003.txt,0001472575,numeric_raw_prefix,train,False,gunyin,1
0001472575_Raw03_f_00005.jpg,0001472575_Raw03_f_00005.txt,0001472575,numeric_raw_prefix,train,False,gunyin,1
0001472575_Raw03_f_00008.jpg,0001472575_Raw03_f_00008.txt,0001472575,numeric_raw_prefix,train,False,gunyin,1
0001473055_Raw00_f_00002.jpg,0001473055_Raw00_f_00002.txt,0001473055,numeric_raw_prefix,train,False,gunyin,1
0001473055_Raw00_f_00005.jpg,0001473055_Raw00_f_00005.txt,0001473055,numeric_raw_prefix,train,False,gunyin,1
0001473055_Raw00_f_00008.jpg,0001473055_Raw00_f_00008.txt,0001473055,numeric_raw_prefix,train,True,,0
0001473055_Raw01_f_00002.jpg,0001473055_Raw01_f_00002.txt,0001473055,numeric_raw_prefix,train,False,jieba,1
0001473055_Raw02_f_00007.jpg,0001473055_Raw02_f_00007.txt,0001473055,numeric_raw_prefix,train,False,mamianmakeng,1
0001473055_Raw11_f_00005.jpg,0001473055_Raw11_f_00005.txt,0001473055,numeric_raw_prefix,train,True,,0
0001473056_Raw01_f_00000.jpg,0001473056_Raw01_f_00000.txt,0001473056,numeric_raw_prefix,val,False,jieba,5
0001473056_Raw03_f_00000.jpg,0001473056_Raw03_f_00000.txt,0001473056,numeric_raw_prefix,val,False,jieba,1
0001473056_Raw03_f_00003.jpg,0001473056_Raw03_f_00003.txt,0001473056,numeric_raw_prefix,val,False,"mamianmakeng,yiwuyaru",2
0001473056_Raw11_f_00003.jpg,0001473056_Raw11_f_00003.txt,0001473056,numeric_raw_prefix,val,False,yiwuyaru,2
0001473056_Raw12_f_00002.jpg,0001473056_Raw12_f_00002.txt,0001473056,numeric_raw_prefix,val,False,jieba,1
0001473056_Raw12_f_00003.jpg,0001473056_Raw12_f_00003.txt,0001473056,numeric_raw_prefix,val,False,"jieba,yiwuyaru",3
0001473056_Raw13_f_00001.jpg,0001473056_Raw13_f_00001.txt,0001473056,numeric_raw_prefix,val,False,jieba,3
0001473056_Raw13_f_00002.jpg,0001473056_Raw13_f_00002.txt,0001473056,numeric_raw_prefix,val,False,"jieba,yiwuyaru",5
0001473056_Raw13_f_00003.jpg,0001473056_Raw13_f_00003.txt,0001473056,numeric_raw_prefix,val,False,jieba,5
0001473065_Raw00_f_00003.jpg,0001473065_Raw00_f_00003.txt,0001473065,numeric_raw_prefix,train,False,gunyin,1
0001473066_Raw00_f_00003.jpg,0001473066_Raw00_f_00003.txt,0001473066,numeric_raw_prefix,train,False,gunyin,1
0001473066_Raw00_f_00006.jpg,0001473066_Raw00_f_00006.txt,0001473066,numeric_raw_prefix,train,False,gunyin,1
0001473067_Raw00_f_00003.jpg,0001473067_Raw00_f_00003.txt,0001473067,numeric_raw_prefix,train,False,gunyin,1
0001473067_Raw00_f_00005.jpg,0001473067_Raw00_f_00005.txt,0001473067,numeric_raw_prefix,train,False,gunyin,1
0001473067_Raw01_f_00002.jpg,0001473067_Raw01_f_00002.txt,0001473067,numeric_raw_prefix,train,False,gunyin,1
0001473068_Raw00_f_00001.jpg,0001473068_Raw00_f_00001.txt,0001473068,numeric_raw_prefix,train,False,gunyin,1
0001473068_Raw00_f_00004.jpg,0001473068_Raw00_f_00004.txt,0001473068,numeric_raw_prefix,train,False,gunyin,1
0001473068_Raw01_f_00001.jpg,0001473068_Raw01_f_00001.txt,0001473068,numeric_raw_prefix,train,False,gunyin,1
0001473070_Raw00_f_00002.jpg,0001473070_Raw00_f_00002.txt,0001473070,numeric_raw_prefix,train,False,gunyin,1
0001473070_Raw00_f_00004.jpg,0001473070_Raw00_f_00004.txt,0001473070,numeric_raw_prefix,train,False,gunyin,1
0001473070_Raw01_f_00003.jpg,0001473070_Raw01_f_00003.txt,0001473070,numeric_raw_prefix,train,False,gunyin,1
0001473071_Raw00_f_00001.jpg,0001473071_Raw00_f_00001.txt,0001473071,numeric_raw_prefix,train,False,gunyin,1
0001473071_Raw00_f_00004.jpg,0001473071_Raw00_f_00004.txt,0001473071,numeric_raw_prefix,train,False,gunyin,1
0001473086_Raw00_f_00007.jpg,0001473086_Raw00_f_00007.txt,0001473086,numeric_raw_prefix,train,False,gunyin,1
0001473086_Raw00_f_00010.jpg,0001473086_Raw00_f_00010.txt,0001473086,numeric_raw_prefix,train,False,gunyin,1
0001473086_Raw12_f_00008.jpg,0001473086_Raw12_f_00008.txt,0001473086,numeric_raw_prefix,train,False,huashang,1
0001473094_Raw00_f_00000.jpg,0001473094_Raw00_f_00000.txt,0001473094,numeric_raw_prefix,train,False,gunyin,1
0001473094_Raw00_f_00005.jpg,0001473094_Raw00_f_00005.txt,0001473094,numeric_raw_prefix,train,False,gunyin,1
0001473094_Raw01_f_00001.jpg,0001473094_Raw01_f_00001.txt,0001473094,numeric_raw_prefix,train,False,gunyin,1
0001473094_Raw01_f_00004.jpg,0001473094_Raw01_f_00004.txt,0001473094,numeric_raw_prefix,train,False,gunyin,1
0001473095_Raw00_f_00002.jpg,0001473095_Raw00_f_00002.txt,0001473095,numeric_raw_prefix,train,False,gunyin,1
0001473095_Raw00_f_00005.jpg,0001473095_Raw00_f_00005.txt,0001473095,numeric_raw_prefix,train,False,gunyin,1
0001473095_Raw00_f_00008.jpg,0001473095_Raw00_f_00008.txt,0001473095,numeric_raw_prefix,train,False,gunyin,1
0001473095_Raw00_f_00011.jpg,0001473095_Raw00_f_00011.txt,0001473095,numeric_raw_prefix,train,False,gunyin,1
0001473095_Raw00_f_00014.jpg,0001473095_Raw00_f_00014.txt,0001473095,numeric_raw_prefix,train,False,gunyin,1
0001473095_Raw01_f_00007.jpg,0001473095_Raw01_f_00007.txt,0001473095,numeric_raw_prefix,train,False,gunyin,1
0001473096_Raw00_f_00003.jpg,0001473096_Raw00_f_00003.txt,0001473096,numeric_raw_prefix,train,False,gunyin,1
0001473096_Raw01_f_00002.jpg,0001473096_Raw01_f_00002.txt,0001473096,numeric_raw_prefix,train,False,"gunyin,yanghuatiepi",2
0001473096_Raw01_f_00005.jpg,0001473096_Raw01_f_00005.txt,0001473096,numeric_raw_prefix,train,False,gunyin,1
0001473108_Raw00_f_00001.jpg,0001473108_Raw00_f_00001.txt,0001473108,numeric_raw_prefix,train,False,gunyin,1
0001473111_Raw00_f_00000.jpg,0001473111_Raw00_f_00000.txt,0001473111,numeric_raw_prefix,train,False,gunyin,1
0001473112_Raw00_f_00004.jpg,0001473112_Raw00_f_00004.txt,0001473112,numeric_raw_prefix,train,False,gunyin,1
0001473113_Raw00_f_00003.jpg,0001473113_Raw00_f_00003.txt,0001473113,numeric_raw_prefix,train,False,"gunyin,yanghuatiepi",2
0001473113_Raw00_f_00006.jpg,0001473113_Raw00_f_00006.txt,0001473113,numeric_raw_prefix,train,False,gunyin,1
0001473113_Raw02_f_00001.jpg,0001473113_Raw02_f_00001.txt,0001473113,numeric_raw_prefix,train,False,"yanghuatiepi,yiwuyaru",2
0001473113_Raw03_f_00001.jpg,0001473113_Raw03_f_00001.txt,0001473113,numeric_raw_prefix,train,False,"jieba,yanghuatiepi,yiwuyaru",3
0001473118_Raw00_f_00003.jpg,0001473118_Raw00_f_00003.txt,0001473118,numeric_raw_prefix,train,False,gunyin,1
0001473118_Raw00_f_00008.jpg,0001473118_Raw00_f_00008.txt,0001473118,numeric_raw_prefix,train,False,gunyin,1
0001473118_Raw03_f_00002.jpg,0001473118_Raw03_f_00002.txt,0001473118,numeric_raw_prefix,train,True,,0
0001473118_Raw03_f_00004.jpg,0001473118_Raw03_f_00004.txt,0001473118,numeric_raw_prefix,train,True,,0
0001473120_Raw00_f_00002.jpg,0001473120_Raw00_f_00002.txt,0001473120,numeric_raw_prefix,train,False,gunyin,1
0001473120_Raw00_f_00008.jpg,0001473120_Raw00_f_00008.txt,0001473120,numeric_raw_prefix,train,False,gunyin,1
0001473120_Raw01_f_00004.jpg,0001473120_Raw01_f_00004.txt,0001473120,numeric_raw_prefix,train,False,gunyin,1
0001473120_Raw01_f_00010.jpg,0001473120_Raw01_f_00010.txt,0001473120,numeric_raw_prefix,train,False,gunyin,1
0001473121_Raw00_f_00003.jpg,0001473121_Raw00_f_00003.txt,0001473121,numeric_raw_prefix,train,False,gunyin,1
0001473121_Raw00_f_00008.jpg,0001473121_Raw00_f_00008.txt,0001473121,numeric_raw_prefix,train,False,gunyin,1
0001473121_Raw00_f_00011.jpg,0001473121_Raw00_f_00011.txt,0001473121,numeric_raw_prefix,train,False,gunyin,1
0001473121_Raw01_f_00005.jpg,0001473121_Raw01_f_00005.txt,0001473121,numeric_raw_prefix,train,False,gunyin,1
0001473121_Raw01_f_00008.jpg,0001473121_Raw01_f_00008.txt,0001473121,numeric_raw_prefix,train,False,gunyin,1
0001473121_Raw11_f_00002.jpg,0001473121_Raw11_f_00002.txt,0001473121,numeric_raw_prefix,train,True,,0
0001473121_Raw12_f_00002.jpg,0001473121_Raw12_f_00002.txt,0001473121,numeric_raw_prefix,train,True,,0
0001473121_Raw12_f_00012.jpg,0001473121_Raw12_f_00012.txt,0001473121,numeric_raw_prefix,train,True,,0
0001473121_Raw13_f_00002.jpg,0001473121_Raw13_f_00002.txt,0001473121,numeric_raw_prefix,train,True,,0
0001473122_Raw00_f_00001.jpg,0001473122_Raw00_f_00001.txt,0001473122,numeric_raw_prefix,train,False,gunyin,1
0001473122_Raw00_f_00003.jpg,0001473122_Raw00_f_00003.txt,0001473122,numeric_raw_prefix,train,False,gunyin,1
0001473122_Raw00_f_00006.jpg,0001473122_Raw00_f_00006.txt,0001473122,numeric_raw_prefix,train,False,gunyin,1
0001473122_Raw01_f_00005.jpg,0001473122_Raw01_f_00005.txt,0001473122,numeric_raw_prefix,train,False,gunyin,1
0001473122_Raw01_f_00008.jpg,0001473122_Raw01_f_00008.txt,0001473122,numeric_raw_prefix,train,False,gunyin,1
0001473123_Raw00_f_00008.jpg,0001473123_Raw00_f_00008.txt,0001473123,numeric_raw_prefix,train,False,gunyin,1
0001473123_Raw00_f_00011.jpg,0001473123_Raw00_f_00011.txt,0001473123,numeric_raw_prefix,train,False,gunyin,1
0001473123_Raw01_f_00007.jpg,0001473123_Raw01_f_00007.txt,0001473123,numeric_raw_prefix,train,False,gunyin,1
0001473123_Raw01_f_00010.jpg,0001473123_Raw01_f_00010.txt,0001473123,numeric_raw_prefix,train,False,gunyin,1
0001473123_Raw12_f_00000.jpg,0001473123_Raw12_f_00000.txt,0001473123,numeric_raw_prefix,train,True,,0
0001473123_Raw12_f_00009.jpg,0001473123_Raw12_f_00009.txt,0001473123,numeric_raw_prefix,train,True,,0
0001473125_Raw00_f_00000.jpg,0001473125_Raw00_f_00000.txt,0001473125,numeric_raw_prefix,train,False,gunyin,1
0001473125_Raw00_f_00006.jpg,0001473125_Raw00_f_00006.txt,0001473125,numeric_raw_prefix,train,False,gunyin,1
0001473125_Raw00_f_00012.jpg,0001473125_Raw00_f_00012.txt,0001473125,numeric_raw_prefix,train,False,gunyin,1
0001473126_Raw00_f_00002.jpg,0001473126_Raw00_f_00002.txt,0001473126,numeric_raw_prefix,val,False,gunyin,1
0001473126_Raw00_f_00004.jpg,0001473126_Raw00_f_00004.txt,0001473126,numeric_raw_prefix,val,False,gunyin,1
0001473126_Raw00_f_00007.jpg,0001473126_Raw00_f_00007.txt,0001473126,numeric_raw_prefix,val,False,gunyin,1
0001473126_Raw00_f_00010.jpg,0001473126_Raw00_f_00010.txt,0001473126,numeric_raw_prefix,val,False,gunyin,1
0001473126_Raw01_f_00001.jpg,0001473126_Raw01_f_00001.txt,0001473126,numeric_raw_prefix,val,False,gunyin,1
0001473126_Raw01_f_00009.jpg,0001473126_Raw01_f_00009.txt,0001473126,numeric_raw_prefix,val,False,"gunyin,mamianmakeng",4
0001473126_Raw01_f_00010.jpg,0001473126_Raw01_f_00010.txt,0001473126,numeric_raw_prefix,val,False,mamianmakeng,1
0001473126_Raw01_f_00012.jpg,0001473126_Raw01_f_00012.txt,0001473126,numeric_raw_prefix,val,False,gunyin,1
0001473126_Raw02_f_00010.jpg,0001473126_Raw02_f_00010.txt,0001473126,numeric_raw_prefix,val,False,mamianmakeng,2
0001473126_Raw03_f_00010.jpg,0001473126_Raw03_f_00010.txt,0001473126,numeric_raw_prefix,val,False,mamianmakeng,1
0001473126_Raw11_f_00012.jpg,0001473126_Raw11_f_00012.txt,0001473126,numeric_raw_prefix,val,True,,0
0001473126_Raw12_f_00012.jpg,0001473126_Raw12_f_00012.txt,0001473126,numeric_raw_prefix,val,True,,0
0001473128_Raw00_f_00005.jpg,0001473128_Raw00_f_00005.txt,0001473128,numeric_raw_prefix,train,False,gunyin,1
0001473128_Raw00_f_00011.jpg,0001473128_Raw00_f_00011.txt,0001473128,numeric_raw_prefix,train,False,gunyin,1
0001473128_Raw10_f_00001.jpg,0001473128_Raw10_f_00001.txt,0001473128,numeric_raw_prefix,train,True,,0
0001473129_Raw00_f_00003.jpg,0001473129_Raw00_f_00003.txt,0001473129,numeric_raw_prefix,train,False,gunyin,1
0001473129_Raw00_f_00006.jpg,0001473129_Raw00_f_00006.txt,0001473129,numeric_raw_prefix,train,False,gunyin,1
0001473129_Raw00_f_00009.jpg,0001473129_Raw00_f_00009.txt,0001473129,numeric_raw_prefix,train,False,gunyin,1
0001473130_Raw00_f_00002.jpg,0001473130_Raw00_f_00002.txt,0001473130,numeric_raw_prefix,train,False,gunyin,1
0001473130_Raw00_f_00004.jpg,0001473130_Raw00_f_00004.txt,0001473130,numeric_raw_prefix,train,False,gunyin,1
0001473130_Raw00_f_00007.jpg,0001473130_Raw00_f_00007.txt,0001473130,numeric_raw_prefix,train,False,gunyin,1
0001473130_Raw10_f_00001.jpg,0001473130_Raw10_f_00001.txt,0001473130,numeric_raw_prefix,train,True,,0
0001473130_Raw10_f_00006.jpg,0001473130_Raw10_f_00006.txt,0001473130,numeric_raw_prefix,train,True,,0
0001473130_Raw11_f_00009.jpg,0001473130_Raw11_f_00009.txt,0001473130,numeric_raw_prefix,train,True,,0
0001473130_Raw12_f_00007.jpg,0001473130_Raw12_f_00007.txt,0001473130,numeric_raw_prefix,train,True,,0
0001473130_Raw12_f_00009.jpg,0001473130_Raw12_f_00009.txt,0001473130,numeric_raw_prefix,train,True,,0
0001473130_Raw12_f_00011.jpg,0001473130_Raw12_f_00011.txt,0001473130,numeric_raw_prefix,train,True,,0
0001473130_Raw13_f_00002.jpg,0001473130_Raw13_f_00002.txt,0001473130,numeric_raw_prefix,train,True,,0
0001473143_Raw00_f_00008.jpg,0001473143_Raw00_f_00008.txt,0001473143,numeric_raw_prefix,train,False,gunyin,1
0001473143_Raw01_f_00007.jpg,0001473143_Raw01_f_00007.txt,0001473143,numeric_raw_prefix,train,False,"gunyin,mamianmakeng",2
0001473143_Raw02_f_00002.jpg,0001473143_Raw02_f_00002.txt,0001473143,numeric_raw_prefix,train,False,gunyin,1
0001473143_Raw02_f_00007.jpg,0001473143_Raw02_f_00007.txt,0001473143,numeric_raw_prefix,train,False,mamianmakeng,1
0001473143_Raw02_f_00008.jpg,0001473143_Raw02_f_00008.txt,0001473143,numeric_raw_prefix,train,False,gunyin,1
0001473143_Raw03_f_00005.jpg,0001473143_Raw03_f_00005.txt,0001473143,numeric_raw_prefix,train,False,gunyin,1
0001473143_Raw03_f_00008.jpg,0001473143_Raw03_f_00008.txt,0001473143,numeric_raw_prefix,train,False,"gunyin,yiwuyaru",2
0001473143_Raw03_f_00010.jpg,0001473143_Raw03_f_00010.txt,0001473143,numeric_raw_prefix,train,False,gunyin,1
0001473143_Raw13_f_00001.jpg,0001473143_Raw13_f_00001.txt,0001473143,numeric_raw_prefix,train,False,"jieba,yiwuyaru",2
0001473148_Raw00_f_00001.jpg,0001473148_Raw00_f_00001.txt,0001473148,numeric_raw_prefix,val,False,gunyin,1
0001473148_Raw00_f_00006.jpg,0001473148_Raw00_f_00006.txt,0001473148,numeric_raw_prefix,val,False,gunyin,2
0001473148_Raw00_f_00008.jpg,0001473148_Raw00_f_00008.txt,0001473148,numeric_raw_prefix,val,False,gunyin,1
0001473148_Raw00_f_00012.jpg,0001473148_Raw00_f_00012.txt,0001473148,numeric_raw_prefix,val,False,gunyin,1
0001473148_Raw01_f_00006.jpg,0001473148_Raw01_f_00006.txt,0001473148,numeric_raw_prefix,val,False,gunyin,1
0001473148_Raw02_f_00007.jpg,0001473148_Raw02_f_00007.txt,0001473148,numeric_raw_prefix,val,False,mamianmakeng,1
0001473148_Raw02_f_00009.jpg,0001473148_Raw02_f_00009.txt,0001473148,numeric_raw_prefix,val,False,gunyin,1
0001473148_Raw02_f_00011.jpg,0001473148_Raw02_f_00011.txt,0001473148,numeric_raw_prefix,val,False,mamianmakeng,2
0001473148_Raw02_f_00012.jpg,0001473148_Raw02_f_00012.txt,0001473148,numeric_raw_prefix,val,False,mamianmakeng,9
0001473148_Raw02_f_00013.jpg,0001473148_Raw02_f_00013.txt,0001473148,numeric_raw_prefix,val,False,mamianmakeng,1
0001473148_Raw03_f_00009.jpg,0001473148_Raw03_f_00009.txt,0001473148,numeric_raw_prefix,val,False,gunyin,1
0001473148_Raw03_f_00011.jpg,0001473148_Raw03_f_00011.txt,0001473148,numeric_raw_prefix,val,False,mamianmakeng,7
0001473148_Raw03_f_00013.jpg,0001473148_Raw03_f_00013.txt,0001473148,numeric_raw_prefix,val,False,"mamianmakeng,yiwuyaru",3
0001473148_Raw12_f_00008.jpg,0001473148_Raw12_f_00008.txt,0001473148,numeric_raw_prefix,val,True,,0
0001473149_Raw00_f_00002.jpg,0001473149_Raw00_f_00002.txt,0001473149,numeric_raw_prefix,val,False,gunyin,2
0001473149_Raw00_f_00004.jpg,0001473149_Raw00_f_00004.txt,0001473149,numeric_raw_prefix,val,False,"gunyin,mamianmakeng",2
0001473149_Raw00_f_00005.jpg,0001473149_Raw00_f_00005.txt,0001473149,numeric_raw_prefix,val,False,"gunyin,mamianmakeng",9
0001473149_Raw00_f_00007.jpg,0001473149_Raw00_f_00007.txt,0001473149,numeric_raw_prefix,val,False,gunyin,1
0001473149_Raw00_f_00008.jpg,0001473149_Raw00_f_00008.txt,0001473149,numeric_raw_prefix,val,False,gunyin,1
0001473149_Raw00_f_00011.jpg,0001473149_Raw00_f_00011.txt,0001473149,numeric_raw_prefix,val,False,gunyin,1
0001473149_Raw00_f_00013.jpg,0001473149_Raw00_f_00013.txt,0001473149,numeric_raw_prefix,val,False,gunyin,1
0001473149_Raw01_f_00004.jpg,0001473149_Raw01_f_00004.txt,0001473149,numeric_raw_prefix,val,False,gunyin,1
0001473149_Raw01_f_00010.jpg,0001473149_Raw01_f_00010.txt,0001473149,numeric_raw_prefix,val,False,gunyin,1
0001473149_Raw01_f_00013.jpg,0001473149_Raw01_f_00013.txt,0001473149,numeric_raw_prefix,val,False,gunyin,1
0001473149_Raw02_f_00001.jpg,0001473149_Raw02_f_00001.txt,0001473149,numeric_raw_prefix,val,False,"gunyin,mamianmakeng,yanghuatiepi",3
0001473149_Raw02_f_00007.jpg,0001473149_Raw02_f_00007.txt,0001473149,numeric_raw_prefix,val,False,gunyin,1
0001473149_Raw02_f_00010.jpg,0001473149_Raw02_f_00010.txt,0001473149,numeric_raw_prefix,val,False,gunyin,1
0001473149_Raw02_f_00013.jpg,0001473149_Raw02_f_00013.txt,0001473149,numeric_raw_prefix,val,False,gunyin,1
0001473149_Raw03_f_00001.jpg,0001473149_Raw03_f_00001.txt,0001473149,numeric_raw_prefix,val,False,gunyin,1
0001473149_Raw03_f_00004.jpg,0001473149_Raw03_f_00004.txt,0001473149,numeric_raw_prefix,val,False,gunyin,1
0001473149_Raw03_f_00013.jpg,0001473149_Raw03_f_00013.txt,0001473149,numeric_raw_prefix,val,False,gunyin,1
0001473149_Raw11_f_00002.jpg,0001473149_Raw11_f_00002.txt,0001473149,numeric_raw_prefix,val,True,,0
0001473164_Raw00_f_00001.jpg,0001473164_Raw00_f_00001.txt,0001473164,numeric_raw_prefix,train,False,"gunyin,yanghuatiepi",2
0001473164_Raw00_f_00003.jpg,0001473164_Raw00_f_00003.txt,0001473164,numeric_raw_prefix,train,False,gunyin,1
0001473164_Raw00_f_00009.jpg,0001473164_Raw00_f_00009.txt,0001473164,numeric_raw_prefix,train,False,gunyin,2
0001473164_Raw00_f_00012.jpg,0001473164_Raw00_f_00012.txt,0001473164,numeric_raw_prefix,train,False,gunyin,1
0001473164_Raw01_f_00013.jpg,0001473164_Raw01_f_00013.txt,0001473164,numeric_raw_prefix,train,False,yiwuyaru,1
0001473164_Raw02_f_00006.jpg,0001473164_Raw02_f_00006.txt,0001473164,numeric_raw_prefix,train,False,gunyin,1
0001473164_Raw03_f_00009.jpg,0001473164_Raw03_f_00009.txt,0001473164,numeric_raw_prefix,train,False,gunyin,1
0001473164_Raw03_f_00012.jpg,0001473164_Raw03_f_00012.txt,0001473164,numeric_raw_prefix,train,False,gunyin,1
0001473164_Raw12_f_00006.jpg,0001473164_Raw12_f_00006.txt,0001473164,numeric_raw_prefix,train,True,,0
0001473234_Raw00_f_00008.jpg,0001473234_Raw00_f_00008.txt,0001473234,numeric_raw_prefix,train,False,gunyin,1
0001473234_Raw00_f_00011.jpg,0001473234_Raw00_f_00011.txt,0001473234,numeric_raw_prefix,train,False,gunyin,1
0001473234_Raw02_f_00002.jpg,0001473234_Raw02_f_00002.txt,0001473234,numeric_raw_prefix,train,False,yanghuatiepi,1
0001473234_Raw02_f_00003.jpg,0001473234_Raw02_f_00003.txt,0001473234,numeric_raw_prefix,train,False,gunyin,1
0001473234_Raw02_f_00007.jpg,0001473234_Raw02_f_00007.txt,0001473234,numeric_raw_prefix,train,False,gunyin,1
0001473234_Raw02_f_00008.jpg,0001473234_Raw02_f_00008.txt,0001473234,numeric_raw_prefix,train,False,gunyin,1
0001473234_Raw02_f_00010.jpg,0001473234_Raw02_f_00010.txt,0001473234,numeric_raw_prefix,train,False,gunyin,1
0001473234_Raw03_f_00011.jpg,0001473234_Raw03_f_00011.txt,0001473234,numeric_raw_prefix,train,False,gunyin,1
0001473234_Raw12_f_00003.jpg,0001473234_Raw12_f_00003.txt,0001473234,numeric_raw_prefix,train,True,,0
0001473234_Raw13_f_00008.jpg,0001473234_Raw13_f_00008.txt,0001473234,numeric_raw_prefix,train,True,,0
0001473245_Raw00_f_00004.jpg,0001473245_Raw00_f_00004.txt,0001473245,numeric_raw_prefix,train,False,gunyin,1
0001473245_Raw00_f_00007.jpg,0001473245_Raw00_f_00007.txt,0001473245,numeric_raw_prefix,train,False,gunyin,2
0001473245_Raw01_f_00005.jpg,0001473245_Raw01_f_00005.txt,0001473245,numeric_raw_prefix,train,False,yiwuyaru,1
0001473245_Raw02_f_00006.jpg,0001473245_Raw02_f_00006.txt,0001473245,numeric_raw_prefix,train,False,gunyin,1
0001473245_Raw02_f_00008.jpg,0001473245_Raw02_f_00008.txt,0001473245,numeric_raw_prefix,train,False,gunyin,1
0001473346_Raw00_f_00006.jpg,0001473346_Raw00_f_00006.txt,0001473346,numeric_raw_prefix,train,False,mamianmakeng,1
0001473346_Raw01_f_00005.jpg,0001473346_Raw01_f_00005.txt,0001473346,numeric_raw_prefix,train,False,"mamianmakeng,yanghuatiepi",2
0001473365_Raw01_f_00004.jpg,0001473365_Raw01_f_00004.txt,0001473365,numeric_raw_prefix,train,False,jieba,1
0001473365_Raw01_f_00005.jpg,0001473365_Raw01_f_00005.txt,0001473365,numeric_raw_prefix,train,False,jieba,1
0001473367_Raw01_f_00016.jpg,0001473367_Raw01_f_00016.txt,0001473367,numeric_raw_prefix,train,False,yanghuatiepi,1
0001473367_Raw02_f_00002.jpg,0001473367_Raw02_f_00002.txt,0001473367,numeric_raw_prefix,train,False,yanghuatiepi,1
0001474140_Raw01_f_00003.jpg,0001474140_Raw01_f_00003.txt,0001474140,numeric_raw_prefix,val,False,"jieba,yiwuyaru",4
0001474140_Raw01_f_00004.jpg,0001474140_Raw01_f_00004.txt,0001474140,numeric_raw_prefix,val,False,jieba,2
0001474140_Raw02_f_00004.jpg,0001474140_Raw02_f_00004.txt,0001474140,numeric_raw_prefix,val,False,jieba,2
0001474140_Raw03_f_00003.jpg,0001474140_Raw03_f_00003.txt,0001474140,numeric_raw_prefix,val,False,jieba,2
0001474140_Raw12_f_00001.jpg,0001474140_Raw12_f_00001.txt,0001474140,numeric_raw_prefix,val,False,jieba,1
0001474140_Raw13_f_00003.jpg,0001474140_Raw13_f_00003.txt,0001474140,numeric_raw_prefix,val,False,huashang,1
0001476517_Raw12_f_00001.jpg,0001476517_Raw12_f_00001.txt,0001476517,numeric_raw_prefix,train,True,,0
0001476520_Raw12_f_00011.jpg,0001476520_Raw12_f_00011.txt,0001476520,numeric_raw_prefix,train,True,,0
0001476556_Raw01_f_00010.jpg,0001476556_Raw01_f_00010.txt,0001476556,numeric_raw_prefix,train,False,jieba,1
0001476556_Raw12_f_00005.jpg,0001476556_Raw12_f_00005.txt,0001476556,numeric_raw_prefix,train,True,,0
0001476559_Raw12_f_00003.jpg,0001476559_Raw12_f_00003.txt,0001476559,numeric_raw_prefix,train,True,,0
0001476561_Raw03_f_00007.jpg,0001476561_Raw03_f_00007.txt,0001476561,numeric_raw_prefix,train,True,,0
0001476563_Raw03_f_00014.jpg,0001476563_Raw03_f_00014.txt,0001476563,numeric_raw_prefix,train,True,,0
0001476567_Raw01_f_00001.jpg,0001476567_Raw01_f_00001.txt,0001476567,numeric_raw_prefix,train,True,,0
0001476568_Raw00_f_00013.jpg,0001476568_Raw00_f_00013.txt,0001476568,numeric_raw_prefix,train,True,,0
0001476576_Raw13_f_00005.jpg,0001476576_Raw13_f_00005.txt,0001476576,numeric_raw_prefix,train,True,,0
0001476587_Raw12_f_00001.jpg,0001476587_Raw12_f_00001.txt,0001476587,numeric_raw_prefix,train,True,,0
0001476606_Raw13_f_00001.jpg,0001476606_Raw13_f_00001.txt,0001476606,numeric_raw_prefix,train,False,huashang,1
0001476615_Raw00_f_00000.jpg,0001476615_Raw00_f_00000.txt,0001476615,numeric_raw_prefix,train,True,,0
0001476617_Raw12_f_00002.jpg,0001476617_Raw12_f_00002.txt,0001476617,numeric_raw_prefix,train,True,,0
0001476620_Raw13_f_00012.jpg,0001476620_Raw13_f_00012.txt,0001476620,numeric_raw_prefix,train,True,,0
0001476624_Raw00_f_00003.jpg,0001476624_Raw00_f_00003.txt,0001476624,numeric_raw_prefix,train,True,,0
0001476629_Raw12_f_00001.jpg,0001476629_Raw12_f_00001.txt,0001476629,numeric_raw_prefix,train,True,,0
0001476631_Raw10_f_00005.jpg,0001476631_Raw10_f_00005.txt,0001476631,numeric_raw_prefix,train,True,,0
0001476631_Raw12_f_00005.jpg,0001476631_Raw12_f_00005.txt,0001476631,numeric_raw_prefix,train,True,,0
0001476633_Raw12_f_00004.jpg,0001476633_Raw12_f_00004.txt,0001476633,numeric_raw_prefix,train,True,,0
0001476636_Raw12_f_00008.jpg,0001476636_Raw12_f_00008.txt,0001476636,numeric_raw_prefix,train,True,,0
0001476637_Raw13_f_00008.jpg,0001476637_Raw13_f_00008.txt,0001476637,numeric_raw_prefix,train,True,,0
0001476641_Raw11_f_00006.jpg,0001476641_Raw11_f_00006.txt,0001476641,numeric_raw_prefix,train,True,,0
0001476658_Raw00_f_00013.jpg,0001476658_Raw00_f_00013.txt,0001476658,numeric_raw_prefix,train,False,yiwuyaru,1
0001476660_Raw11_f_00006.jpg,0001476660_Raw11_f_00006.txt,0001476660,numeric_raw_prefix,train,True,,0
0001476661_Raw01_f_00004.jpg,0001476661_Raw01_f_00004.txt,0001476661,numeric_raw_prefix,train,False,gunyin,1
0001476674_Raw01_f_00006.jpg,0001476674_Raw01_f_00006.txt,0001476674,numeric_raw_prefix,train,True,,0
0001476674_Raw02_f_00006.jpg,0001476674_Raw02_f_00006.txt,0001476674,numeric_raw_prefix,train,True,,0
0001476675_Raw01_f_00005.jpg,0001476675_Raw01_f_00005.txt,0001476675,numeric_raw_prefix,train,False,yanghuatiepi,1
0001478920_Raw03_f_00003.jpg,0001478920_Raw03_f_00003.txt,0001478920,numeric_raw_prefix,train,False,mamianmakeng,1
0001480389_Raw00_f_00000.jpg,0001480389_Raw00_f_00000.txt,0001480389,numeric_raw_prefix,val,False,yiwuyaru,1
0001481074_Raw02_f_00002.jpg,0001481074_Raw02_f_00002.txt,0001481074,numeric_raw_prefix,train,False,jiaza,1
0001481543_Raw13_f_00000.jpg,0001481543_Raw13_f_00000.txt,0001481543,numeric_raw_prefix,train,False,jieba,1
0001481871_Raw12_f_00001.jpg,0001481871_Raw12_f_00001.txt,0001481871,numeric_raw_prefix,train,False,jieba,1
0001481920_Raw02_f_00014.jpg,0001481920_Raw02_f_00014.txt,0001481920,numeric_raw_prefix,train,False,yiwuyaru,1
0001481922_Raw02_f_00003.jpg,0001481922_Raw02_f_00003.txt,0001481922,numeric_raw_prefix,train,False,yiwuyaru,1
0001481923_Raw03_f_00006.jpg,0001481923_Raw03_f_00006.txt,0001481923,numeric_raw_prefix,train,False,jiaza,1
0001482141_Raw01_f_00012.jpg,0001482141_Raw01_f_00012.txt,0001482141,numeric_raw_prefix,train,False,yiwuyaru,1
0001482235_Raw01_f_00006.jpg,0001482235_Raw01_f_00006.txt,0001482235,numeric_raw_prefix,train,False,mamianmakeng,1
0001482460_Raw02_f_00008.jpg,0001482460_Raw02_f_00008.txt,0001482460,numeric_raw_prefix,train,False,mamianmakeng,3
0001482487_Raw00_f_00001.jpg,0001482487_Raw00_f_00001.txt,0001482487,numeric_raw_prefix,train,False,mamianmakeng,1
0001482488_Raw02_f_00002.jpg,0001482488_Raw02_f_00002.txt,0001482488,numeric_raw_prefix,train,False,mamianmakeng,1
0001482764_Raw02_f_00002.jpg,0001482764_Raw02_f_00002.txt,0001482764,numeric_raw_prefix,train,False,yiwuyaru,1
0001482852_Raw02_f_00001.jpg,0001482852_Raw02_f_00001.txt,0001482852,numeric_raw_prefix,val,False,yiwuyaru,1
0001482905_Raw03_f_00006.jpg,0001482905_Raw03_f_00006.txt,0001482905,numeric_raw_prefix,train,False,yiwuyaru,1
0001482973_Raw00_f_00006.jpg,0001482973_Raw00_f_00006.txt,0001482973,numeric_raw_prefix,train,False,yiwuyaru,1
0001483149_Raw01_f_00001.jpg,0001483149_Raw01_f_00001.txt,0001483149,numeric_raw_prefix,val,False,"yanghuatiepi,yiwuyaru",4
0001483864_Raw01_f_00005.jpg,0001483864_Raw01_f_00005.txt,0001483864,numeric_raw_prefix,train,False,zonglie,1
0001484044_Raw12_f_00001.jpg,0001484044_Raw12_f_00001.txt,0001484044,numeric_raw_prefix,train,False,jieba,1
0001484055_Raw01_f_00008.jpg,0001484055_Raw01_f_00008.txt,0001484055,numeric_raw_prefix,train,False,yiwuyaru,3
0001484599_Raw00_f_00006.jpg,0001484599_Raw00_f_00006.txt,0001484599,numeric_raw_prefix,train,False,yiwuyaru,1
0001484599_Raw00_f_00010.jpg,0001484599_Raw00_f_00010.txt,0001484599,numeric_raw_prefix,train,False,yiwuyaru,1
0001484599_Raw02_f_00013.jpg,0001484599_Raw02_f_00013.txt,0001484599,numeric_raw_prefix,train,False,mamianmakeng,1
0001484622_Raw11_f_00007.jpg,0001484622_Raw11_f_00007.txt,0001484622,numeric_raw_prefix,train,True,,0
0001484724_Raw03_f_00011.jpg,0001484724_Raw03_f_00011.txt,0001484724,numeric_raw_prefix,train,False,yiwuyaru,1
0001484724_Raw13_f_00000.jpg,0001484724_Raw13_f_00000.txt,0001484724,numeric_raw_prefix,train,False,jieba,1
0001484725_Raw03_f_00008.jpg,0001484725_Raw03_f_00008.txt,0001484725,numeric_raw_prefix,train,False,yiwuyaru,1
0001484791_Raw12_f_00016.jpg,0001484791_Raw12_f_00016.txt,0001484791,numeric_raw_prefix,train,True,,0
0001484839_Raw01_f_00006.jpg,0001484839_Raw01_f_00006.txt,0001484839,numeric_raw_prefix,train,False,yanghuatiepi,1
0001484841_Raw12_f_00002.jpg,0001484841_Raw12_f_00002.txt,0001484841,numeric_raw_prefix,train,True,,0
0001484931_Raw01_f_00011.jpg,0001484931_Raw01_f_00011.txt,0001484931,numeric_raw_prefix,train,False,jieba,1
0001484935_Raw13_f_00001.jpg,0001484935_Raw13_f_00001.txt,0001484935,numeric_raw_prefix,train,False,jieba,1
0001485055_Raw01_f_00004.jpg,0001485055_Raw01_f_00004.txt,0001485055,numeric_raw_prefix,train,False,jieba,1
0001485292_Raw00_f_00006.jpg,0001485292_Raw00_f_00006.txt,0001485292,numeric_raw_prefix,train,False,mamianmakeng,1
0001486073_Raw00_f_00003.jpg,0001486073_Raw00_f_00003.txt,0001486073,numeric_raw_prefix,train,False,jiaza,1
0001486250_Raw01_f_00007.jpg,0001486250_Raw01_f_00007.txt,0001486250,numeric_raw_prefix,train,False,qilie,8
0001487223_Raw03_f_00005.jpg,0001487223_Raw03_f_00005.txt,0001487223,numeric_raw_prefix,val,False,yiwuyaru,1
0001487380_Raw00_f_00008.jpg,0001487380_Raw00_f_00008.txt,0001487380,numeric_raw_prefix,train,False,yiwuyaru,1
0001487443_Raw01_f_00011.jpg,0001487443_Raw01_f_00011.txt,0001487443,numeric_raw_prefix,train,False,zonglie,1
0001487463_Raw01_f_00001.jpg,0001487463_Raw01_f_00001.txt,0001487463,numeric_raw_prefix,train,False,zonglie,1
0001487908_Raw13_f_00000.jpg,0001487908_Raw13_f_00000.txt,0001487908,numeric_raw_prefix,train,False,jieba,1
0001487989_Raw01_f_00009.jpg,0001487989_Raw01_f_00009.txt,0001487989,numeric_raw_prefix,train,False,zonglie,2
0001487996_Raw01_f_00010.jpg,0001487996_Raw01_f_00010.txt,0001487996,numeric_raw_prefix,train,False,zonglie,1
0001488436_Raw01_f_00010.jpg,0001488436_Raw01_f_00010.txt,0001488436,numeric_raw_prefix,train,False,mamianmakeng,1
0001488464_Raw01_f_00009.jpg,0001488464_Raw01_f_00009.txt,0001488464,numeric_raw_prefix,train,False,mamianmakeng,1
0001488473_Raw00_f_00001.jpg,0001488473_Raw00_f_00001.txt,0001488473,numeric_raw_prefix,train,False,"jieba,yanghuatiepi",4
0001488652_Raw02_f_00009.jpg,0001488652_Raw02_f_00009.txt,0001488652,numeric_raw_prefix,train,False,mamianmakeng,2
0001488661_Raw00_f_00007.jpg,0001488661_Raw00_f_00007.txt,0001488661,numeric_raw_prefix,val,False,jieba,1
0001488665_Raw01_f_00007.jpg,0001488665_Raw01_f_00007.txt,0001488665,numeric_raw_prefix,train,False,mamianmakeng,3
0001488924_Raw01_f_00009.jpg,0001488924_Raw01_f_00009.txt,0001488924,numeric_raw_prefix,val,False,yiwuyaru,1
0001489142_Raw01_f_00009.jpg,0001489142_Raw01_f_00009.txt,0001489142,numeric_raw_prefix,train,False,zonglie,1
0001496675_Raw02_f_00009.jpg,0001496675_Raw02_f_00009.txt,0001496675,numeric_raw_prefix,train,False,yiwuyaru,1
0001497752_Raw00_f_00010.jpg,0001497752_Raw00_f_00010.txt,0001497752,numeric_raw_prefix,val,False,jieba,1
0001497787_Raw00_f_00010.jpg,0001497787_Raw00_f_00010.txt,0001497787,numeric_raw_prefix,train,False,jieba,1
0001497865_Raw01_f_00011.jpg,0001497865_Raw01_f_00011.txt,0001497865,numeric_raw_prefix,train,False,jieba,1
0001498681_Raw13_f_00011.jpg,0001498681_Raw13_f_00011.txt,0001498681,numeric_raw_prefix,train,True,,0
0001498686_Raw01_f_00000.jpg,0001498686_Raw01_f_00000.txt,0001498686,numeric_raw_prefix,train,True,,0
0001498687_Raw10_f_00002.jpg,0001498687_Raw10_f_00002.txt,0001498687,numeric_raw_prefix,train,True,,0
0001498689_Raw00_f_00001.jpg,0001498689_Raw00_f_00001.txt,0001498689,numeric_raw_prefix,val,True,,0
0001498690_Raw03_f_00002.jpg,0001498690_Raw03_f_00002.txt,0001498690,numeric_raw_prefix,train,True,,0
0001498692_Raw01_f_00001.jpg,0001498692_Raw01_f_00001.txt,0001498692,numeric_raw_prefix,train,False,yanghuatiepi,1
0001498692_Raw02_f_00006.jpg,0001498692_Raw02_f_00006.txt,0001498692,numeric_raw_prefix,train,False,yanghuatiepi,1
0001498692_Raw03_f_00013.jpg,0001498692_Raw03_f_00013.txt,0001498692,numeric_raw_prefix,train,True,,0
0001498694_Raw01_f_00002.jpg,0001498694_Raw01_f_00002.txt,0001498694,numeric_raw_prefix,train,True,,0
0001498695_Raw13_f_00007.jpg,0001498695_Raw13_f_00007.txt,0001498695,numeric_raw_prefix,train,True,,0
0001498707_Raw01_f_00003.jpg,0001498707_Raw01_f_00003.txt,0001498707,numeric_raw_prefix,train,False,yanghuatiepi,1
0001498707_Raw12_f_00000.jpg,0001498707_Raw12_f_00000.txt,0001498707,numeric_raw_prefix,train,True,,0
0001498707_Raw13_f_00004.jpg,0001498707_Raw13_f_00004.txt,0001498707,numeric_raw_prefix,train,True,,0
0001498709_Raw12_f_00004.jpg,0001498709_Raw12_f_00004.txt,0001498709,numeric_raw_prefix,train,True,,0
0001498711_Raw00_f_00001.jpg,0001498711_Raw00_f_00001.txt,0001498711,numeric_raw_prefix,val,False,yanghuatiepi,1
0001498711_Raw12_f_00006.jpg,0001498711_Raw12_f_00006.txt,0001498711,numeric_raw_prefix,val,True,,0
0001498711_Raw12_f_00008.jpg,0001498711_Raw12_f_00008.txt,0001498711,numeric_raw_prefix,val,True,,0
0001498711_Raw12_f_00009.jpg,0001498711_Raw12_f_00009.txt,0001498711,numeric_raw_prefix,val,True,,0
0001498711_Raw13_f_00009.jpg,0001498711_Raw13_f_00009.txt,0001498711,numeric_raw_prefix,val,True,,0
0001498712_Raw13_f_00007.jpg,0001498712_Raw13_f_00007.txt,0001498712,numeric_raw_prefix,train,True,,0
0001498713_Raw02_f_00002.jpg,0001498713_Raw02_f_00002.txt,0001498713,numeric_raw_prefix,train,False,yanghuatiepi,1
0001498713_Raw13_f_00008.jpg,0001498713_Raw13_f_00008.txt,0001498713,numeric_raw_prefix,train,True,,0
0001498715_Raw02_f_00002.jpg,0001498715_Raw02_f_00002.txt,0001498715,numeric_raw_prefix,train,True,,0
0001498716_Raw00_f_00005.jpg,0001498716_Raw00_f_00005.txt,0001498716,numeric_raw_prefix,train,True,,0
0001498717_Raw01_f_00001.jpg,0001498717_Raw01_f_00001.txt,0001498717,numeric_raw_prefix,train,False,yanghuatiepi,1
0001498718_Raw13_f_00007.jpg,0001498718_Raw13_f_00007.txt,0001498718,numeric_raw_prefix,train,True,,0
0001498719_Raw00_f_00012.jpg,0001498719_Raw00_f_00012.txt,0001498719,numeric_raw_prefix,train,True,,0
0001498720_Raw00_f_00001.jpg,0001498720_Raw00_f_00001.txt,0001498720,numeric_raw_prefix,train,True,,0
0001498720_Raw00_f_00004.jpg,0001498720_Raw00_f_00004.txt,0001498720,numeric_raw_prefix,train,True,,0
0001498722_Raw02_f_00000.jpg,0001498722_Raw02_f_00000.txt,0001498722,numeric_raw_prefix,train,True,,0
0001498722_Raw03_f_00000.jpg,0001498722_Raw03_f_00000.txt,0001498722,numeric_raw_prefix,train,True,,0
0001498722_Raw03_f_00014.jpg,0001498722_Raw03_f_00014.txt,0001498722,numeric_raw_prefix,train,True,,0
0001498724_Raw01_f_00008.jpg,0001498724_Raw01_f_00008.txt,0001498724,numeric_raw_prefix,train,True,,0
0001498725_Raw00_f_00005.jpg,0001498725_Raw00_f_00005.txt,0001498725,numeric_raw_prefix,train,True,,0
0001498726_Raw01_f_00009.jpg,0001498726_Raw01_f_00009.txt,0001498726,numeric_raw_prefix,val,False,yanghuatiepi,2
0001498726_Raw02_f_00007.jpg,0001498726_Raw02_f_00007.txt,0001498726,numeric_raw_prefix,val,False,yanghuatiepi,1
0001498727_Raw00_f_00003.jpg,0001498727_Raw00_f_00003.txt,0001498727,numeric_raw_prefix,train,True,,0
0001498727_Raw01_f_00001.jpg,0001498727_Raw01_f_00001.txt,0001498727,numeric_raw_prefix,train,False,yanghuatiepi,1
0001498727_Raw01_f_00006.jpg,0001498727_Raw01_f_00006.txt,0001498727,numeric_raw_prefix,train,False,yanghuatiepi,1
0001498727_Raw01_f_00009.jpg,0001498727_Raw01_f_00009.txt,0001498727,numeric_raw_prefix,train,False,yanghuatiepi,1
0001498727_Raw02_f_00004.jpg,0001498727_Raw02_f_00004.txt,0001498727,numeric_raw_prefix,train,False,yanghuatiepi,1
0001498728_Raw00_f_00005.jpg,0001498728_Raw00_f_00005.txt,0001498728,numeric_raw_prefix,train,True,,0
0001498728_Raw00_f_00006.jpg,0001498728_Raw00_f_00006.txt,0001498728,numeric_raw_prefix,train,False,yanghuatiepi,1
0001498728_Raw00_f_00009.jpg,0001498728_Raw00_f_00009.txt,0001498728,numeric_raw_prefix,train,False,yanghuatiepi,2
0001498728_Raw01_f_00005.jpg,0001498728_Raw01_f_00005.txt,0001498728,numeric_raw_prefix,train,False,yanghuatiepi,2
0001498728_Raw01_f_00009.jpg,0001498728_Raw01_f_00009.txt,0001498728,numeric_raw_prefix,train,False,yanghuatiepi,1
0001498728_Raw02_f_00004.jpg,0001498728_Raw02_f_00004.txt,0001498728,numeric_raw_prefix,train,False,yanghuatiepi,1
0001498728_Raw02_f_00005.jpg,0001498728_Raw02_f_00005.txt,0001498728,numeric_raw_prefix,train,False,yanghuatiepi,2
0001498728_Raw02_f_00008.jpg,0001498728_Raw02_f_00008.txt,0001498728,numeric_raw_prefix,train,False,yanghuatiepi,1
0001498728_Raw02_f_00009.jpg,0001498728_Raw02_f_00009.txt,0001498728,numeric_raw_prefix,train,False,yanghuatiepi,1
0001498728_Raw13_f_00007.jpg,0001498728_Raw13_f_00007.txt,0001498728,numeric_raw_prefix,train,True,,0
0001498729_Raw01_f_00005.jpg,0001498729_Raw01_f_00005.txt,0001498729,numeric_raw_prefix,train,True,,0
0001498729_Raw01_f_00006.jpg,0001498729_Raw01_f_00006.txt,0001498729,numeric_raw_prefix,train,False,yanghuatiepi,2
0001498729_Raw02_f_00002.jpg,0001498729_Raw02_f_00002.txt,0001498729,numeric_raw_prefix,train,False,yanghuatiepi,1
0001498729_Raw02_f_00008.jpg,0001498729_Raw02_f_00008.txt,0001498729,numeric_raw_prefix,train,False,yanghuatiepi,1
0001498730_Raw02_f_00003.jpg,0001498730_Raw02_f_00003.txt,0001498730,numeric_raw_prefix,val,False,yanghuatiepi,1
0001498730_Raw13_f_00010.jpg,0001498730_Raw13_f_00010.txt,0001498730,numeric_raw_prefix,val,True,,0
0001498733_Raw11_f_00009.jpg,0001498733_Raw11_f_00009.txt,0001498733,numeric_raw_prefix,train,True,,0
0001498733_Raw13_f_00008.jpg,0001498733_Raw13_f_00008.txt,0001498733,numeric_raw_prefix,train,True,,0
0001498733_Raw13_f_00012.jpg,0001498733_Raw13_f_00012.txt,0001498733,numeric_raw_prefix,train,True,,0
0001498734_Raw13_f_00010.jpg,0001498734_Raw13_f_00010.txt,0001498734,numeric_raw_prefix,val,True,,0
0001498735_Raw12_f_00001.jpg,0001498735_Raw12_f_00001.txt,0001498735,numeric_raw_prefix,train,True,,0
0001498736_Raw13_f_00002.jpg,0001498736_Raw13_f_00002.txt,0001498736,numeric_raw_prefix,train,True,,0
0001498737_Raw13_f_00005.jpg,0001498737_Raw13_f_00005.txt,0001498737,numeric_raw_prefix,train,True,,0
0001498737_Raw13_f_00010.jpg,0001498737_Raw13_f_00010.txt,0001498737,numeric_raw_prefix,train,True,,0
0001498739_Raw02_f_00006.jpg,0001498739_Raw02_f_00006.txt,0001498739,numeric_raw_prefix,train,True,,0
0001498742_Raw13_f_00007.jpg,0001498742_Raw13_f_00007.txt,0001498742,numeric_raw_prefix,train,True,,0
0001498743_Raw00_f_00005.jpg,0001498743_Raw00_f_00005.txt,0001498743,numeric_raw_prefix,train,True,,0
0001498743_Raw00_f_00006.jpg,0001498743_Raw00_f_00006.txt,0001498743,numeric_raw_prefix,train,True,,0
0001498743_Raw02_f_00006.jpg,0001498743_Raw02_f_00006.txt,0001498743,numeric_raw_prefix,train,True,,0
0001498743_Raw03_f_00003.jpg,0001498743_Raw03_f_00003.txt,0001498743,numeric_raw_prefix,train,True,,0
0001498743_Raw13_f_00005.jpg,0001498743_Raw13_f_00005.txt,0001498743,numeric_raw_prefix,train,True,,0
0001498744_Raw00_f_00003.jpg,0001498744_Raw00_f_00003.txt,0001498744,numeric_raw_prefix,train,False,yanghuatiepi,1
0001498744_Raw00_f_00005.jpg,0001498744_Raw00_f_00005.txt,0001498744,numeric_raw_prefix,train,False,yanghuatiepi,1
0001498744_Raw01_f_00000.jpg,0001498744_Raw01_f_00000.txt,0001498744,numeric_raw_prefix,train,True,,0
0001498744_Raw13_f_00000.jpg,0001498744_Raw13_f_00000.txt,0001498744,numeric_raw_prefix,train,True,,0
0001498744_Raw13_f_00002.jpg,0001498744_Raw13_f_00002.txt,0001498744,numeric_raw_prefix,train,True,,0
0001498745_Raw01_f_00009.jpg,0001498745_Raw01_f_00009.txt,0001498745,numeric_raw_prefix,train,True,,0
0001498745_Raw02_f_00007.jpg,0001498745_Raw02_f_00007.txt,0001498745,numeric_raw_prefix,train,True,,0
0001498745_Raw03_f_00001.jpg,0001498745_Raw03_f_00001.txt,0001498745,numeric_raw_prefix,train,False,yanghuatiepi,1
0001498745_Raw03_f_00006.jpg,0001498745_Raw03_f_00006.txt,0001498745,numeric_raw_prefix,train,True,,0
0001498745_Raw03_f_00010.jpg,0001498745_Raw03_f_00010.txt,0001498745,numeric_raw_prefix,train,True,,0
0001498746_Raw03_f_00002.jpg,0001498746_Raw03_f_00002.txt,0001498746,numeric_raw_prefix,train,True,,0
0001498746_Raw03_f_00003.jpg,0001498746_Raw03_f_00003.txt,0001498746,numeric_raw_prefix,train,True,,0
0001498746_Raw03_f_00007.jpg,0001498746_Raw03_f_00007.txt,0001498746,numeric_raw_prefix,train,True,,0
0001498746_Raw12_f_00008.jpg,0001498746_Raw12_f_00008.txt,0001498746,numeric_raw_prefix,train,True,,0
0001498746_Raw13_f_00004.jpg,0001498746_Raw13_f_00004.txt,0001498746,numeric_raw_prefix,train,True,,0
0001498746_Raw13_f_00005.jpg,0001498746_Raw13_f_00005.txt,0001498746,numeric_raw_prefix,train,True,,0
0001498747_Raw03_f_00007.jpg,0001498747_Raw03_f_00007.txt,0001498747,numeric_raw_prefix,train,True,,0
0001498751_Raw00_f_00005.jpg,0001498751_Raw00_f_00005.txt,0001498751,numeric_raw_prefix,val,True,,0
0001498754_Raw03_f_00008.jpg,0001498754_Raw03_f_00008.txt,0001498754,numeric_raw_prefix,train,True,,0
0001498755_Raw00_f_00002.jpg,0001498755_Raw00_f_00002.txt,0001498755,numeric_raw_prefix,train,True,,0
0001498757_Raw00_f_00007.jpg,0001498757_Raw00_f_00007.txt,0001498757,numeric_raw_prefix,train,True,,0
0001498757_Raw03_f_00004.jpg,0001498757_Raw03_f_00004.txt,0001498757,numeric_raw_prefix,train,True,,0
0001498757_Raw11_f_00007.jpg,0001498757_Raw11_f_00007.txt,0001498757,numeric_raw_prefix,train,True,,0
0001498757_Raw12_f_00005.jpg,0001498757_Raw12_f_00005.txt,0001498757,numeric_raw_prefix,train,True,,0
0001498757_Raw13_f_00006.jpg,0001498757_Raw13_f_00006.txt,0001498757,numeric_raw_prefix,train,True,,0
0001498757_Raw13_f_00007.jpg,0001498757_Raw13_f_00007.txt,0001498757,numeric_raw_prefix,train,True,,0
0001498758_Raw11_f_00002.jpg,0001498758_Raw11_f_00002.txt,0001498758,numeric_raw_prefix,train,True,,0
0001498758_Raw13_f_00005.jpg,0001498758_Raw13_f_00005.txt,0001498758,numeric_raw_prefix,train,True,,0
0001498759_Raw13_f_00002.jpg,0001498759_Raw13_f_00002.txt,0001498759,numeric_raw_prefix,train,True,,0
0001498760_Raw13_f_00003.jpg,0001498760_Raw13_f_00003.txt,0001498760,numeric_raw_prefix,train,True,,0
0001498760_Raw13_f_00006.jpg,0001498760_Raw13_f_00006.txt,0001498760,numeric_raw_prefix,train,True,,0
0001498761_Raw13_f_00002.jpg,0001498761_Raw13_f_00002.txt,0001498761,numeric_raw_prefix,train,True,,0
0001498761_Raw13_f_00004.jpg,0001498761_Raw13_f_00004.txt,0001498761,numeric_raw_prefix,train,True,,0
0001498761_Raw13_f_00007.jpg,0001498761_Raw13_f_00007.txt,0001498761,numeric_raw_prefix,train,True,,0
0001498762_Raw13_f_00008.jpg,0001498762_Raw13_f_00008.txt,0001498762,numeric_raw_prefix,train,True,,0
0001498768_Raw01_f_00011.jpg,0001498768_Raw01_f_00011.txt,0001498768,numeric_raw_prefix,train,True,,0
0001498770_Raw02_f_00002.jpg,0001498770_Raw02_f_00002.txt,0001498770,numeric_raw_prefix,train,True,,0
0001498773_Raw12_f_00004.jpg,0001498773_Raw12_f_00004.txt,0001498773,numeric_raw_prefix,train,True,,0
0001498784_Raw00_f_00001.jpg,0001498784_Raw00_f_00001.txt,0001498784,numeric_raw_prefix,train,True,,0
0001498788_Raw13_f_00002.jpg,0001498788_Raw13_f_00002.txt,0001498788,numeric_raw_prefix,train,True,,0
0001498795_Raw00_f_00002.jpg,0001498795_Raw00_f_00002.txt,0001498795,numeric_raw_prefix,train,False,yanghuatiepi,1
0001498795_Raw03_f_00002.jpg,0001498795_Raw03_f_00002.txt,0001498795,numeric_raw_prefix,train,True,,0
0001498797_Raw02_f_00006.jpg,0001498797_Raw02_f_00006.txt,0001498797,numeric_raw_prefix,train,True,,0
0001498797_Raw12_f_00007.jpg,0001498797_Raw12_f_00007.txt,0001498797,numeric_raw_prefix,train,True,,0
0001498797_Raw12_f_00012.jpg,0001498797_Raw12_f_00012.txt,0001498797,numeric_raw_prefix,train,True,,0
0001498800_Raw13_f_00004.jpg,0001498800_Raw13_f_00004.txt,0001498800,numeric_raw_prefix,train,True,,0
0001498803_Raw01_f_00000.jpg,0001498803_Raw01_f_00000.txt,0001498803,numeric_raw_prefix,train,True,,0
0001498803_Raw02_f_00000.jpg,0001498803_Raw02_f_00000.txt,0001498803,numeric_raw_prefix,train,True,,0
0001498803_Raw13_f_00011.jpg,0001498803_Raw13_f_00011.txt,0001498803,numeric_raw_prefix,train,True,,0
0001498805_Raw00_f_00003.jpg,0001498805_Raw00_f_00003.txt,0001498805,numeric_raw_prefix,train,True,,0
0001498814_Raw02_f_00007.jpg,0001498814_Raw02_f_00007.txt,0001498814,numeric_raw_prefix,train,True,,0
0001498819_Raw13_f_00002.jpg,0001498819_Raw13_f_00002.txt,0001498819,numeric_raw_prefix,train,True,,0
0001498819_Raw13_f_00006.jpg,0001498819_Raw13_f_00006.txt,0001498819,numeric_raw_prefix,train,True,,0
0001498823_Raw13_f_00009.jpg,0001498823_Raw13_f_00009.txt,0001498823,numeric_raw_prefix,train,True,,0
0001498838_Raw01_f_00007.jpg,0001498838_Raw01_f_00007.txt,0001498838,numeric_raw_prefix,train,False,yanghuatiepi,1
0001498850_Raw13_f_00006.jpg,0001498850_Raw13_f_00006.txt,0001498850,numeric_raw_prefix,train,True,,0
0001498851_Raw13_f_00007.jpg,0001498851_Raw13_f_00007.txt,0001498851,numeric_raw_prefix,train,True,,0
0001498865_Raw13_f_00001.jpg,0001498865_Raw13_f_00001.txt,0001498865,numeric_raw_prefix,train,True,,0
0001498993_Raw12_f_00000.jpg,0001498993_Raw12_f_00000.txt,0001498993,numeric_raw_prefix,train,False,jieba,1
0001498993_Raw13_f_00000.jpg,0001498993_Raw13_f_00000.txt,0001498993,numeric_raw_prefix,train,False,jieba,2
0001499650_Raw02_f_00007.jpg,0001499650_Raw02_f_00007.txt,0001499650,numeric_raw_prefix,train,True,,0
0001499651_Raw10_f_00009.jpg,0001499651_Raw10_f_00009.txt,0001499651,numeric_raw_prefix,train,True,,0
0001499652_Raw02_f_00008.jpg,0001499652_Raw02_f_00008.txt,0001499652,numeric_raw_prefix,train,True,,0
0001499653_Raw00_f_00010.jpg,0001499653_Raw00_f_00010.txt,0001499653,numeric_raw_prefix,train,True,,0
0001499654_Raw02_f_00001.jpg,0001499654_Raw02_f_00001.txt,0001499654,numeric_raw_prefix,train,True,,0
0001499654_Raw10_f_00008.jpg,0001499654_Raw10_f_00008.txt,0001499654,numeric_raw_prefix,train,True,,0
0001499655_Raw02_f_00007.jpg,0001499655_Raw02_f_00007.txt,0001499655,numeric_raw_prefix,train,True,,0
0001499657_Raw03_f_00007.jpg,0001499657_Raw03_f_00007.txt,0001499657,numeric_raw_prefix,train,True,,0
0001499662_Raw13_f_00003.jpg,0001499662_Raw13_f_00003.txt,0001499662,numeric_raw_prefix,train,True,,0
0001499663_Raw00_f_00004.jpg,0001499663_Raw00_f_00004.txt,0001499663,numeric_raw_prefix,train,True,,0
0001499665_Raw03_f_00022.jpg,0001499665_Raw03_f_00022.txt,0001499665,numeric_raw_prefix,train,True,,0
0001499666_Raw13_f_00013.jpg,0001499666_Raw13_f_00013.txt,0001499666,numeric_raw_prefix,train,True,,0
0001499670_Raw00_f_00000.jpg,0001499670_Raw00_f_00000.txt,0001499670,numeric_raw_prefix,train,True,,0
0001499671_Raw10_f_00004.jpg,0001499671_Raw10_f_00004.txt,0001499671,numeric_raw_prefix,train,True,,0
0001499673_Raw13_f_00001.jpg,0001499673_Raw13_f_00001.txt,0001499673,numeric_raw_prefix,train,True,,0
0001499673_Raw13_f_00011.jpg,0001499673_Raw13_f_00011.txt,0001499673,numeric_raw_prefix,train,True,,0
0001499676_Raw00_f_00001.jpg,0001499676_Raw00_f_00001.txt,0001499676,numeric_raw_prefix,train,True,,0
0001499676_Raw02_f_00001.jpg,0001499676_Raw02_f_00001.txt,0001499676,numeric_raw_prefix,train,False,yanghuatiepi,1
0001499677_Raw00_f_00014.jpg,0001499677_Raw00_f_00014.txt,0001499677,numeric_raw_prefix,train,False,yanghuatiepi,1
0001499677_Raw01_f_00004.jpg,0001499677_Raw01_f_00004.txt,0001499677,numeric_raw_prefix,train,True,,0
0001499677_Raw01_f_00007.jpg,0001499677_Raw01_f_00007.txt,0001499677,numeric_raw_prefix,train,True,,0
0001499678_Raw00_f_00003.jpg,0001499678_Raw00_f_00003.txt,0001499678,numeric_raw_prefix,train,True,,0
0001499679_Raw01_f_00009.jpg,0001499679_Raw01_f_00009.txt,0001499679,numeric_raw_prefix,train,True,,0
0001499680_Raw00_f_00002.jpg,0001499680_Raw00_f_00002.txt,0001499680,numeric_raw_prefix,train,True,,0
0001499680_Raw01_f_00005.jpg,0001499680_Raw01_f_00005.txt,0001499680,numeric_raw_prefix,train,True,,0
0001499680_Raw02_f_00008.jpg,0001499680_Raw02_f_00008.txt,0001499680,numeric_raw_prefix,train,True,,0
0001499680_Raw03_f_00012.jpg,0001499680_Raw03_f_00012.txt,0001499680,numeric_raw_prefix,train,True,,0
0001499681_Raw13_f_00007.jpg,0001499681_Raw13_f_00007.txt,0001499681,numeric_raw_prefix,train,True,,0
0001499683_Raw00_f_00001.jpg,0001499683_Raw00_f_00001.txt,0001499683,numeric_raw_prefix,train,False,yanghuatiepi,1
0001499683_Raw00_f_00009.jpg,0001499683_Raw00_f_00009.txt,0001499683,numeric_raw_prefix,train,True,,0
0001499683_Raw02_f_00002.jpg,0001499683_Raw02_f_00002.txt,0001499683,numeric_raw_prefix,train,True,,0
0001499683_Raw03_f_00005.jpg,0001499683_Raw03_f_00005.txt,0001499683,numeric_raw_prefix,train,True,,0
0001499683_Raw13_f_00006.jpg,0001499683_Raw13_f_00006.txt,0001499683,numeric_raw_prefix,train,True,,0
0001499684_Raw00_f_00005.jpg,0001499684_Raw00_f_00005.txt,0001499684,numeric_raw_prefix,train,True,,0
0001499684_Raw00_f_00008.jpg,0001499684_Raw00_f_00008.txt,0001499684,numeric_raw_prefix,train,True,,0
0001499684_Raw00_f_00010.jpg,0001499684_Raw00_f_00010.txt,0001499684,numeric_raw_prefix,train,True,,0
0001499684_Raw03_f_00002.jpg,0001499684_Raw03_f_00002.txt,0001499684,numeric_raw_prefix,train,True,,0
0001499685_Raw03_f_00004.jpg,0001499685_Raw03_f_00004.txt,0001499685,numeric_raw_prefix,train,True,,0
0001499686_Raw02_f_00002.jpg,0001499686_Raw02_f_00002.txt,0001499686,numeric_raw_prefix,train,True,,0
0001499687_Raw00_f_00010.jpg,0001499687_Raw00_f_00010.txt,0001499687,numeric_raw_prefix,train,True,,0
0001499687_Raw02_f_00003.jpg,0001499687_Raw02_f_00003.txt,0001499687,numeric_raw_prefix,train,True,,0
0001499689_Raw02_f_00042.jpg,0001499689_Raw02_f_00042.txt,0001499689,numeric_raw_prefix,train,False,yanghuatiepi,3
0001499689_Raw02_f_00046.jpg,0001499689_Raw02_f_00046.txt,0001499689,numeric_raw_prefix,train,False,yanghuatiepi,1
0001499689_Raw03_f_00043.jpg,0001499689_Raw03_f_00043.txt,0001499689,numeric_raw_prefix,train,True,,0
0001499692_Raw00_f_00011.jpg,0001499692_Raw00_f_00011.txt,0001499692,numeric_raw_prefix,train,False,yanghuatiepi,1
0001499692_Raw01_f_00001.jpg,0001499692_Raw01_f_00001.txt,0001499692,numeric_raw_prefix,train,True,,0
0001499692_Raw13_f_00004.jpg,0001499692_Raw13_f_00004.txt,0001499692,numeric_raw_prefix,train,True,,0
0001499692_Raw13_f_00008.jpg,0001499692_Raw13_f_00008.txt,0001499692,numeric_raw_prefix,train,True,,0
0001499694_Raw00_f_00002.jpg,0001499694_Raw00_f_00002.txt,0001499694,numeric_raw_prefix,train,False,yanghuatiepi,1
0001499696_Raw00_f_00000.jpg,0001499696_Raw00_f_00000.txt,0001499696,numeric_raw_prefix,train,True,,0
0001499696_Raw12_f_00007.jpg,0001499696_Raw12_f_00007.txt,0001499696,numeric_raw_prefix,train,True,,0
0001499698_Raw01_f_00004.jpg,0001499698_Raw01_f_00004.txt,0001499698,numeric_raw_prefix,train,True,,0
0001499698_Raw02_f_00010.jpg,0001499698_Raw02_f_00010.txt,0001499698,numeric_raw_prefix,train,True,,0
0001499699_Raw13_f_00011.jpg,0001499699_Raw13_f_00011.txt,0001499699,numeric_raw_prefix,train,True,,0
0001499700_Raw02_f_00003.jpg,0001499700_Raw02_f_00003.txt,0001499700,numeric_raw_prefix,train,True,,0
0001499701_Raw00_f_00003.jpg,0001499701_Raw00_f_00003.txt,0001499701,numeric_raw_prefix,train,True,,0
0001499701_Raw03_f_00002.jpg,0001499701_Raw03_f_00002.txt,0001499701,numeric_raw_prefix,train,True,,0
0001499701_Raw03_f_00006.jpg,0001499701_Raw03_f_00006.txt,0001499701,numeric_raw_prefix,train,True,,0
0001499702_Raw00_f_00010.jpg,0001499702_Raw00_f_00010.txt,0001499702,numeric_raw_prefix,train,True,,0
0001499702_Raw03_f_00000.jpg,0001499702_Raw03_f_00000.txt,0001499702,numeric_raw_prefix,train,True,,0
0001499702_Raw03_f_00002.jpg,0001499702_Raw03_f_00002.txt,0001499702,numeric_raw_prefix,train,True,,0
0001499702_Raw03_f_00005.jpg,0001499702_Raw03_f_00005.txt,0001499702,numeric_raw_prefix,train,True,,0
0001499703_Raw03_f_00007.jpg,0001499703_Raw03_f_00007.txt,0001499703,numeric_raw_prefix,train,True,,0
0001499704_Raw00_f_00009.jpg,0001499704_Raw00_f_00009.txt,0001499704,numeric_raw_prefix,train,True,,0
0001499705_Raw02_f_00006.jpg,0001499705_Raw02_f_00006.txt,0001499705,numeric_raw_prefix,train,False,yanghuatiepi,1
0001499706_Raw00_f_00007.jpg,0001499706_Raw00_f_00007.txt,0001499706,numeric_raw_prefix,train,True,,0
0001499711_Raw00_f_00007.jpg,0001499711_Raw00_f_00007.txt,0001499711,numeric_raw_prefix,train,True,,0
0001499711_Raw03_f_00002.jpg,0001499711_Raw03_f_00002.txt,0001499711,numeric_raw_prefix,train,True,,0
0001499712_Raw00_f_00001.jpg,0001499712_Raw00_f_00001.txt,0001499712,numeric_raw_prefix,train,True,,0
0001499712_Raw00_f_00002.jpg,0001499712_Raw00_f_00002.txt,0001499712,numeric_raw_prefix,train,True,,0
0001499712_Raw00_f_00007.jpg,0001499712_Raw00_f_00007.txt,0001499712,numeric_raw_prefix,train,True,,0
0001499714_Raw12_f_00005.jpg,0001499714_Raw12_f_00005.txt,0001499714,numeric_raw_prefix,train,True,,0
0001499717_Raw00_f_00001.jpg,0001499717_Raw00_f_00001.txt,0001499717,numeric_raw_prefix,val,False,yanghuatiepi,1
0001499719_Raw02_f_00012.jpg,0001499719_Raw02_f_00012.txt,0001499719,numeric_raw_prefix,train,True,,0
0001499720_Raw01_f_00005.jpg,0001499720_Raw01_f_00005.txt,0001499720,numeric_raw_prefix,val,True,,0
0001499720_Raw02_f_00003.jpg,0001499720_Raw02_f_00003.txt,0001499720,numeric_raw_prefix,val,True,,0
0001499720_Raw02_f_00004.jpg,0001499720_Raw02_f_00004.txt,0001499720,numeric_raw_prefix,val,True,,0
0001499724_Raw12_f_00013.jpg,0001499724_Raw12_f_00013.txt,0001499724,numeric_raw_prefix,val,True,,0
0001499724_Raw13_f_00013.jpg,0001499724_Raw13_f_00013.txt,0001499724,numeric_raw_prefix,val,True,,0
0001499725_Raw11_f_00001.jpg,0001499725_Raw11_f_00001.txt,0001499725,numeric_raw_prefix,train,True,,0
0001499725_Raw13_f_00008.jpg,0001499725_Raw13_f_00008.txt,0001499725,numeric_raw_prefix,train,True,,0
0001499730_Raw02_f_00001.jpg,0001499730_Raw02_f_00001.txt,0001499730,numeric_raw_prefix,train,True,,0
0001499730_Raw13_f_00003.jpg,0001499730_Raw13_f_00003.txt,0001499730,numeric_raw_prefix,train,True,,0
0001499733_Raw00_f_00003.jpg,0001499733_Raw00_f_00003.txt,0001499733,numeric_raw_prefix,train,False,yanghuatiepi,1
0001499735_Raw02_f_00001.jpg,0001499735_Raw02_f_00001.txt,0001499735,numeric_raw_prefix,train,False,yanghuatiepi,1
0001499737_Raw00_f_00002.jpg,0001499737_Raw00_f_00002.txt,0001499737,numeric_raw_prefix,val,True,,0
0001499737_Raw00_f_00008.jpg,0001499737_Raw00_f_00008.txt,0001499737,numeric_raw_prefix,val,True,,0
0001499738_Raw00_f_00001.jpg,0001499738_Raw00_f_00001.txt,0001499738,numeric_raw_prefix,train,False,yanghuatiepi,1
0001499739_Raw01_f_00008.jpg,0001499739_Raw01_f_00008.txt,0001499739,numeric_raw_prefix,train,True,,0
0001499739_Raw02_f_00001.jpg,0001499739_Raw02_f_00001.txt,0001499739,numeric_raw_prefix,train,True,,0
0001499745_Raw13_f_00010.jpg,0001499745_Raw13_f_00010.txt,0001499745,numeric_raw_prefix,train,True,,0
0001499747_Raw13_f_00001.jpg,0001499747_Raw13_f_00001.txt,0001499747,numeric_raw_prefix,train,True,,0
0001499748_Raw00_f_00001.jpg,0001499748_Raw00_f_00001.txt,0001499748,numeric_raw_prefix,train,True,,0
0001499748_Raw13_f_00007.jpg,0001499748_Raw13_f_00007.txt,0001499748,numeric_raw_prefix,train,True,,0
0001499749_Raw02_f_00003.jpg,0001499749_Raw02_f_00003.txt,0001499749,numeric_raw_prefix,train,False,yanghuatiepi,1
0001499749_Raw12_f_00007.jpg,0001499749_Raw12_f_00007.txt,0001499749,numeric_raw_prefix,train,True,,0
0001499749_Raw12_f_00013.jpg,0001499749_Raw12_f_00013.txt,0001499749,numeric_raw_prefix,train,True,,0
0001499752_Raw10_f_00006.jpg,0001499752_Raw10_f_00006.txt,0001499752,numeric_raw_prefix,val,True,,0
0001499753_Raw02_f_00002.jpg,0001499753_Raw02_f_00002.txt,0001499753,numeric_raw_prefix,train,True,,0
0001499753_Raw02_f_00005.jpg,0001499753_Raw02_f_00005.txt,0001499753,numeric_raw_prefix,train,True,,0
0001499756_Raw01_f_00005.jpg,0001499756_Raw01_f_00005.txt,0001499756,numeric_raw_prefix,val,True,,0
0001499757_Raw03_f_00008.jpg,0001499757_Raw03_f_00008.txt,0001499757,numeric_raw_prefix,train,True,,0
0001499758_Raw00_f_00002.jpg,0001499758_Raw00_f_00002.txt,0001499758,numeric_raw_prefix,train,True,,0
0001499758_Raw01_f_00001.jpg,0001499758_Raw01_f_00001.txt,0001499758,numeric_raw_prefix,train,False,yanghuatiepi,1
0001499758_Raw02_f_00001.jpg,0001499758_Raw02_f_00001.txt,0001499758,numeric_raw_prefix,train,False,yanghuatiepi,1
0001499758_Raw02_f_00002.jpg,0001499758_Raw02_f_00002.txt,0001499758,numeric_raw_prefix,train,True,,0
0001499759_Raw00_f_00002.jpg,0001499759_Raw00_f_00002.txt,0001499759,numeric_raw_prefix,train,True,,0
0001499761_Raw00_f_00004.jpg,0001499761_Raw00_f_00004.txt,0001499761,numeric_raw_prefix,train,True,,0
0001499761_Raw00_f_00011.jpg,0001499761_Raw00_f_00011.txt,0001499761,numeric_raw_prefix,train,True,,0
0001499761_Raw01_f_00003.jpg,0001499761_Raw01_f_00003.txt,0001499761,numeric_raw_prefix,train,True,,0
0001499762_Raw00_f_00002.jpg,0001499762_Raw00_f_00002.txt,0001499762,numeric_raw_prefix,train,False,yanghuatiepi,1
0001499765_Raw00_f_00012.jpg,0001499765_Raw00_f_00012.txt,0001499765,numeric_raw_prefix,train,True,,0
0001499765_Raw01_f_00003.jpg,0001499765_Raw01_f_00003.txt,0001499765,numeric_raw_prefix,train,True,,0
0001499766_Raw00_f_00003.jpg,0001499766_Raw00_f_00003.txt,0001499766,numeric_raw_prefix,train,True,,0
0001499766_Raw01_f_00001.jpg,0001499766_Raw01_f_00001.txt,0001499766,numeric_raw_prefix,train,False,yanghuatiepi,1
0001499766_Raw01_f_00009.jpg,0001499766_Raw01_f_00009.txt,0001499766,numeric_raw_prefix,train,True,,0
0001499767_Raw00_f_00001.jpg,0001499767_Raw00_f_00001.txt,0001499767,numeric_raw_prefix,train,False,yanghuatiepi,2
0001499768_Raw01_f_00007.jpg,0001499768_Raw01_f_00007.txt,0001499768,numeric_raw_prefix,train,True,,0
0001499773_Raw00_f_00009.jpg,0001499773_Raw00_f_00009.txt,0001499773,numeric_raw_prefix,train,True,,0
0001499773_Raw03_f_00008.jpg,0001499773_Raw03_f_00008.txt,0001499773,numeric_raw_prefix,train,True,,0
0001499777_Raw01_f_00007.jpg,0001499777_Raw01_f_00007.txt,0001499777,numeric_raw_prefix,train,True,,0
0001499777_Raw13_f_00011.jpg,0001499777_Raw13_f_00011.txt,0001499777,numeric_raw_prefix,train,True,,0
0001499779_Raw01_f_00002.jpg,0001499779_Raw01_f_00002.txt,0001499779,numeric_raw_prefix,train,False,yanghuatiepi,1
0001499779_Raw02_f_00015.jpg,0001499779_Raw02_f_00015.txt,0001499779,numeric_raw_prefix,train,True,,0
0001499780_Raw01_f_00010.jpg,0001499780_Raw01_f_00010.txt,0001499780,numeric_raw_prefix,train,False,yanghuatiepi,1
0001499780_Raw01_f_00013.jpg,0001499780_Raw01_f_00013.txt,0001499780,numeric_raw_prefix,train,True,,0
0001499781_Raw00_f_00003.jpg,0001499781_Raw00_f_00003.txt,0001499781,numeric_raw_prefix,train,False,yanghuatiepi,1
0001499781_Raw00_f_00011.jpg,0001499781_Raw00_f_00011.txt,0001499781,numeric_raw_prefix,train,True,,0
0001499781_Raw01_f_00010.jpg,0001499781_Raw01_f_00010.txt,0001499781,numeric_raw_prefix,train,False,yanghuatiepi,1
0001499782_Raw01_f_00011.jpg,0001499782_Raw01_f_00011.txt,0001499782,numeric_raw_prefix,val,True,,0
0001499782_Raw02_f_00008.jpg,0001499782_Raw02_f_00008.txt,0001499782,numeric_raw_prefix,val,True,,0
0001499782_Raw02_f_00009.jpg,0001499782_Raw02_f_00009.txt,0001499782,numeric_raw_prefix,val,True,,0
0001499786_Raw03_f_00005.jpg,0001499786_Raw03_f_00005.txt,0001499786,numeric_raw_prefix,train,True,,0
0001499787_Raw03_f_00005.jpg,0001499787_Raw03_f_00005.txt,0001499787,numeric_raw_prefix,train,True,,0
0001499787_Raw03_f_00009.jpg,0001499787_Raw03_f_00009.txt,0001499787,numeric_raw_prefix,train,True,,0
0001499787_Raw03_f_00010.jpg,0001499787_Raw03_f_00010.txt,0001499787,numeric_raw_prefix,train,True,,0
0001499787_Raw03_f_00011.jpg,0001499787_Raw03_f_00011.txt,0001499787,numeric_raw_prefix,train,True,,0
0001499957_Raw00_f_00007.jpg,0001499957_Raw00_f_00007.txt,0001499957,numeric_raw_prefix,train,False,"jiaza,yanghuatiepi",3
0001500004_Raw00_f_00002.jpg,0001500004_Raw00_f_00002.txt,0001500004,numeric_raw_prefix,train,False,yanghuatiepi,1
0001500004_Raw02_f_00009.jpg,0001500004_Raw02_f_00009.txt,0001500004,numeric_raw_prefix,train,True,,0
0001500005_Raw01_f_00000.jpg,0001500005_Raw01_f_00000.txt,0001500005,numeric_raw_prefix,train,True,,0
0001500005_Raw02_f_00002.jpg,0001500005_Raw02_f_00002.txt,0001500005,numeric_raw_prefix,train,True,,0
0001500005_Raw13_f_00005.jpg,0001500005_Raw13_f_00005.txt,0001500005,numeric_raw_prefix,train,True,,0
0001500008_Raw00_f_00007.jpg,0001500008_Raw00_f_00007.txt,0001500008,numeric_raw_prefix,train,False,yanghuatiepi,1
0001500009_Raw00_f_00007.jpg,0001500009_Raw00_f_00007.txt,0001500009,numeric_raw_prefix,train,True,,0
0001500010_Raw01_f_00005.jpg,0001500010_Raw01_f_00005.txt,0001500010,numeric_raw_prefix,train,True,,0
0001500010_Raw02_f_00006.jpg,0001500010_Raw02_f_00006.txt,0001500010,numeric_raw_prefix,train,False,yanghuatiepi,1
0001500010_Raw02_f_00008.jpg,0001500010_Raw02_f_00008.txt,0001500010,numeric_raw_prefix,train,True,,0
0001500010_Raw13_f_00004.jpg,0001500010_Raw13_f_00004.txt,0001500010,numeric_raw_prefix,train,True,,0
0001500010_Raw13_f_00005.jpg,0001500010_Raw13_f_00005.txt,0001500010,numeric_raw_prefix,train,True,,0
0001500011_Raw00_f_00002.jpg,0001500011_Raw00_f_00002.txt,0001500011,numeric_raw_prefix,val,True,,0
0001500011_Raw02_f_00002.jpg,0001500011_Raw02_f_00002.txt,0001500011,numeric_raw_prefix,val,True,,0
0001500011_Raw13_f_00005.jpg,0001500011_Raw13_f_00005.txt,0001500011,numeric_raw_prefix,val,True,,0
0001500011_Raw13_f_00009.jpg,0001500011_Raw13_f_00009.txt,0001500011,numeric_raw_prefix,val,True,,0
0001500012_Raw01_f_00003.jpg,0001500012_Raw01_f_00003.txt,0001500012,numeric_raw_prefix,train,True,,0
0001500013_Raw13_f_00009.jpg,0001500013_Raw13_f_00009.txt,0001500013,numeric_raw_prefix,train,True,,0
0001500014_Raw02_f_00011.jpg,0001500014_Raw02_f_00011.txt,0001500014,numeric_raw_prefix,train,True,,0
0001500022_Raw00_f_00009.jpg,0001500022_Raw00_f_00009.txt,0001500022,numeric_raw_prefix,train,True,,0
0001500024_Raw02_f_00001.jpg,0001500024_Raw02_f_00001.txt,0001500024,numeric_raw_prefix,train,False,yanghuatiepi,1
0001500026_Raw00_f_00011.jpg,0001500026_Raw00_f_00011.txt,0001500026,numeric_raw_prefix,train,True,,0
0001500028_Raw02_f_00011.jpg,0001500028_Raw02_f_00011.txt,0001500028,numeric_raw_prefix,train,True,,0
0001500029_Raw00_f_00003.jpg,0001500029_Raw00_f_00003.txt,0001500029,numeric_raw_prefix,train,True,,0
0001500029_Raw02_f_00003.jpg,0001500029_Raw02_f_00003.txt,0001500029,numeric_raw_prefix,train,True,,0
0001500030_Raw11_f_00000.jpg,0001500030_Raw11_f_00000.txt,0001500030,numeric_raw_prefix,train,True,,0
0001500030_Raw13_f_00008.jpg,0001500030_Raw13_f_00008.txt,0001500030,numeric_raw_prefix,train,True,,0
0001500031_Raw11_f_00007.jpg,0001500031_Raw11_f_00007.txt,0001500031,numeric_raw_prefix,train,True,,0
0001500031_Raw13_f_00003.jpg,0001500031_Raw13_f_00003.txt,0001500031,numeric_raw_prefix,train,True,,0
0001500032_Raw02_f_00002.jpg,0001500032_Raw02_f_00002.txt,0001500032,numeric_raw_prefix,train,False,yanghuatiepi,1
0001500034_Raw00_f_00003.jpg,0001500034_Raw00_f_00003.txt,0001500034,numeric_raw_prefix,train,False,yanghuatiepi,1
0001500034_Raw13_f_00000.jpg,0001500034_Raw13_f_00000.txt,0001500034,numeric_raw_prefix,train,True,,0
0001500035_Raw00_f_00000.jpg,0001500035_Raw00_f_00000.txt,0001500035,numeric_raw_prefix,train,False,yanghuatiepi,1
0001500035_Raw13_f_00005.jpg,0001500035_Raw13_f_00005.txt,0001500035,numeric_raw_prefix,train,True,,0
0001500036_Raw13_f_00001.jpg,0001500036_Raw13_f_00001.txt,0001500036,numeric_raw_prefix,val,True,,0
0001500036_Raw13_f_00007.jpg,0001500036_Raw13_f_00007.txt,0001500036,numeric_raw_prefix,val,True,,0
0001500037_Raw13_f_00005.jpg,0001500037_Raw13_f_00005.txt,0001500037,numeric_raw_prefix,train,True,,0
0001500038_Raw13_f_00001.jpg,0001500038_Raw13_f_00001.txt,0001500038,numeric_raw_prefix,train,True,,0
0001500040_Raw11_f_00001.jpg,0001500040_Raw11_f_00001.txt,0001500040,numeric_raw_prefix,train,True,,0
0001500041_Raw13_f_00003.jpg,0001500041_Raw13_f_00003.txt,0001500041,numeric_raw_prefix,train,True,,0
0001500044_Raw13_f_00008.jpg,0001500044_Raw13_f_00008.txt,0001500044,numeric_raw_prefix,train,True,,0
0001500046_Raw00_f_00002.jpg,0001500046_Raw00_f_00002.txt,0001500046,numeric_raw_prefix,train,False,yanghuatiepi,1
0001500046_Raw00_f_00003.jpg,0001500046_Raw00_f_00003.txt,0001500046,numeric_raw_prefix,train,False,yanghuatiepi,1
0001500046_Raw01_f_00003.jpg,0001500046_Raw01_f_00003.txt,0001500046,numeric_raw_prefix,train,False,yanghuatiepi,1
0001500046_Raw01_f_00010.jpg,0001500046_Raw01_f_00010.txt,0001500046,numeric_raw_prefix,train,False,yanghuatiepi,1
0001500048_Raw02_f_00002.jpg,0001500048_Raw02_f_00002.txt,0001500048,numeric_raw_prefix,val,True,,0
0001500048_Raw11_f_00012.jpg,0001500048_Raw11_f_00012.txt,0001500048,numeric_raw_prefix,val,True,,0
0001500049_Raw00_f_00003.jpg,0001500049_Raw00_f_00003.txt,0001500049,numeric_raw_prefix,train,False,yanghuatiepi,1
0001500049_Raw01_f_00007.jpg,0001500049_Raw01_f_00007.txt,0001500049,numeric_raw_prefix,train,True,,0
0001500049_Raw03_f_00003.jpg,0001500049_Raw03_f_00003.txt,0001500049,numeric_raw_prefix,train,True,,0
0001500052_Raw01_f_00001.jpg,0001500052_Raw01_f_00001.txt,0001500052,numeric_raw_prefix,train,True,,0
0001500058_Raw01_f_00002.jpg,0001500058_Raw01_f_00002.txt,0001500058,numeric_raw_prefix,train,True,,0
0001500058_Raw02_f_00004.jpg,0001500058_Raw02_f_00004.txt,0001500058,numeric_raw_prefix,train,True,,0
0001500059_Raw00_f_00003.jpg,0001500059_Raw00_f_00003.txt,0001500059,numeric_raw_prefix,train,True,,0
0001500061_Raw00_f_00008.jpg,0001500061_Raw00_f_00008.txt,0001500061,numeric_raw_prefix,train,True,,0
0001500064_Raw00_f_00003.jpg,0001500064_Raw00_f_00003.txt,0001500064,numeric_raw_prefix,train,True,,0
0001500064_Raw00_f_00010.jpg,0001500064_Raw00_f_00010.txt,0001500064,numeric_raw_prefix,train,True,,0
0001500064_Raw13_f_00002.jpg,0001500064_Raw13_f_00002.txt,0001500064,numeric_raw_prefix,train,True,,0
0001500073_Raw03_f_00009.jpg,0001500073_Raw03_f_00009.txt,0001500073,numeric_raw_prefix,train,True,,0
0001500074_Raw03_f_00002.jpg,0001500074_Raw03_f_00002.txt,0001500074,numeric_raw_prefix,train,True,,0
0001500074_Raw03_f_00011.jpg,0001500074_Raw03_f_00011.txt,0001500074,numeric_raw_prefix,train,True,,0
0001500078_Raw02_f_00003.jpg,0001500078_Raw02_f_00003.txt,0001500078,numeric_raw_prefix,train,True,,0
0001500081_Raw13_f_00000.jpg,0001500081_Raw13_f_00000.txt,0001500081,numeric_raw_prefix,train,True,,0
0001500083_Raw00_f_00001.jpg,0001500083_Raw00_f_00001.txt,0001500083,numeric_raw_prefix,train,True,,0
0001500085_Raw00_f_00008.jpg,0001500085_Raw00_f_00008.txt,0001500085,numeric_raw_prefix,train,True,,0
0001500085_Raw13_f_00009.jpg,0001500085_Raw13_f_00009.txt,0001500085,numeric_raw_prefix,train,True,,0
0001500087_Raw02_f_00001.jpg,0001500087_Raw02_f_00001.txt,0001500087,numeric_raw_prefix,train,True,,0
0001500087_Raw03_f_00001.jpg,0001500087_Raw03_f_00001.txt,0001500087,numeric_raw_prefix,train,True,,0
0001500088_Raw00_f_00010.jpg,0001500088_Raw00_f_00010.txt,0001500088,numeric_raw_prefix,val,True,,0
0001500088_Raw01_f_00000.jpg,0001500088_Raw01_f_00000.txt,0001500088,numeric_raw_prefix,val,True,,0
0001500088_Raw13_f_00006.jpg,0001500088_Raw13_f_00006.txt,0001500088,numeric_raw_prefix,val,True,,0
0001500091_Raw03_f_00003.jpg,0001500091_Raw03_f_00003.txt,0001500091,numeric_raw_prefix,train,False,yanghuatiepi,1
0001500092_Raw02_f_00012.jpg,0001500092_Raw02_f_00012.txt,0001500092,numeric_raw_prefix,train,True,,0
0001500101_Raw02_f_00005.jpg,0001500101_Raw02_f_00005.txt,0001500101,numeric_raw_prefix,train,True,,0
0001500101_Raw02_f_00008.jpg,0001500101_Raw02_f_00008.txt,0001500101,numeric_raw_prefix,train,True,,0
0001500101_Raw13_f_00008.jpg,0001500101_Raw13_f_00008.txt,0001500101,numeric_raw_prefix,train,True,,0
0001500105_Raw02_f_00008.jpg,0001500105_Raw02_f_00008.txt,0001500105,numeric_raw_prefix,val,True,,0
0001500116_Raw02_f_00010.jpg,0001500116_Raw02_f_00010.txt,0001500116,numeric_raw_prefix,train,True,,0
0001500116_Raw13_f_00002.jpg,0001500116_Raw13_f_00002.txt,0001500116,numeric_raw_prefix,train,True,,0
0001500122_Raw01_f_00001.jpg,0001500122_Raw01_f_00001.txt,0001500122,numeric_raw_prefix,train,True,,0
0001500123_Raw03_f_00008.jpg,0001500123_Raw03_f_00008.txt,0001500123,numeric_raw_prefix,train,True,,0
0001500124_Raw02_f_00007.jpg,0001500124_Raw02_f_00007.txt,0001500124,numeric_raw_prefix,train,True,,0
0001500124_Raw03_f_00007.jpg,0001500124_Raw03_f_00007.txt,0001500124,numeric_raw_prefix,train,True,,0
0001500124_Raw13_f_00001.jpg,0001500124_Raw13_f_00001.txt,0001500124,numeric_raw_prefix,train,True,,0
0001500127_Raw00_f_00008.jpg,0001500127_Raw00_f_00008.txt,0001500127,numeric_raw_prefix,train,True,,0
0001500128_Raw13_f_00001.jpg,0001500128_Raw13_f_00001.txt,0001500128,numeric_raw_prefix,train,True,,0
0001500133_Raw01_f_00006.jpg,0001500133_Raw01_f_00006.txt,0001500133,numeric_raw_prefix,val,True,,0
0001500133_Raw13_f_00007.jpg,0001500133_Raw13_f_00007.txt,0001500133,numeric_raw_prefix,val,True,,0
0001500135_Raw13_f_00004.jpg,0001500135_Raw13_f_00004.txt,0001500135,numeric_raw_prefix,train,True,,0
0001500136_Raw00_f_00007.jpg,0001500136_Raw00_f_00007.txt,0001500136,numeric_raw_prefix,train,True,,0
0001500139_Raw12_f_00001.jpg,0001500139_Raw12_f_00001.txt,0001500139,numeric_raw_prefix,train,True,,0
0001500139_Raw13_f_00002.jpg,0001500139_Raw13_f_00002.txt,0001500139,numeric_raw_prefix,train,True,,0
0001500141_Raw01_f_00010.jpg,0001500141_Raw01_f_00010.txt,0001500141,numeric_raw_prefix,train,True,,0
0001500141_Raw13_f_00006.jpg,0001500141_Raw13_f_00006.txt,0001500141,numeric_raw_prefix,train,True,,0
0001500143_Raw00_f_00001.jpg,0001500143_Raw00_f_00001.txt,0001500143,numeric_raw_prefix,train,True,,0
0001500144_Raw00_f_00010.jpg,0001500144_Raw00_f_00010.txt,0001500144,numeric_raw_prefix,train,True,,0
0001500151_Raw02_f_00007.jpg,0001500151_Raw02_f_00007.txt,0001500151,numeric_raw_prefix,train,True,,0
0001500151_Raw03_f_00003.jpg,0001500151_Raw03_f_00003.txt,0001500151,numeric_raw_prefix,train,True,,0
0001500151_Raw03_f_00005.jpg,0001500151_Raw03_f_00005.txt,0001500151,numeric_raw_prefix,train,True,,0
0001500151_Raw03_f_00007.jpg,0001500151_Raw03_f_00007.txt,0001500151,numeric_raw_prefix,train,True,,0
0001500152_Raw01_f_00003.jpg,0001500152_Raw01_f_00003.txt,0001500152,numeric_raw_prefix,train,True,,0
0001500152_Raw02_f_00004.jpg,0001500152_Raw02_f_00004.txt,0001500152,numeric_raw_prefix,train,True,,0
0001500152_Raw02_f_00007.jpg,0001500152_Raw02_f_00007.txt,0001500152,numeric_raw_prefix,train,True,,0
0001500152_Raw03_f_00002.jpg,0001500152_Raw03_f_00002.txt,0001500152,numeric_raw_prefix,train,True,,0
0001500152_Raw03_f_00003.jpg,0001500152_Raw03_f_00003.txt,0001500152,numeric_raw_prefix,train,True,,0
0001500152_Raw03_f_00004.jpg,0001500152_Raw03_f_00004.txt,0001500152,numeric_raw_prefix,train,True,,0
0001500152_Raw10_f_00006.jpg,0001500152_Raw10_f_00006.txt,0001500152,numeric_raw_prefix,train,True,,0
0001500153_Raw00_f_00005.jpg,0001500153_Raw00_f_00005.txt,0001500153,numeric_raw_prefix,train,True,,0
0001500153_Raw01_f_00007.jpg,0001500153_Raw01_f_00007.txt,0001500153,numeric_raw_prefix,train,True,,0
0001500153_Raw01_f_00009.jpg,0001500153_Raw01_f_00009.txt,0001500153,numeric_raw_prefix,train,True,,0
0001500153_Raw03_f_00007.jpg,0001500153_Raw03_f_00007.txt,0001500153,numeric_raw_prefix,train,True,,0
0001500153_Raw03_f_00009.jpg,0001500153_Raw03_f_00009.txt,0001500153,numeric_raw_prefix,train,True,,0
0001500154_Raw03_f_00008.jpg,0001500154_Raw03_f_00008.txt,0001500154,numeric_raw_prefix,train,True,,0
0001500155_Raw00_f_00007.jpg,0001500155_Raw00_f_00007.txt,0001500155,numeric_raw_prefix,train,True,,0
0001500155_Raw01_f_00008.jpg,0001500155_Raw01_f_00008.txt,0001500155,numeric_raw_prefix,train,True,,0
0001500155_Raw02_f_00008.jpg,0001500155_Raw02_f_00008.txt,0001500155,numeric_raw_prefix,train,True,,0
0001500155_Raw02_f_00009.jpg,0001500155_Raw02_f_00009.txt,0001500155,numeric_raw_prefix,train,True,,0
0001500155_Raw03_f_00006.jpg,0001500155_Raw03_f_00006.txt,0001500155,numeric_raw_prefix,train,True,,0
0001500155_Raw03_f_00008.jpg,0001500155_Raw03_f_00008.txt,0001500155,numeric_raw_prefix,train,True,,0
0001500155_Raw11_f_00008.jpg,0001500155_Raw11_f_00008.txt,0001500155,numeric_raw_prefix,train,True,,0
0001500155_Raw12_f_00008.jpg,0001500155_Raw12_f_00008.txt,0001500155,numeric_raw_prefix,train,True,,0
0001500160_Raw00_f_00011.jpg,0001500160_Raw00_f_00011.txt,0001500160,numeric_raw_prefix,train,True,,0
0001500163_Raw01_f_00008.jpg,0001500163_Raw01_f_00008.txt,0001500163,numeric_raw_prefix,train,True,,0
0001500163_Raw01_f_00009.jpg,0001500163_Raw01_f_00009.txt,0001500163,numeric_raw_prefix,train,True,,0
0001500163_Raw03_f_00006.jpg,0001500163_Raw03_f_00006.txt,0001500163,numeric_raw_prefix,train,True,,0
0001500163_Raw03_f_00007.jpg,0001500163_Raw03_f_00007.txt,0001500163,numeric_raw_prefix,train,True,,0
0001500163_Raw12_f_00008.jpg,0001500163_Raw12_f_00008.txt,0001500163,numeric_raw_prefix,train,True,,0
0001500164_Raw01_f_00003.jpg,0001500164_Raw01_f_00003.txt,0001500164,numeric_raw_prefix,train,True,,0
0001500164_Raw02_f_00005.jpg,0001500164_Raw02_f_00005.txt,0001500164,numeric_raw_prefix,train,True,,0
0001500164_Raw03_f_00001.jpg,0001500164_Raw03_f_00001.txt,0001500164,numeric_raw_prefix,train,True,,0
0001500164_Raw03_f_00002.jpg,0001500164_Raw03_f_00002.txt,0001500164,numeric_raw_prefix,train,True,,0
0001500164_Raw03_f_00004.jpg,0001500164_Raw03_f_00004.txt,0001500164,numeric_raw_prefix,train,True,,0
0001500164_Raw03_f_00005.jpg,0001500164_Raw03_f_00005.txt,0001500164,numeric_raw_prefix,train,True,,0
0001500164_Raw13_f_00002.jpg,0001500164_Raw13_f_00002.txt,0001500164,numeric_raw_prefix,train,True,,0
0001500165_Raw00_f_00003.jpg,0001500165_Raw00_f_00003.txt,0001500165,numeric_raw_prefix,train,True,,0
0001500165_Raw00_f_00005.jpg,0001500165_Raw00_f_00005.txt,0001500165,numeric_raw_prefix,train,True,,0
0001500166_Raw03_f_00008.jpg,0001500166_Raw03_f_00008.txt,0001500166,numeric_raw_prefix,train,True,,0
0001500168_Raw00_f_00008.jpg,0001500168_Raw00_f_00008.txt,0001500168,numeric_raw_prefix,train,True,,0
0001500168_Raw03_f_00005.jpg,0001500168_Raw03_f_00005.txt,0001500168,numeric_raw_prefix,train,True,,0
0001500168_Raw03_f_00007.jpg,0001500168_Raw03_f_00007.txt,0001500168,numeric_raw_prefix,train,True,,0
0001500168_Raw03_f_00008.jpg,0001500168_Raw03_f_00008.txt,0001500168,numeric_raw_prefix,train,True,,0
0001500169_Raw13_f_00007.jpg,0001500169_Raw13_f_00007.txt,0001500169,numeric_raw_prefix,train,True,,0
0001500170_Raw00_f_00005.jpg,0001500170_Raw00_f_00005.txt,0001500170,numeric_raw_prefix,train,True,,0
0001500174_Raw00_f_00007.jpg,0001500174_Raw00_f_00007.txt,0001500174,numeric_raw_prefix,train,True,,0
0001500174_Raw02_f_00003.jpg,0001500174_Raw02_f_00003.txt,0001500174,numeric_raw_prefix,train,False,yanghuatiepi,1
0001500174_Raw03_f_00002.jpg,0001500174_Raw03_f_00002.txt,0001500174,numeric_raw_prefix,train,True,,0
0001500183_Raw00_f_00001.jpg,0001500183_Raw00_f_00001.txt,0001500183,numeric_raw_prefix,train,False,jieba,3
0001500186_Raw03_f_00010.jpg,0001500186_Raw03_f_00010.txt,0001500186,numeric_raw_prefix,train,False,"jieba,yanghuatiepi",4
0001500189_Raw0_f_00006.jpg,0001500189_Raw0_f_00006.txt,0001500189,numeric_raw_prefix,train,False,yiwuyaru,1
0001500191_Raw02_f_00007.jpg,0001500191_Raw02_f_00007.txt,0001500191,numeric_raw_prefix,val,False,yiwuyaru,1
0001500191_Raw03_f_00008.jpg,0001500191_Raw03_f_00008.txt,0001500191,numeric_raw_prefix,val,False,yiwuyaru,1
0001500198_Raw02_f_00007.jpg,0001500198_Raw02_f_00007.txt,0001500198,numeric_raw_prefix,train,False,jieba,10
0001500198_Raw03_f_00007.jpg,0001500198_Raw03_f_00007.txt,0001500198,numeric_raw_prefix,train,False,"jieba,yanghuatiepi,yiwuyaru",3
0001500199_Raw01_f_00001.jpg,0001500199_Raw01_f_00001.txt,0001500199,numeric_raw_prefix,val,False,yiwuyaru,1
0001500201_Raw01_f_00006.jpg,0001500201_Raw01_f_00006.txt,0001500201,numeric_raw_prefix,train,False,yiwuyaru,1
0001500453_Raw13_f_00001.jpg,0001500453_Raw13_f_00001.txt,0001500453,numeric_raw_prefix,train,False,jieba,1
0001500590_Raw00_f_00001.jpg,0001500590_Raw00_f_00001.txt,0001500590,numeric_raw_prefix,train,False,yiwuyaru,1
0001500698_Raw03_f_00010.jpg,0001500698_Raw03_f_00010.txt,0001500698,numeric_raw_prefix,train,False,yiwuyaru,1
0001501098_Raw03_f_00008.jpg,0001501098_Raw03_f_00008.txt,0001501098,numeric_raw_prefix,train,False,yanghuatiepi,1
0001501270_Raw00_f_00008.jpg,0001501270_Raw00_f_00008.txt,0001501270,numeric_raw_prefix,train,True,,0
0001501272_Raw02_f_00003.jpg,0001501272_Raw02_f_00003.txt,0001501272,numeric_raw_prefix,train,True,,0
0001501453_Raw00_f_00001.jpg,0001501453_Raw00_f_00001.txt,0001501453,numeric_raw_prefix,train,True,,0
0001501495_Raw01_f_00001.jpg,0001501495_Raw01_f_00001.txt,0001501495,numeric_raw_prefix,train,False,yanghuatiepi,1
0001501744_Raw02_f_00001.jpg,0001501744_Raw02_f_00001.txt,0001501744,numeric_raw_prefix,train,True,,0
0001501761_Raw00_f_00002.jpg,0001501761_Raw00_f_00002.txt,0001501761,numeric_raw_prefix,train,False,yanghuatiepi,1
0001501828_Raw00_f_00004.jpg,0001501828_Raw00_f_00004.txt,0001501828,numeric_raw_prefix,train,False,yanghuatiepi,1
0001501989_Raw02_f_00006.jpg,0001501989_Raw02_f_00006.txt,0001501989,numeric_raw_prefix,train,False,yanghuatiepi,1
0001502029_Raw01_f_00008.jpg,0001502029_Raw01_f_00008.txt,0001502029,numeric_raw_prefix,train,False,yiwuyaru,1
0001502056_Raw13_f_00008.jpg,0001502056_Raw13_f_00008.txt,0001502056,numeric_raw_prefix,train,False,yiwuyaru,1
0001502505_Raw01_f_00005.jpg,0001502505_Raw01_f_00005.txt,0001502505,numeric_raw_prefix,train,False,yanghuatiepi,1
0001502549_Raw01_f_00006.jpg,0001502549_Raw01_f_00006.txt,0001502549,numeric_raw_prefix,train,False,jiaza,1
0001502581_Raw02_f_00009.jpg,0001502581_Raw02_f_00009.txt,0001502581,numeric_raw_prefix,train,False,jieba,1
0001502877_Raw02_f_00002.jpg,0001502877_Raw02_f_00002.txt,0001502877,numeric_raw_prefix,train,False,yanghuatiepi,1
0001502888_Raw02_f_00003.jpg,0001502888_Raw02_f_00003.txt,0001502888,numeric_raw_prefix,train,True,,0
0001502905_Raw03_f_00014.jpg,0001502905_Raw03_f_00014.txt,0001502905,numeric_raw_prefix,train,False,yiwuyaru,1
0001502974_Raw02_f_00009.jpg,0001502974_Raw02_f_00009.txt,0001502974,numeric_raw_prefix,train,True,,0
0001503024_Raw01_f_00011.jpg,0001503024_Raw01_f_00011.txt,0001503024,numeric_raw_prefix,train,False,yanghuatiepi,1
0001503160_Raw01_f_00006.jpg,0001503160_Raw01_f_00006.txt,0001503160,numeric_raw_prefix,train,False,mamianmakeng,1
0001503631_Raw02_f_00010.jpg,0001503631_Raw02_f_00010.txt,0001503631,numeric_raw_prefix,train,False,jiaza,1
0001503645_Raw00_f_00000.jpg,0001503645_Raw00_f_00000.txt,0001503645,numeric_raw_prefix,train,False,jiaza,1
0001504083_Raw00_f_00008.jpg,0001504083_Raw00_f_00008.txt,0001504083,numeric_raw_prefix,train,False,yiwuyaru,2
0001504212_Raw01_f_00014.jpg,0001504212_Raw01_f_00014.txt,0001504212,numeric_raw_prefix,train,False,yanghuatiepi,1
0001505245_Raw00_f_00003.jpg,0001505245_Raw00_f_00003.txt,0001505245,numeric_raw_prefix,train,False,yiwuyaru,1
0001506150_Raw02_f_00007.jpg,0001506150_Raw02_f_00007.txt,0001506150,numeric_raw_prefix,train,False,yanghuatiepi,1
0001506151_Raw02_f_00004.jpg,0001506151_Raw02_f_00004.txt,0001506151,numeric_raw_prefix,train,False,yanghuatiepi,1
0001506159_Raw02_f_00012.jpg,0001506159_Raw02_f_00012.txt,0001506159,numeric_raw_prefix,train,False,yanghuatiepi,1
0001506161_Raw03_f_00002.jpg,0001506161_Raw03_f_00002.txt,0001506161,numeric_raw_prefix,train,False,yanghuatiepi,1
0001506162_Raw03_f_00004.jpg,0001506162_Raw03_f_00004.txt,0001506162,numeric_raw_prefix,train,False,yanghuatiepi,1
0001506189_Raw01_f_00001.jpg,0001506189_Raw01_f_00001.txt,0001506189,numeric_raw_prefix,train,False,yanghuatiepi,1
0001506217_Raw02_f_00004.jpg,0001506217_Raw02_f_00004.txt,0001506217,numeric_raw_prefix,val,False,yanghuatiepi,1
0001506220_Raw03_f_00007.jpg,0001506220_Raw03_f_00007.txt,0001506220,numeric_raw_prefix,train,False,yanghuatiepi,1
0001506239_Raw02_f_00001.jpg,0001506239_Raw02_f_00001.txt,0001506239,numeric_raw_prefix,train,False,yanghuatiepi,1
0001506247_Raw01_f_00004.jpg,0001506247_Raw01_f_00004.txt,0001506247,numeric_raw_prefix,val,False,yanghuatiepi,1
0001506254_Raw02_f_00003.jpg,0001506254_Raw02_f_00003.txt,0001506254,numeric_raw_prefix,train,False,yanghuatiepi,1
0001506266_Raw01_f_00004.jpg,0001506266_Raw01_f_00004.txt,0001506266,numeric_raw_prefix,train,False,yanghuatiepi,1
0001507084_Raw00_f_00002.jpg,0001507084_Raw00_f_00002.txt,0001507084,numeric_raw_prefix,val,False,yanghuatiepi,1
0001507084_Raw01_f_00000.jpg,0001507084_Raw01_f_00000.txt,0001507084,numeric_raw_prefix,val,False,yanghuatiepi,1
0001507084_Raw01_f_00001.jpg,0001507084_Raw01_f_00001.txt,0001507084,numeric_raw_prefix,val,False,yanghuatiepi,1
0001507084_Raw03_f_00004.jpg,0001507084_Raw03_f_00004.txt,0001507084,numeric_raw_prefix,val,False,yanghuatiepi,1
0001507157_Raw00_f_00003.jpg,0001507157_Raw00_f_00003.txt,0001507157,numeric_raw_prefix,val,False,yanghuatiepi,1
0001507157_Raw00_f_00004.jpg,0001507157_Raw00_f_00004.txt,0001507157,numeric_raw_prefix,val,False,yanghuatiepi,1
0001507157_Raw00_f_00005.jpg,0001507157_Raw00_f_00005.txt,0001507157,numeric_raw_prefix,val,False,yanghuatiepi,1
0001507157_Raw01_f_00001.jpg,0001507157_Raw01_f_00001.txt,0001507157,numeric_raw_prefix,val,False,yanghuatiepi,2
0001507157_Raw01_f_00003.jpg,0001507157_Raw01_f_00003.txt,0001507157,numeric_raw_prefix,val,False,yanghuatiepi,3
0001507157_Raw01_f_00005.jpg,0001507157_Raw01_f_00005.txt,0001507157,numeric_raw_prefix,val,False,yanghuatiepi,2
0001507176_Raw02_f_00001.jpg,0001507176_Raw02_f_00001.txt,0001507176,numeric_raw_prefix,train,False,yanghuatiepi,2
0001507176_Raw03_f_00001.jpg,0001507176_Raw03_f_00001.txt,0001507176,numeric_raw_prefix,train,False,yanghuatiepi,1
0001507251_Raw01_f_00003.jpg,0001507251_Raw01_f_00003.txt,0001507251,numeric_raw_prefix,train,False,yanghuatiepi,1
0001507270_Raw03_f_00002.jpg,0001507270_Raw03_f_00002.txt,0001507270,numeric_raw_prefix,train,False,yanghuatiepi,1
0001507282_Raw03_f_00001.jpg,0001507282_Raw03_f_00001.txt,0001507282,numeric_raw_prefix,train,False,yanghuatiepi,1
0001507282_Raw03_f_00002.jpg,0001507282_Raw03_f_00002.txt,0001507282,numeric_raw_prefix,train,False,yanghuatiepi,1
0001507290_Raw03_f_00001.jpg,0001507290_Raw03_f_00001.txt,0001507290,numeric_raw_prefix,train,False,yanghuatiepi,1
0001507290_Raw03_f_00002.jpg,0001507290_Raw03_f_00002.txt,0001507290,numeric_raw_prefix,train,False,yanghuatiepi,1
0001507315_Raw02_f_00002.jpg,0001507315_Raw02_f_00002.txt,0001507315,numeric_raw_prefix,train,False,yanghuatiepi,1
0001507315_Raw02_f_00004.jpg,0001507315_Raw02_f_00004.txt,0001507315,numeric_raw_prefix,train,False,yanghuatiepi,1
0001507356_Raw00_f_00011.jpg,0001507356_Raw00_f_00011.txt,0001507356,numeric_raw_prefix,val,False,yanghuatiepi,1
0001507356_Raw01_f_00003.jpg,0001507356_Raw01_f_00003.txt,0001507356,numeric_raw_prefix,val,False,yanghuatiepi,1
0001507356_Raw03_f_00004.jpg,0001507356_Raw03_f_00004.txt,0001507356,numeric_raw_prefix,val,False,yanghuatiepi,1
0001507564_Raw00_f_00004.jpg,0001507564_Raw00_f_00004.txt,0001507564,numeric_raw_prefix,train,False,yanghuatiepi,1
0001507564_Raw00_f_00008.jpg,0001507564_Raw00_f_00008.txt,0001507564,numeric_raw_prefix,train,False,yanghuatiepi,1
0001507603_Raw03_f_00001.jpg,0001507603_Raw03_f_00001.txt,0001507603,numeric_raw_prefix,train,False,yanghuatiepi,1
0001507726_Raw00_f_00005.jpg,0001507726_Raw00_f_00005.txt,0001507726,numeric_raw_prefix,train,False,yanghuatiepi,2
0001508067_Raw02_f_00009.jpg,0001508067_Raw02_f_00009.txt,0001508067,numeric_raw_prefix,train,False,yanghuatiepi,1
0001508282_Raw00_f_00001.jpg,0001508282_Raw00_f_00001.txt,0001508282,numeric_raw_prefix,train,False,yanghuatiepi,1
0001508329_Raw01_f_00001.jpg,0001508329_Raw01_f_00001.txt,0001508329,numeric_raw_prefix,train,False,yanghuatiepi,1
0001508329_Raw01_f_00003.jpg,0001508329_Raw01_f_00003.txt,0001508329,numeric_raw_prefix,train,False,yanghuatiepi,1
0001508413_Raw01_f_00006.jpg,0001508413_Raw01_f_00006.txt,0001508413,numeric_raw_prefix,train,False,yanghuatiepi,1
0001508733_Raw00_f_00011.jpg,0001508733_Raw00_f_00011.txt,0001508733,numeric_raw_prefix,train,True,,0
0001508733_Raw13_f_00014.jpg,0001508733_Raw13_f_00014.txt,0001508733,numeric_raw_prefix,train,True,,0
0001508734_Raw00_f_00003.jpg,0001508734_Raw00_f_00003.txt,0001508734,numeric_raw_prefix,train,True,,0
0001508734_Raw13_f_00013.jpg,0001508734_Raw13_f_00013.txt,0001508734,numeric_raw_prefix,train,True,,0
0001508737_Raw01_f_00003.jpg,0001508737_Raw01_f_00003.txt,0001508737,numeric_raw_prefix,train,True,,0
0001508739_Raw01_f_00001.jpg,0001508739_Raw01_f_00001.txt,0001508739,numeric_raw_prefix,train,False,yanghuatiepi,1
0001508739_Raw02_f_00002.jpg,0001508739_Raw02_f_00002.txt,0001508739,numeric_raw_prefix,train,False,yanghuatiepi,1
0001508740_Raw01_f_00002.jpg,0001508740_Raw01_f_00002.txt,0001508740,numeric_raw_prefix,train,True,,0
0001508740_Raw01_f_00003.jpg,0001508740_Raw01_f_00003.txt,0001508740,numeric_raw_prefix,train,True,,0
0001508740_Raw01_f_00004.jpg,0001508740_Raw01_f_00004.txt,0001508740,numeric_raw_prefix,train,True,,0
0001508741_Raw01_f_00005.jpg,0001508741_Raw01_f_00005.txt,0001508741,numeric_raw_prefix,train,True,,0
0001508743_Raw02_f_00007.jpg,0001508743_Raw02_f_00007.txt,0001508743,numeric_raw_prefix,train,False,yanghuatiepi,1
0001508745_Raw01_f_00002.jpg,0001508745_Raw01_f_00002.txt,0001508745,numeric_raw_prefix,train,False,yanghuatiepi,1
0001508745_Raw02_f_00007.jpg,0001508745_Raw02_f_00007.txt,0001508745,numeric_raw_prefix,train,False,yanghuatiepi,1
0001508746_Raw01_f_00002.jpg,0001508746_Raw01_f_00002.txt,0001508746,numeric_raw_prefix,train,False,yanghuatiepi,1
0001508746_Raw01_f_00003.jpg,0001508746_Raw01_f_00003.txt,0001508746,numeric_raw_prefix,train,True,,0
0001508746_Raw01_f_00004.jpg,0001508746_Raw01_f_00004.txt,0001508746,numeric_raw_prefix,train,True,,0
0001508746_Raw02_f_00001.jpg,0001508746_Raw02_f_00001.txt,0001508746,numeric_raw_prefix,train,False,yanghuatiepi,1
0001508746_Raw02_f_00008.jpg,0001508746_Raw02_f_00008.txt,0001508746,numeric_raw_prefix,train,True,,0
0001508759_Raw01_f_00007.jpg,0001508759_Raw01_f_00007.txt,0001508759,numeric_raw_prefix,train,True,,0
0001508760_Raw02_f_00001.jpg,0001508760_Raw02_f_00001.txt,0001508760,numeric_raw_prefix,train,False,yanghuatiepi,1
0001508762_Raw02_f_00008.jpg,0001508762_Raw02_f_00008.txt,0001508762,numeric_raw_prefix,train,True,,0
0001508766_Raw00_f_00011.jpg,0001508766_Raw00_f_00011.txt,0001508766,numeric_raw_prefix,train,True,,0
0001508766_Raw02_f_00001.jpg,0001508766_Raw02_f_00001.txt,0001508766,numeric_raw_prefix,train,False,yanghuatiepi,1
0001508767_Raw00_f_00006.jpg,0001508767_Raw00_f_00006.txt,0001508767,numeric_raw_prefix,train,True,,0
0001508767_Raw00_f_00010.jpg,0001508767_Raw00_f_00010.txt,0001508767,numeric_raw_prefix,train,True,,0
0001508767_Raw00_f_00013.jpg,0001508767_Raw00_f_00013.txt,0001508767,numeric_raw_prefix,train,True,,0
0001508767_Raw01_f_00004.jpg,0001508767_Raw01_f_00004.txt,0001508767,numeric_raw_prefix,train,True,,0
0001508767_Raw01_f_00011.jpg,0001508767_Raw01_f_00011.txt,0001508767,numeric_raw_prefix,train,True,,0
0001508767_Raw01_f_00013.jpg,0001508767_Raw01_f_00013.txt,0001508767,numeric_raw_prefix,train,True,,0
0001508767_Raw01_f_00014.jpg,0001508767_Raw01_f_00014.txt,0001508767,numeric_raw_prefix,train,True,,0
0001508771_Raw00_f_00001.jpg,0001508771_Raw00_f_00001.txt,0001508771,numeric_raw_prefix,train,True,,0
0001508771_Raw13_f_00002.jpg,0001508771_Raw13_f_00002.txt,0001508771,numeric_raw_prefix,train,True,,0
0001508772_Raw01_f_00002.jpg,0001508772_Raw01_f_00002.txt,0001508772,numeric_raw_prefix,train,True,,0
0001508772_Raw01_f_00003.jpg,0001508772_Raw01_f_00003.txt,0001508772,numeric_raw_prefix,train,True,,0
0001508772_Raw02_f_00001.jpg,0001508772_Raw02_f_00001.txt,0001508772,numeric_raw_prefix,train,True,,0
0001508776_Raw00_f_00001.jpg,0001508776_Raw00_f_00001.txt,0001508776,numeric_raw_prefix,val,True,,0
0001508776_Raw01_f_00005.jpg,0001508776_Raw01_f_00005.txt,0001508776,numeric_raw_prefix,val,True,,0
0001508776_Raw13_f_00002.jpg,0001508776_Raw13_f_00002.txt,0001508776,numeric_raw_prefix,val,True,,0
0001508777_Raw01_f_00002.jpg,0001508777_Raw01_f_00002.txt,0001508777,numeric_raw_prefix,train,True,,0
0001508777_Raw01_f_00003.jpg,0001508777_Raw01_f_00003.txt,0001508777,numeric_raw_prefix,train,True,,0
0001508777_Raw12_f_00006.jpg,0001508777_Raw12_f_00006.txt,0001508777,numeric_raw_prefix,train,True,,0
0001508778_Raw01_f_00003.jpg,0001508778_Raw01_f_00003.txt,0001508778,numeric_raw_prefix,train,True,,0
0001508778_Raw02_f_00003.jpg,0001508778_Raw02_f_00003.txt,0001508778,numeric_raw_prefix,train,True,,0
0001508778_Raw02_f_00005.jpg,0001508778_Raw02_f_00005.txt,0001508778,numeric_raw_prefix,train,True,,0
0001508779_Raw01_f_00007.jpg,0001508779_Raw01_f_00007.txt,0001508779,numeric_raw_prefix,val,True,,0
0001508779_Raw01_f_00010.jpg,0001508779_Raw01_f_00010.txt,0001508779,numeric_raw_prefix,val,True,,0
0001508782_Raw00_f_00004.jpg,0001508782_Raw00_f_00004.txt,0001508782,numeric_raw_prefix,train,True,,0
0001508782_Raw01_f_00004.jpg,0001508782_Raw01_f_00004.txt,0001508782,numeric_raw_prefix,train,True,,0
0001508782_Raw01_f_00006.jpg,0001508782_Raw01_f_00006.txt,0001508782,numeric_raw_prefix,train,True,,0
0001508782_Raw01_f_00007.jpg,0001508782_Raw01_f_00007.txt,0001508782,numeric_raw_prefix,train,True,,0
0001508782_Raw01_f_00008.jpg,0001508782_Raw01_f_00008.txt,0001508782,numeric_raw_prefix,train,True,,0
0001508782_Raw01_f_00009.jpg,0001508782_Raw01_f_00009.txt,0001508782,numeric_raw_prefix,train,True,,0
0001508782_Raw01_f_00040.jpg,0001508782_Raw01_f_00040.txt,0001508782,numeric_raw_prefix,train,True,,0
0001508782_Raw01_f_00041.jpg,0001508782_Raw01_f_00041.txt,0001508782,numeric_raw_prefix,train,True,,0
0001508782_Raw02_f_00002.jpg,0001508782_Raw02_f_00002.txt,0001508782,numeric_raw_prefix,train,True,,0
0001508782_Raw02_f_00040.jpg,0001508782_Raw02_f_00040.txt,0001508782,numeric_raw_prefix,train,True,,0
0001508782_Raw03_f_00038.jpg,0001508782_Raw03_f_00038.txt,0001508782,numeric_raw_prefix,train,True,,0
0001508782_Raw03_f_00040.jpg,0001508782_Raw03_f_00040.txt,0001508782,numeric_raw_prefix,train,True,,0
0001508784_Raw01_f_00002.jpg,0001508784_Raw01_f_00002.txt,0001508784,numeric_raw_prefix,train,True,,0
0001508784_Raw01_f_00003.jpg,0001508784_Raw01_f_00003.txt,0001508784,numeric_raw_prefix,train,True,,0
0001508785_Raw01_f_00007.jpg,0001508785_Raw01_f_00007.txt,0001508785,numeric_raw_prefix,train,True,,0
0001508785_Raw02_f_00007.jpg,0001508785_Raw02_f_00007.txt,0001508785,numeric_raw_prefix,train,True,,0
0001508785_Raw02_f_00015.jpg,0001508785_Raw02_f_00015.txt,0001508785,numeric_raw_prefix,train,True,,0
0001508786_Raw00_f_00010.jpg,0001508786_Raw00_f_00010.txt,0001508786,numeric_raw_prefix,val,True,,0
0001508786_Raw01_f_00007.jpg,0001508786_Raw01_f_00007.txt,0001508786,numeric_raw_prefix,val,True,,0
0001508788_Raw01_f_00002.jpg,0001508788_Raw01_f_00002.txt,0001508788,numeric_raw_prefix,train,True,,0
0001508788_Raw02_f_00005.jpg,0001508788_Raw02_f_00005.txt,0001508788,numeric_raw_prefix,train,True,,0
0001508789_Raw00_f_00001.jpg,0001508789_Raw00_f_00001.txt,0001508789,numeric_raw_prefix,train,True,,0
0001508789_Raw01_f_00007.jpg,0001508789_Raw01_f_00007.txt,0001508789,numeric_raw_prefix,train,True,,0
0001508790_Raw01_f_00009.jpg,0001508790_Raw01_f_00009.txt,0001508790,numeric_raw_prefix,train,True,,0
0001508790_Raw01_f_00014.jpg,0001508790_Raw01_f_00014.txt,0001508790,numeric_raw_prefix,train,True,,0
0001508790_Raw13_f_00002.jpg,0001508790_Raw13_f_00002.txt,0001508790,numeric_raw_prefix,train,True,,0
0001508792_Raw01_f_00009.jpg,0001508792_Raw01_f_00009.txt,0001508792,numeric_raw_prefix,val,True,,0
0001508792_Raw13_f_00004.jpg,0001508792_Raw13_f_00004.txt,0001508792,numeric_raw_prefix,val,True,,0
0001508794_Raw02_f_00003.jpg,0001508794_Raw02_f_00003.txt,0001508794,numeric_raw_prefix,train,True,,0
0001508794_Raw02_f_00006.jpg,0001508794_Raw02_f_00006.txt,0001508794,numeric_raw_prefix,train,True,,0
0001508795_Raw00_f_00006.jpg,0001508795_Raw00_f_00006.txt,0001508795,numeric_raw_prefix,train,True,,0
0001508795_Raw01_f_00005.jpg,0001508795_Raw01_f_00005.txt,0001508795,numeric_raw_prefix,train,True,,0
0001508795_Raw01_f_00006.jpg,0001508795_Raw01_f_00006.txt,0001508795,numeric_raw_prefix,train,True,,0
0001508795_Raw01_f_00007.jpg,0001508795_Raw01_f_00007.txt,0001508795,numeric_raw_prefix,train,True,,0
0001508795_Raw02_f_00005.jpg,0001508795_Raw02_f_00005.txt,0001508795,numeric_raw_prefix,train,True,,0
0001508795_Raw02_f_00006.jpg,0001508795_Raw02_f_00006.txt,0001508795,numeric_raw_prefix,train,True,,0
0001508795_Raw02_f_00007.jpg,0001508795_Raw02_f_00007.txt,0001508795,numeric_raw_prefix,train,True,,0
0001508796_Raw00_f_00000.jpg,0001508796_Raw00_f_00000.txt,0001508796,numeric_raw_prefix,train,True,,0
0001508800_Raw01_f_00003.jpg,0001508800_Raw01_f_00003.txt,0001508800,numeric_raw_prefix,train,True,,0
0001508801_Raw01_f_00003.jpg,0001508801_Raw01_f_00003.txt,0001508801,numeric_raw_prefix,train,True,,0
0001508802_Raw01_f_00002.jpg,0001508802_Raw01_f_00002.txt,0001508802,numeric_raw_prefix,train,True,,0
0001508802_Raw01_f_00003.jpg,0001508802_Raw01_f_00003.txt,0001508802,numeric_raw_prefix,train,True,,0
0001508804_Raw02_f_00002.jpg,0001508804_Raw02_f_00002.txt,0001508804,numeric_raw_prefix,val,True,,0
0001508805_Raw00_f_00007.jpg,0001508805_Raw00_f_00007.txt,0001508805,numeric_raw_prefix,train,True,,0
0001508805_Raw01_f_00006.jpg,0001508805_Raw01_f_00006.txt,0001508805,numeric_raw_prefix,train,True,,0
0001508805_Raw02_f_00006.jpg,0001508805_Raw02_f_00006.txt,0001508805,numeric_raw_prefix,train,True,,0
0001508806_Raw01_f_00003.jpg,0001508806_Raw01_f_00003.txt,0001508806,numeric_raw_prefix,train,True,,0
0001508812_Raw00_f_00008.jpg,0001508812_Raw00_f_00008.txt,0001508812,numeric_raw_prefix,val,True,,0
0001508812_Raw02_f_00001.jpg,0001508812_Raw02_f_00001.txt,0001508812,numeric_raw_prefix,val,True,,0
0001508812_Raw02_f_00008.jpg,0001508812_Raw02_f_00008.txt,0001508812,numeric_raw_prefix,val,True,,0
0001508812_Raw02_f_00010.jpg,0001508812_Raw02_f_00010.txt,0001508812,numeric_raw_prefix,val,True,,0
0001508813_Raw00_f_00004.jpg,0001508813_Raw00_f_00004.txt,0001508813,numeric_raw_prefix,train,True,,0
0001508813_Raw01_f_00011.jpg,0001508813_Raw01_f_00011.txt,0001508813,numeric_raw_prefix,train,True,,0
0001508815_Raw01_f_00003.jpg,0001508815_Raw01_f_00003.txt,0001508815,numeric_raw_prefix,train,True,,0
0001508817_Raw00_f_00001.jpg,0001508817_Raw00_f_00001.txt,0001508817,numeric_raw_prefix,train,True,,0
0001508817_Raw02_f_00001.jpg,0001508817_Raw02_f_00001.txt,0001508817,numeric_raw_prefix,train,True,,0
0001508819_Raw10_f_00001.jpg,0001508819_Raw10_f_00001.txt,0001508819,numeric_raw_prefix,train,True,,0
0001508820_Raw02_f_00005.jpg,0001508820_Raw02_f_00005.txt,0001508820,numeric_raw_prefix,train,True,,0
0001508821_Raw00_f_00010.jpg,0001508821_Raw00_f_00010.txt,0001508821,numeric_raw_prefix,train,True,,0
0001508822_Raw01_f_00008.jpg,0001508822_Raw01_f_00008.txt,0001508822,numeric_raw_prefix,train,True,,0
0001508823_Raw00_f_00010.jpg,0001508823_Raw00_f_00010.txt,0001508823,numeric_raw_prefix,train,True,,0
0001508823_Raw01_f_00001.jpg,0001508823_Raw01_f_00001.txt,0001508823,numeric_raw_prefix,train,True,,0
0001508823_Raw01_f_00007.jpg,0001508823_Raw01_f_00007.txt,0001508823,numeric_raw_prefix,train,True,,0
0001508823_Raw01_f_00010.jpg,0001508823_Raw01_f_00010.txt,0001508823,numeric_raw_prefix,train,True,,0
0001508823_Raw02_f_00001.jpg,0001508823_Raw02_f_00001.txt,0001508823,numeric_raw_prefix,train,True,,0
0001508823_Raw02_f_00006.jpg,0001508823_Raw02_f_00006.txt,0001508823,numeric_raw_prefix,train,True,,0
0001508823_Raw02_f_00009.jpg,0001508823_Raw02_f_00009.txt,0001508823,numeric_raw_prefix,train,True,,0
0001508823_Raw02_f_00010.jpg,0001508823_Raw02_f_00010.txt,0001508823,numeric_raw_prefix,train,True,,0
0001508823_Raw02_f_00011.jpg,0001508823_Raw02_f_00011.txt,0001508823,numeric_raw_prefix,train,True,,0
0001508823_Raw13_f_00009.jpg,0001508823_Raw13_f_00009.txt,0001508823,numeric_raw_prefix,train,True,,0
0001508836_Raw01_f_00001.jpg,0001508836_Raw01_f_00001.txt,0001508836,numeric_raw_prefix,val,False,yanghuatiepi,1
0001508838_Raw00_f_00000.jpg,0001508838_Raw00_f_00000.txt,0001508838,numeric_raw_prefix,train,True,,0
0001508839_Raw00_f_00000.jpg,0001508839_Raw00_f_00000.txt,0001508839,numeric_raw_prefix,train,True,,0
0001508842_Raw00_f_00001.jpg,0001508842_Raw00_f_00001.txt,0001508842,numeric_raw_prefix,train,True,,0
0001508858_Raw01_f_00009.jpg,0001508858_Raw01_f_00009.txt,0001508858,numeric_raw_prefix,train,True,,0
0001508859_Raw02_f_00008.jpg,0001508859_Raw02_f_00008.txt,0001508859,numeric_raw_prefix,train,True,,0
0001508867_Raw01_f_00007.jpg,0001508867_Raw01_f_00007.txt,0001508867,numeric_raw_prefix,train,True,,0
0001508867_Raw02_f_00004.jpg,0001508867_Raw02_f_00004.txt,0001508867,numeric_raw_prefix,train,True,,0
0001508873_Raw00_f_00008.jpg,0001508873_Raw00_f_00008.txt,0001508873,numeric_raw_prefix,train,True,,0
0001508878_Raw13_f_00010.jpg,0001508878_Raw13_f_00010.txt,0001508878,numeric_raw_prefix,val,True,,0
0001508879_Raw03_f_00011.jpg,0001508879_Raw03_f_00011.txt,0001508879,numeric_raw_prefix,train,True,,0
0001508879_Raw13_f_00000.jpg,0001508879_Raw13_f_00000.txt,0001508879,numeric_raw_prefix,train,True,,0
0001508879_Raw13_f_00005.jpg,0001508879_Raw13_f_00005.txt,0001508879,numeric_raw_prefix,train,True,,0
0001508880_Raw01_f_00008.jpg,0001508880_Raw01_f_00008.txt,0001508880,numeric_raw_prefix,train,True,,0
0001508880_Raw03_f_00002.jpg,0001508880_Raw03_f_00002.txt,0001508880,numeric_raw_prefix,train,True,,0
0001508881_Raw00_f_00004.jpg,0001508881_Raw00_f_00004.txt,0001508881,numeric_raw_prefix,train,True,,0
0001508881_Raw00_f_00007.jpg,0001508881_Raw00_f_00007.txt,0001508881,numeric_raw_prefix,train,True,,0
0001508881_Raw01_f_00001.jpg,0001508881_Raw01_f_00001.txt,0001508881,numeric_raw_prefix,train,True,,0
0001508881_Raw01_f_00008.jpg,0001508881_Raw01_f_00008.txt,0001508881,numeric_raw_prefix,train,True,,0
0001508883_Raw00_f_00004.jpg,0001508883_Raw00_f_00004.txt,0001508883,numeric_raw_prefix,train,False,yanghuatiepi,1
0001508884_Raw00_f_00009.jpg,0001508884_Raw00_f_00009.txt,0001508884,numeric_raw_prefix,train,True,,0
0001508886_Raw01_f_00010.jpg,0001508886_Raw01_f_00010.txt,0001508886,numeric_raw_prefix,train,True,,0
0001508887_Raw00_f_00001.jpg,0001508887_Raw00_f_00001.txt,0001508887,numeric_raw_prefix,train,True,,0
0001508888_Raw01_f_00000.jpg,0001508888_Raw01_f_00000.txt,0001508888,numeric_raw_prefix,val,True,,0
0001508888_Raw02_f_00001.jpg,0001508888_Raw02_f_00001.txt,0001508888,numeric_raw_prefix,val,True,,0
0001508888_Raw03_f_00001.jpg,0001508888_Raw03_f_00001.txt,0001508888,numeric_raw_prefix,val,True,,0
0001508888_Raw03_f_00012.jpg,0001508888_Raw03_f_00012.txt,0001508888,numeric_raw_prefix,val,True,,0
0001508888_Raw03_f_00013.jpg,0001508888_Raw03_f_00013.txt,0001508888,numeric_raw_prefix,val,True,,0
0001508890_Raw01_f_00001.jpg,0001508890_Raw01_f_00001.txt,0001508890,numeric_raw_prefix,train,True,,0
0001508892_Raw02_f_00001.jpg,0001508892_Raw02_f_00001.txt,0001508892,numeric_raw_prefix,train,True,,0
0001508892_Raw02_f_00004.jpg,0001508892_Raw02_f_00004.txt,0001508892,numeric_raw_prefix,train,True,,0
0001508896_Raw13_f_00004.jpg,0001508896_Raw13_f_00004.txt,0001508896,numeric_raw_prefix,val,True,,0
0001508901_Raw03_f_00003.jpg,0001508901_Raw03_f_00003.txt,0001508901,numeric_raw_prefix,train,True,,0
0001508902_Raw01_f_00004.jpg,0001508902_Raw01_f_00004.txt,0001508902,numeric_raw_prefix,train,True,,0
0001508902_Raw03_f_00004.jpg,0001508902_Raw03_f_00004.txt,0001508902,numeric_raw_prefix,train,True,,0
0001508902_Raw13_f_00002.jpg,0001508902_Raw13_f_00002.txt,0001508902,numeric_raw_prefix,train,True,,0
0001508904_Raw03_f_00003.jpg,0001508904_Raw03_f_00003.txt,0001508904,numeric_raw_prefix,train,True,,0
0001508904_Raw13_f_00006.jpg,0001508904_Raw13_f_00006.txt,0001508904,numeric_raw_prefix,train,True,,0
0001509551_Raw01_f_00000.jpg,0001509551_Raw01_f_00000.txt,0001509551,numeric_raw_prefix,train,False,jieba,1
0001509560_Raw00_f_00003.jpg,0001509560_Raw00_f_00003.txt,0001509560,numeric_raw_prefix,train,False,yanghuatiepi,1
0001509600_Raw13_f_00001.jpg,0001509600_Raw13_f_00001.txt,0001509600,numeric_raw_prefix,train,False,jieba,1
0001509744_Raw13_f_00009.jpg,0001509744_Raw13_f_00009.txt,0001509744,numeric_raw_prefix,train,False,jieba,1
0001510003_Raw01_f_00016.jpg,0001510003_Raw01_f_00016.txt,0001510003,numeric_raw_prefix,train,False,mamianmakeng,1
0001510321_Raw01_f_00006.jpg,0001510321_Raw01_f_00006.txt,0001510321,numeric_raw_prefix,train,False,yanghuatiepi,1
0001510322_Raw02_f_00005.jpg,0001510322_Raw02_f_00005.txt,0001510322,numeric_raw_prefix,train,False,yanghuatiepi,1
0001510354_Raw00_f_00001.jpg,0001510354_Raw00_f_00001.txt,0001510354,numeric_raw_prefix,train,False,yiwuyaru,1
0001510988_Raw00_f_00001.jpg,0001510988_Raw00_f_00001.txt,0001510988,numeric_raw_prefix,train,False,yiwuyaru,1
0001511851_Raw00_f_00012.jpg,0001511851_Raw00_f_00012.txt,0001511851,numeric_raw_prefix,train,False,yanghuatiepi,1
0001511954_Raw00_f_00009.jpg,0001511954_Raw00_f_00009.txt,0001511954,numeric_raw_prefix,train,False,yanghuatiepi,1
0001512171_Raw02_f_00002.jpg,0001512171_Raw02_f_00002.txt,0001512171,numeric_raw_prefix,train,False,yanghuatiepi,2
0001513024_Raw00_f_00001.jpg,0001513024_Raw00_f_00001.txt,0001513024,numeric_raw_prefix,train,False,yanghuatiepi,1
0001513024_Raw02_f_00001.jpg,0001513024_Raw02_f_00001.txt,0001513024,numeric_raw_prefix,train,False,yanghuatiepi,1
0001513181_Raw02_f_00007.jpg,0001513181_Raw02_f_00007.txt,0001513181,numeric_raw_prefix,train,False,yanghuatiepi,1
0001513231_Raw02_f_00003.jpg,0001513231_Raw02_f_00003.txt,0001513231,numeric_raw_prefix,val,False,yanghuatiepi,1
0001513233_Raw02_f_00005.jpg,0001513233_Raw02_f_00005.txt,0001513233,numeric_raw_prefix,train,False,yanghuatiepi,1
0001513292_Raw00_f_00002.jpg,0001513292_Raw00_f_00002.txt,0001513292,numeric_raw_prefix,val,False,yanghuatiepi,1
0001513292_Raw02_f_00002.jpg,0001513292_Raw02_f_00002.txt,0001513292,numeric_raw_prefix,val,False,yanghuatiepi,2
0001513292_Raw03_f_00002.jpg,0001513292_Raw03_f_00002.txt,0001513292,numeric_raw_prefix,val,False,yanghuatiepi,2
0001513322_Raw02_f_00004.jpg,0001513322_Raw02_f_00004.txt,0001513322,numeric_raw_prefix,train,False,yanghuatiepi,1
0001513323_Raw02_f_00005.jpg,0001513323_Raw02_f_00005.txt,0001513323,numeric_raw_prefix,train,False,yanghuatiepi,1
0001513324_Raw01_f_00007.jpg,0001513324_Raw01_f_00007.txt,0001513324,numeric_raw_prefix,train,False,yanghuatiepi,1
0001513324_Raw02_f_00006.jpg,0001513324_Raw02_f_00006.txt,0001513324,numeric_raw_prefix,train,False,yanghuatiepi,1
0001513327_Raw00_f_00001.jpg,0001513327_Raw00_f_00001.txt,0001513327,numeric_raw_prefix,train,False,yanghuatiepi,1
0001513328_Raw02_f_00002.jpg,0001513328_Raw02_f_00002.txt,0001513328,numeric_raw_prefix,train,False,yanghuatiepi,2
0001513329_Raw02_f_00007.jpg,0001513329_Raw02_f_00007.txt,0001513329,numeric_raw_prefix,train,False,yanghuatiepi,1
0001513329_Raw03_f_00007.jpg,0001513329_Raw03_f_00007.txt,0001513329,numeric_raw_prefix,train,False,yanghuatiepi,1
0001513347_Raw00_f_00004.jpg,0001513347_Raw00_f_00004.txt,0001513347,numeric_raw_prefix,train,False,yanghuatiepi,1
0001513348_Raw00_f_00003.jpg,0001513348_Raw00_f_00003.txt,0001513348,numeric_raw_prefix,train,False,yanghuatiepi,2
0001513348_Raw02_f_00003.jpg,0001513348_Raw02_f_00003.txt,0001513348,numeric_raw_prefix,train,False,yanghuatiepi,1
0001513352_Raw02_f_00002.jpg,0001513352_Raw02_f_00002.txt,0001513352,numeric_raw_prefix,train,False,yanghuatiepi,1
0001513352_Raw03_f_00002.jpg,0001513352_Raw03_f_00002.txt,0001513352,numeric_raw_prefix,train,False,yanghuatiepi,1
0001513366_Raw02_f_00001.jpg,0001513366_Raw02_f_00001.txt,0001513366,numeric_raw_prefix,train,False,yanghuatiepi,1
0001513419_Raw01_f_00003.jpg,0001513419_Raw01_f_00003.txt,0001513419,numeric_raw_prefix,train,False,yanghuatiepi,1
0001513419_Raw01_f_00005.jpg,0001513419_Raw01_f_00005.txt,0001513419,numeric_raw_prefix,train,False,yanghuatiepi,1
0001513419_Raw01_f_00007.jpg,0001513419_Raw01_f_00007.txt,0001513419,numeric_raw_prefix,train,False,yanghuatiepi,1
0001513419_Raw02_f_00005.jpg,0001513419_Raw02_f_00005.txt,0001513419,numeric_raw_prefix,train,False,yanghuatiepi,1
0001513420_Raw00_f_00004.jpg,0001513420_Raw00_f_00004.txt,0001513420,numeric_raw_prefix,train,False,yanghuatiepi,1
0001513420_Raw00_f_00013.jpg,0001513420_Raw00_f_00013.txt,0001513420,numeric_raw_prefix,train,False,yanghuatiepi,1
0001513420_Raw01_f_00005.jpg,0001513420_Raw01_f_00005.txt,0001513420,numeric_raw_prefix,train,False,yanghuatiepi,2
0001513420_Raw02_f_00007.jpg,0001513420_Raw02_f_00007.txt,0001513420,numeric_raw_prefix,train,False,yanghuatiepi,1
0001513422_Raw03_f_00015.jpg,0001513422_Raw03_f_00015.txt,0001513422,numeric_raw_prefix,train,False,yanghuatiepi,1
0001513424_Raw00_f_00001.jpg,0001513424_Raw00_f_00001.txt,0001513424,numeric_raw_prefix,train,False,yanghuatiepi,2
0001513428_Raw02_f_00014.jpg,0001513428_Raw02_f_00014.txt,0001513428,numeric_raw_prefix,train,False,yanghuatiepi,1
0001513462_Raw02_f_00002.jpg,0001513462_Raw02_f_00002.txt,0001513462,numeric_raw_prefix,val,False,yanghuatiepi,1
0001513462_Raw03_f_00002.jpg,0001513462_Raw03_f_00002.txt,0001513462,numeric_raw_prefix,val,False,yanghuatiepi,1
0001513466_Raw02_f_00002.jpg,0001513466_Raw02_f_00002.txt,0001513466,numeric_raw_prefix,train,False,yanghuatiepi,1
0001513508_Raw02_f_00002.jpg,0001513508_Raw02_f_00002.txt,0001513508,numeric_raw_prefix,train,False,yanghuatiepi,1
0001513536_Raw00_f_00001.jpg,0001513536_Raw00_f_00001.txt,0001513536,numeric_raw_prefix,train,False,yanghuatiepi,3
0001513536_Raw01_f_00003.jpg,0001513536_Raw01_f_00003.txt,0001513536,numeric_raw_prefix,train,False,yanghuatiepi,3
0001513536_Raw01_f_00006.jpg,0001513536_Raw01_f_00006.txt,0001513536,numeric_raw_prefix,train,False,yanghuatiepi,2
0001513537_Raw01_f_00002.jpg,0001513537_Raw01_f_00002.txt,0001513537,numeric_raw_prefix,train,False,yanghuatiepi,1
0001513539_Raw00_f_00001.jpg,0001513539_Raw00_f_00001.txt,0001513539,numeric_raw_prefix,train,False,yanghuatiepi,2
0001513539_Raw00_f_00005.jpg,0001513539_Raw00_f_00005.txt,0001513539,numeric_raw_prefix,train,False,yanghuatiepi,1
0001513539_Raw00_f_00007.jpg,0001513539_Raw00_f_00007.txt,0001513539,numeric_raw_prefix,train,False,yanghuatiepi,1
0001513539_Raw00_f_00009.jpg,0001513539_Raw00_f_00009.txt,0001513539,numeric_raw_prefix,train,False,yanghuatiepi,1
0001513551_Raw00_f_00003.jpg,0001513551_Raw00_f_00003.txt,0001513551,numeric_raw_prefix,train,False,yanghuatiepi,1
0001513551_Raw01_f_00001.jpg,0001513551_Raw01_f_00001.txt,0001513551,numeric_raw_prefix,train,False,yanghuatiepi,1
0001513551_Raw01_f_00003.jpg,0001513551_Raw01_f_00003.txt,0001513551,numeric_raw_prefix,train,False,yanghuatiepi,1
0001513551_Raw01_f_00005.jpg,0001513551_Raw01_f_00005.txt,0001513551,numeric_raw_prefix,train,False,yanghuatiepi,1
0001513553_Raw01_f_00010.jpg,0001513553_Raw01_f_00010.txt,0001513553,numeric_raw_prefix,train,False,yanghuatiepi,1
0001513616_Raw01_f_00002.jpg,0001513616_Raw01_f_00002.txt,0001513616,numeric_raw_prefix,train,False,yanghuatiepi,1
0001513619_Raw01_f_00013.jpg,0001513619_Raw01_f_00013.txt,0001513619,numeric_raw_prefix,train,False,yanghuatiepi,1
0001513691_Raw01_f_00002.jpg,0001513691_Raw01_f_00002.txt,0001513691,numeric_raw_prefix,train,False,yanghuatiepi,5
0001513691_Raw01_f_00004.jpg,0001513691_Raw01_f_00004.txt,0001513691,numeric_raw_prefix,train,False,yanghuatiepi,3
0001513691_Raw01_f_00012.jpg,0001513691_Raw01_f_00012.txt,0001513691,numeric_raw_prefix,train,False,yanghuatiepi,2
0001513691_Raw01_f_00013.jpg,0001513691_Raw01_f_00013.txt,0001513691,numeric_raw_prefix,train,False,yanghuatiepi,3
0001513696_Raw01_f_00006.jpg,0001513696_Raw01_f_00006.txt,0001513696,numeric_raw_prefix,train,False,yanghuatiepi,2
0001513813_Raw01_f_00002.jpg,0001513813_Raw01_f_00002.txt,0001513813,numeric_raw_prefix,val,False,yanghuatiepi,2
0001517512_Raw02_f_00001.jpg,0001517512_Raw02_f_00001.txt,0001517512,numeric_raw_prefix,train,False,yiwuyaru,1
0001517732_Raw00_f_00000.jpg,0001517732_Raw00_f_00000.txt,0001517732,numeric_raw_prefix,train,False,mamianmakeng,2
0001518218_Raw02_f_00005.jpg,0001518218_Raw02_f_00005.txt,0001518218,numeric_raw_prefix,train,False,jieba,1
0001520437_Raw03_f_00015.jpg,0001520437_Raw03_f_00015.txt,0001520437,numeric_raw_prefix,train,False,jieba,1
0001520526_Raw02_f_00012.jpg,0001520526_Raw02_f_00012.txt,0001520526,numeric_raw_prefix,train,False,mamianmakeng,1
0001523797_Raw13_f_00000.jpg,0001523797_Raw13_f_00000.txt,0001523797,numeric_raw_prefix,train,False,jieba,1
0001523868_Raw01_f_00010.jpg,0001523868_Raw01_f_00010.txt,0001523868,numeric_raw_prefix,train,False,zonglie,2
0001524056_Raw10_f_00014.jpg,0001524056_Raw10_f_00014.txt,0001524056,numeric_raw_prefix,val,False,jieba,1
0001525650_Raw01_f_00002.jpg,0001525650_Raw01_f_00002.txt,0001525650,numeric_raw_prefix,train,False,yiwuyaru,1
0001527444_Raw00_f_00014.jpg,0001527444_Raw00_f_00014.txt,0001527444,numeric_raw_prefix,train,False,mamianmakeng,1
C1088360_V02_F00012_12b9dc2a-c6ad-421a-a1d5-d03176c95506.jpg,C1088360_V02_F00012_12b9dc2a-c6ad-421a-a1d5-d03176c95506.txt,C1088360,c_specimen,train,False,yiwuyaru,1
C1088360_V03_F00012_33be0c21-b551-4406-9173-dd7856fbd9df.jpg,C1088360_V03_F00012_33be0c21-b551-4406-9173-dd7856fbd9df.txt,C1088360,c_specimen,train,False,yiwuyaru,1
C1088367_V01_F00009_5f14fd12-bed7-4548-ae5b-80c01e760d96.jpg,C1088367_V01_F00009_5f14fd12-bed7-4548-ae5b-80c01e760d96.txt,C1088367,c_specimen,train,False,"gunyin,yiwuyaru",2
C1088412_V13_F00010_cb5d4a23-28ee-454c-b20c-af21fcb49cc3.jpg,C1088412_V13_F00010_cb5d4a23-28ee-454c-b20c-af21fcb49cc3.txt,C1088412,c_specimen,train,False,"huashang,jieba,yiwuyaru",3
C1088455_V10_F00005_d4c37f04-0d89-4638-b248-b28075ff4638.jpg,C1088455_V10_F00005_d4c37f04-0d89-4638-b248-b28075ff4638.txt,C1088455,c_specimen,train,False,yiwuyaru,2
C1088540_V13_F00002_5a06dc48-3e5f-4c0a-beeb-c539cdf09ebb.jpg,C1088540_V13_F00002_5a06dc48-3e5f-4c0a-beeb-c539cdf09ebb.txt,C1088540,c_specimen,train,False,jieba,4
C1088584_V00_F00001_20a0835c-3454-4125-8478-61bb573743b2.jpg,C1088584_V00_F00001_20a0835c-3454-4125-8478-61bb573743b2.txt,C1088584,c_specimen,train,False,"yanghuatiepi,yiwuyaru",2
C1088584_V00_F00002_719561fb-2b05-4c67-a86c-3c109eaaa675.jpg,C1088584_V00_F00002_719561fb-2b05-4c67-a86c-3c109eaaa675.txt,C1088584,c_specimen,train,False,yiwuyaru,1
C1088597_V02_F00005_f9cf0def-531a-4e89-a74c-24bc92c2e7d5.jpg,C1088597_V02_F00005_f9cf0def-531a-4e89-a74c-24bc92c2e7d5.txt,C1088597,c_specimen,train,False,yiwuyaru,1
C1088597_V02_F00011_c27c9fc7-9061-4e1a-90e3-6580813a1de5.jpg,C1088597_V02_F00011_c27c9fc7-9061-4e1a-90e3-6580813a1de5.txt,C1088597,c_specimen,train,False,yiwuyaru,1
C1088600_V01_F00005_f9960f16-299a-4ba0-a21e-380feae4eccc.jpg,C1088600_V01_F00005_f9960f16-299a-4ba0-a21e-380feae4eccc.txt,C1088600,c_specimen,val,False,"yanghuatiepi,yiwuyaru",3
C1088600_V01_F00013_ca104bf6-f49d-4a1c-a79a-4a687a2c677e.jpg,C1088600_V01_F00013_ca104bf6-f49d-4a1c-a79a-4a687a2c677e.txt,C1088600,c_specimen,val,False,yiwuyaru,1
C1088614_V00_F00014_dc18b864-585f-4054-8b76-ccf91318e3bc.jpg,C1088614_V00_F00014_dc18b864-585f-4054-8b76-ccf91318e3bc.txt,C1088614,c_specimen,train,False,yiwuyaru,1
C1088663_V01_F00008_9f9920fa-1be8-4c8c-8d2b-434c38b11927.jpg,C1088663_V01_F00008_9f9920fa-1be8-4c8c-8d2b-434c38b11927.txt,C1088663,c_specimen,train,False,jiaza,1
C1088701_V01_F00007_8e455405-5ff1-466c-a9b4-a2a63de4d307.jpg,C1088701_V01_F00007_8e455405-5ff1-466c-a9b4-a2a63de4d307.txt,C1088701,c_specimen,train,False,mamianmakeng,3
C1088705_V02_F00006_4b2ea227-30d3-45d2-9f7a-945c58f782d4.jpg,C1088705_V02_F00006_4b2ea227-30d3-45d2-9f7a-945c58f782d4.txt,C1088705,c_specimen,train,False,yiwuyaru,1
C1088719_V11_F00009_3f9bfcf7-8687-4cae-801b-712621711e87.jpg,C1088719_V11_F00009_3f9bfcf7-8687-4cae-801b-712621711e87.txt,C1088719,c_specimen,train,False,jieba,1
C1088745_V00_F00001_0e9dc521-5c4c-4f42-bd6c-f1a9b19c3c29.jpg,C1088745_V00_F00001_0e9dc521-5c4c-4f42-bd6c-f1a9b19c3c29.txt,C1088745,c_specimen,train,False,jieba,1
C1088745_V01_F00011_2cfbeb50-af09-4ac5-8417-c6fe03d59d89.jpg,C1088745_V01_F00011_2cfbeb50-af09-4ac5-8417-c6fe03d59d89.txt,C1088745,c_specimen,train,False,jieba,1
C1088762_V13_F00001_65d8371e-6e29-49f3-adad-b9a14a945968.jpg,C1088762_V13_F00001_65d8371e-6e29-49f3-adad-b9a14a945968.txt,C1088762,c_specimen,train,False,"jieba,yiwuyaru",5
C1088764_V11_F00006_8bcf4819-be97-4556-a375-d7e63bd395b4.jpg,C1088764_V11_F00006_8bcf4819-be97-4556-a375-d7e63bd395b4.txt,C1088764,c_specimen,train,False,yiwuyaru,1
C1088771_V12_F00001_d40169ad-71e7-4149-a605-124ffb3436dd.jpg,C1088771_V12_F00001_d40169ad-71e7-4149-a605-124ffb3436dd.txt,C1088771,c_specimen,train,False,jieba,1
C1088772_V12_F00001_20cfafe8-a6ee-4938-b5f6-12a0a78751d7.jpg,C1088772_V12_F00001_20cfafe8-a6ee-4938-b5f6-12a0a78751d7.txt,C1088772,c_specimen,train,False,"jieba,yiwuyaru",3
C1088772_V13_F00001_099d7d3b-3266-4bbf-adf9-868ca24d81c3.jpg,C1088772_V13_F00001_099d7d3b-3266-4bbf-adf9-868ca24d81c3.txt,C1088772,c_specimen,train,False,"jieba,yiwuyaru",3
C1088784_V02_F00010_ef3e146f-9528-4710-adc3-de0f50b1efd6.jpg,C1088784_V02_F00010_ef3e146f-9528-4710-adc3-de0f50b1efd6.txt,C1088784,c_specimen,val,False,jieba,1
C1088785_V12_F00002_3e3711ca-73d7-489e-b7dd-ac738ca1db3c.jpg,C1088785_V12_F00002_3e3711ca-73d7-489e-b7dd-ac738ca1db3c.txt,C1088785,c_specimen,train,False,jieba,3
C1088794_V02_F00008_c6c7a501-69c8-4223-81b6-380f7d9059f4.jpg,C1088794_V02_F00008_c6c7a501-69c8-4223-81b6-380f7d9059f4.txt,C1088794,c_specimen,train,False,jieba,1
C1088795_V12_F00002_1aca29ac-2d26-4003-a252-c602f79484d9.jpg,C1088795_V12_F00002_1aca29ac-2d26-4003-a252-c602f79484d9.txt,C1088795,c_specimen,train,False,jieba,3
C1088795_V13_F00002_3864950e-b197-456a-9a4b-c1e80a4e666e.jpg,C1088795_V13_F00002_3864950e-b197-456a-9a4b-c1e80a4e666e.txt,C1088795,c_specimen,train,False,jieba,2
C1088812_V00_F00001_25da1e02-080b-4f72-9291-84cca7659152.jpg,C1088812_V00_F00001_25da1e02-080b-4f72-9291-84cca7659152.txt,C1088812,c_specimen,train,False,"jiaza,yiwuyaru",2
C1088820_V12_F00010_1686ae4b-94e1-4f3c-87ef-0d20c390c895.jpg,C1088820_V12_F00010_1686ae4b-94e1-4f3c-87ef-0d20c390c895.txt,C1088820,c_specimen,train,False,jieba,2
C1088854_V11_F00011_457ec4ff-807c-4e07-81be-0cab2c3a757d.jpg,C1088854_V11_F00011_457ec4ff-807c-4e07-81be-0cab2c3a757d.txt,C1088854,c_specimen,train,False,jieba,1
C1088941_V02_F00001_f7290014-ce89-4dc0-9d56-89d413789f16.jpg,C1088941_V02_F00001_f7290014-ce89-4dc0-9d56-89d413789f16.txt,C1088941,c_specimen,train,False,"jieba,yanghuatiepi,yiwuyaru",4
C1088941_V12_F00003_3509a851-edb0-48e2-87d3-c98a7f1435e3.jpg,C1088941_V12_F00003_3509a851-edb0-48e2-87d3-c98a7f1435e3.txt,C1088941,c_specimen,train,False,"jieba,yiwuyaru",6
C1088950_V02_F00001_65a2ecfb-6a9f-46c8-bb8f-6a5cd6d08a0c.jpg,C1088950_V02_F00001_65a2ecfb-6a9f-46c8-bb8f-6a5cd6d08a0c.txt,C1088950,c_specimen,train,False,jiaza,1
C1089043_V13_F00001_2f23d5ed-f4da-4e7d-81d5-38a5a794f249.jpg,C1089043_V13_F00001_2f23d5ed-f4da-4e7d-81d5-38a5a794f249.txt,C1089043,c_specimen,train,False,jieba,2
C1089062_V00_F00001_f1a96bb1-78f2-4345-bfe6-e9821ac5c02c.jpg,C1089062_V00_F00001_f1a96bb1-78f2-4345-bfe6-e9821ac5c02c.txt,C1089062,c_specimen,train,False,yiwuyaru,1
C1089079_V01_F00005_65b61bf1-28ee-42d0-8590-07ae82d355c8.jpg,C1089079_V01_F00005_65b61bf1-28ee-42d0-8590-07ae82d355c8.txt,C1089079,c_specimen,train,False,jieba,1
C1089123_V00_F00002_7fbb4564-5b08-446f-bd91-d72cd2bce195.jpg,C1089123_V00_F00002_7fbb4564-5b08-446f-bd91-d72cd2bce195.txt,C1089123,c_specimen,train,False,yiwuyaru,1
C1089208_V01_F00002_997c72ad-009c-4039-83e0-fe194a8e3175.jpg,C1089208_V01_F00002_997c72ad-009c-4039-83e0-fe194a8e3175.txt,C1089208,c_specimen,train,False,"yanghuatiepi,yiwuyaru",2
C1089208_V12_F00002_41b9ab6d-61b1-414a-bd94-5ab691f88b05.jpg,C1089208_V12_F00002_41b9ab6d-61b1-414a-bd94-5ab691f88b05.txt,C1089208,c_specimen,train,False,yiwuyaru,2
C1089211_V02_F00008_2a724abe-4b46-4e70-bfd8-012a499db3e3.jpg,C1089211_V02_F00008_2a724abe-4b46-4e70-bfd8-012a499db3e3.txt,C1089211,c_specimen,train,False,yiwuyaru,1
C1089267_V13_F00001_a2cb485b-4a21-4833-91a5-7c060a647724.jpg,C1089267_V13_F00001_a2cb485b-4a21-4833-91a5-7c060a647724.txt,C1089267,c_specimen,train,False,"jieba,zonglie",2
C1089313_V11_F00002_9f5447b4-e493-4d66-92e2-863dbe8d475b.jpg,C1089313_V11_F00002_9f5447b4-e493-4d66-92e2-863dbe8d475b.txt,C1089313,c_specimen,train,False,"jieba,yiwuyaru",4
C1089313_V12_F00004_dc12a567-ffc2-4880-8074-e7c8d13dec3d.jpg,C1089313_V12_F00004_dc12a567-ffc2-4880-8074-e7c8d13dec3d.txt,C1089313,c_specimen,train,False,"jieba,yiwuyaru",4
C1089313_V13_F00002_8830b638-2025-4fdf-9e20-0fb199425ed4.jpg,C1089313_V13_F00002_8830b638-2025-4fdf-9e20-0fb199425ed4.txt,C1089313,c_specimen,train,False,jieba,2
C1089314_V02_F00012_000ebb4a-fe69-40b5-9de1-3f5afa663ddd.jpg,C1089314_V02_F00012_000ebb4a-fe69-40b5-9de1-3f5afa663ddd.txt,C1089314,c_specimen,train,False,yiwuyaru,1
C1089315_V02_F00003_0610dc1f-6aff-4fc5-9420-792e1a8db51b.jpg,C1089315_V02_F00003_0610dc1f-6aff-4fc5-9420-792e1a8db51b.txt,C1089315,c_specimen,val,False,yiwuyaru,2
C1089316_V13_F00007_b75bb509-3dd8-41e2-a33e-f714cf28acd1.jpg,C1089316_V13_F00007_b75bb509-3dd8-41e2-a33e-f714cf28acd1.txt,C1089316,c_specimen,train,False,jieba,2
C1089333_V02_F00004_38fc346d-d092-4f16-acd4-c46dd1790e7e.jpg,C1089333_V02_F00004_38fc346d-d092-4f16-acd4-c46dd1790e7e.txt,C1089333,c_specimen,train,False,mamianmakeng,1
C1089343_V11_F00002_a731b7bc-af84-4d1c-bed6-16eaee09ee11.jpg,C1089343_V11_F00002_a731b7bc-af84-4d1c-bed6-16eaee09ee11.txt,C1089343,c_specimen,val,False,"jieba,yiwuyaru",4
C1089343_V13_F00001_69fbc7de-64b5-48f3-ab41-577881f66f25.jpg,C1089343_V13_F00001_69fbc7de-64b5-48f3-ab41-577881f66f25.txt,C1089343,c_specimen,val,False,jieba,3
C1089345_V00_F00002_3714f1f7-8052-4141-9498-dc93832d938c.jpg,C1089345_V00_F00002_3714f1f7-8052-4141-9498-dc93832d938c.txt,C1089345,c_specimen,train,False,mamianmakeng,1
C1089346_V01_F00006_75e4afe2-250b-4df1-8a2e-e7cbcf713c7f.jpg,C1089346_V01_F00006_75e4afe2-250b-4df1-8a2e-e7cbcf713c7f.txt,C1089346,c_specimen,train,False,"jieba,yiwuyaru",5
C1089346_V02_F00006_495cb023-2529-4f75-b11d-cf36621c6d15.jpg,C1089346_V02_F00006_495cb023-2529-4f75-b11d-cf36621c6d15.txt,C1089346,c_specimen,train,False,jieba,1
C1089366_V10_F00002_5744c38e-c227-4478-9944-c54625a5f629.jpg,C1089366_V10_F00002_5744c38e-c227-4478-9944-c54625a5f629.txt,C1089366,c_specimen,train,False,"jieba,yiwuyaru",4
C1089388_V13_F00007_c053052d-2db2-4e30-84be-7a579b13295e.jpg,C1089388_V13_F00007_c053052d-2db2-4e30-84be-7a579b13295e.txt,C1089388,c_specimen,train,False,jieba,1
C1089449_V00_F00002_b24387c5-fb68-42e0-93b5-0468c021fdd6.jpg,C1089449_V00_F00002_b24387c5-fb68-42e0-93b5-0468c021fdd6.txt,C1089449,c_specimen,train,False,jieba,1
C1089449_V01_F00001_e6c72f1d-2e89-429e-87ba-c9f6e06ea5b6.jpg,C1089449_V01_F00001_e6c72f1d-2e89-429e-87ba-c9f6e06ea5b6.txt,C1089449,c_specimen,train,False,"jiaza,jieba",5
C1089489_V11_F00000_964b155d-f26f-41a2-a86d-b867f52f082e.jpg,C1089489_V11_F00000_964b155d-f26f-41a2-a86d-b867f52f082e.txt,C1089489,c_specimen,train,False,"jieba,yiwuyaru",2
C1089489_V12_F00002_a12ae3e6-4a39-40b8-96aa-904edb312fce.jpg,C1089489_V12_F00002_a12ae3e6-4a39-40b8-96aa-904edb312fce.txt,C1089489,c_specimen,train,False,jieba,1
C1089574_V00_F00014_d5327d56-0802-414b-b337-5f6a7da43849.jpg,C1089574_V00_F00014_d5327d56-0802-414b-b337-5f6a7da43849.txt,C1089574,c_specimen,train,False,"jieba,yanghuatiepi",3
C1089625_V00_F00005_f19415e8-fe1d-48a1-89be-af98ddc94ca6.jpg,C1089625_V00_F00005_f19415e8-fe1d-48a1-89be-af98ddc94ca6.txt,C1089625,c_specimen,train,False,jieba,1
C1090581_V01_F00012_8d021149-1b4a-4e12-a570-9748d0bf40d2.jpg,C1090581_V01_F00012_8d021149-1b4a-4e12-a570-9748d0bf40d2.txt,C1090581,c_specimen,train,False,yiwuyaru,1
C1090665_V02_F00007_5e6ecf37-20a0-482e-8e69-6c50f3d21f83.jpg,C1090665_V02_F00007_5e6ecf37-20a0-482e-8e69-6c50f3d21f83.txt,C1090665,c_specimen,train,False,yiwuyaru,1
C1090687_V03_F00006_fc9ffcbb-ac3c-45fd-8e65-318271c347fb.jpg,C1090687_V03_F00006_fc9ffcbb-ac3c-45fd-8e65-318271c347fb.txt,C1090687,c_specimen,val,False,jieba,1
C1090689_V01_F00005_f0220962-dbb7-4c24-aaaa-8789a34d4da2.jpg,C1090689_V01_F00005_f0220962-dbb7-4c24-aaaa-8789a34d4da2.txt,C1090689,c_specimen,train,False,"mamianmakeng,yanghuatiepi",2
C1090717_V01_F00009_dd347726-3173-433f-8534-b170ca8f2e57.jpg,C1090717_V01_F00009_dd347726-3173-433f-8534-b170ca8f2e57.txt,C1090717,c_specimen,train,False,jiaza,1
C1090719_V03_F00005_888459da-67b3-4b18-ac1b-163941bac806.jpg,C1090719_V03_F00005_888459da-67b3-4b18-ac1b-163941bac806.txt,C1090719,c_specimen,train,False,jiaza,1
C1090720_V02_F00009_8d0760e3-466a-4793-ab75-c305d9ea75ee.jpg,C1090720_V02_F00009_8d0760e3-466a-4793-ab75-c305d9ea75ee.txt,C1090720,c_specimen,train,False,jiaza,3
C1090818_V00_F00001_705f0c18-5e24-4696-bbb1-6a2e6656a6ab.jpg,C1090818_V00_F00001_705f0c18-5e24-4696-bbb1-6a2e6656a6ab.txt,C1090818,c_specimen,train,False,jieba,4
C1090855_V12_F00000_f9eee688-1a90-40d2-bbfb-13bc9f4e6d32.jpg,C1090855_V12_F00000_f9eee688-1a90-40d2-bbfb-13bc9f4e6d32.txt,C1090855,c_specimen,train,False,jieba,1
C1090871_V00_F00001_8b54e8f7-5b1b-4a42-8909-a9705c247865.jpg,C1090871_V00_F00001_8b54e8f7-5b1b-4a42-8909-a9705c247865.txt,C1090871,c_specimen,train,False,jieba,1
C1090871_V01_F00002_88df8331-33a0-4f48-b9ca-31d6b7361e46.jpg,C1090871_V01_F00002_88df8331-33a0-4f48-b9ca-31d6b7361e46.txt,C1090871,c_specimen,train,False,yiwuyaru,1
C1090908_V00_F00002_fbe8cdb5-2d0f-44ce-afb3-62a32bf0d8fa.jpg,C1090908_V00_F00002_fbe8cdb5-2d0f-44ce-afb3-62a32bf0d8fa.txt,C1090908,c_specimen,train,False,yiwuyaru,2
C1090908_V01_F00002_c4f3a7c3-2146-4359-9909-54802d3c0751.jpg,C1090908_V01_F00002_c4f3a7c3-2146-4359-9909-54802d3c0751.txt,C1090908,c_specimen,train,False,"jieba,yiwuyaru",5
C1091030_V01_F00004_2add246a-5d9d-400c-8430-c77e11a1a536.jpg,C1091030_V01_F00004_2add246a-5d9d-400c-8430-c77e11a1a536.txt,C1091030,c_specimen,train,False,jiaza,7
C1091030_V01_F00005_68c4a48b-9aab-4ee2-89cb-2e2fa657de90.jpg,C1091030_V01_F00005_68c4a48b-9aab-4ee2-89cb-2e2fa657de90.txt,C1091030,c_specimen,train,False,jiaza,4
C1091030_V01_F00007_3f69820b-ac2d-4bda-9120-7e1171bdc61c.jpg,C1091030_V01_F00007_3f69820b-ac2d-4bda-9120-7e1171bdc61c.txt,C1091030,c_specimen,train,False,jiaza,7
C1091030_V01_F00008_674fd21b-0b45-456c-a20f-95631b8a7838.jpg,C1091030_V01_F00008_674fd21b-0b45-456c-a20f-95631b8a7838.txt,C1091030,c_specimen,train,False,jiaza,6
C1091031_V01_F00002_b298fcda-d4d0-4391-a25b-9c13ee3df8c3.jpg,C1091031_V01_F00002_b298fcda-d4d0-4391-a25b-9c13ee3df8c3.txt,C1091031,c_specimen,train,False,jiaza,2
C1091031_V01_F00009_97ed2369-f940-4c68-a928-7a1ce5581f4d.jpg,C1091031_V01_F00009_97ed2369-f940-4c68-a928-7a1ce5581f4d.txt,C1091031,c_specimen,train,False,jiaza,3
C1091032_V01_F00004_c64269a8-1ca5-4ba7-9b52-b7095b973493.jpg,C1091032_V01_F00004_c64269a8-1ca5-4ba7-9b52-b7095b973493.txt,C1091032,c_specimen,train,False,jiaza,2
C1091032_V01_F00006_33cb40b6-0123-4e44-9062-7f1ef244922e.jpg,C1091032_V01_F00006_33cb40b6-0123-4e44-9062-7f1ef244922e.txt,C1091032,c_specimen,train,False,jiaza,2
C1091032_V01_F00010_52ff0626-2fd1-48af-beaa-8801ae04e863.jpg,C1091032_V01_F00010_52ff0626-2fd1-48af-beaa-8801ae04e863.txt,C1091032,c_specimen,train,False,"jiaza,yanghuatiepi",4
C1091130_V13_F00000_0e825ea0-74b2-493c-ad09-7e9effac11e0.jpg,C1091130_V13_F00000_0e825ea0-74b2-493c-ad09-7e9effac11e0.txt,C1091130,c_specimen,train,False,yiwuyaru,1
C1091135_V13_F00000_35a373fe-7fd4-4cf2-868c-a2c6e001918e.jpg,C1091135_V13_F00000_35a373fe-7fd4-4cf2-868c-a2c6e001918e.txt,C1091135,c_specimen,train,False,jieba,2
C1091137_V13_F00000_0711bf0c-ae68-436a-adf0-92deb0cc42e4.jpg,C1091137_V13_F00000_0711bf0c-ae68-436a-adf0-92deb0cc42e4.txt,C1091137,c_specimen,val,False,jieba,1
C1091230_V01_F00005_7f8c7414-4edb-4a74-ac18-41e40e886d5c.jpg,C1091230_V01_F00005_7f8c7414-4edb-4a74-ac18-41e40e886d5c.txt,C1091230,c_specimen,train,False,zonglie,2
C1091238_V01_F00001_800d75f3-3434-4a54-8f45-ad792692a713.jpg,C1091238_V01_F00001_800d75f3-3434-4a54-8f45-ad792692a713.txt,C1091238,c_specimen,train,False,zonglie,2
C1091255_V01_F00002_53e17faa-38cc-4f78-abdf-03d767dc6ba5.jpg,C1091255_V01_F00002_53e17faa-38cc-4f78-abdf-03d767dc6ba5.txt,C1091255,c_specimen,train,False,jieba,1
C1091255_V12_F00002_67b05801-67a1-424b-a640-f1765c73a01d.jpg,C1091255_V12_F00002_67b05801-67a1-424b-a640-f1765c73a01d.txt,C1091255,c_specimen,train,False,jieba,3
C1091262_V01_F00001_c2d7e650-a563-4555-a853-65a0cdf20d3e.jpg,C1091262_V01_F00001_c2d7e650-a563-4555-a853-65a0cdf20d3e.txt,C1091262,c_specimen,train,False,zonglie,2
C1091283_V01_F00002_5f4c4c6e-d159-45e4-9cbb-213deb0a6fab.jpg,C1091283_V01_F00002_5f4c4c6e-d159-45e4-9cbb-213deb0a6fab.txt,C1091283,c_specimen,train,False,zonglie,2
C1091283_V01_F00003_39ca138d-254c-4e57-a88a-b07b7e7d1a55.jpg,C1091283_V01_F00003_39ca138d-254c-4e57-a88a-b07b7e7d1a55.txt,C1091283,c_specimen,train,False,zonglie,2
C1091283_V01_F00005_d5ea6683-500c-4065-b49e-6272e1e49c98.jpg,C1091283_V01_F00005_d5ea6683-500c-4065-b49e-6272e1e49c98.txt,C1091283,c_specimen,train,False,zonglie,1
C1091283_V01_F00008_5c0749df-4e94-46b9-a317-36c7a67f24ea.jpg,C1091283_V01_F00008_5c0749df-4e94-46b9-a317-36c7a67f24ea.txt,C1091283,c_specimen,train,False,zonglie,6
C1091305_V02_F00009_d17225cd-ce39-4be5-b0ae-279bd8882857.jpg,C1091305_V02_F00009_d17225cd-ce39-4be5-b0ae-279bd8882857.txt,C1091305,c_specimen,train,False,yiwuyaru,2
C1091356_V00_F00010_b8d7c29b-80e4-405d-beb9-d9eca7c36d25.jpg,C1091356_V00_F00010_b8d7c29b-80e4-405d-beb9-d9eca7c36d25.txt,C1091356,c_specimen,train,False,"jiaza,yanghuatiepi",2
C1091356_V01_F00010_e775d356-e9ce-4a9d-9a06-16126b1f08b0.jpg,C1091356_V01_F00010_e775d356-e9ce-4a9d-9a06-16126b1f08b0.txt,C1091356,c_specimen,train,False,"yanghuatiepi,zonglie",2
C1091356_V02_F00005_2eea346e-3cd6-4b19-b1f7-b109325e6dbc.jpg,C1091356_V02_F00005_2eea346e-3cd6-4b19-b1f7-b109325e6dbc.txt,C1091356,c_specimen,train,False,zonglie,2
C1091358_V01_F00005_5e1dc73a-fbdb-4574-b205-9b8dad5621be.jpg,C1091358_V01_F00005_5e1dc73a-fbdb-4574-b205-9b8dad5621be.txt,C1091358,c_specimen,train,False,"yanghuatiepi,zonglie",5
C1091358_V01_F00010_8c455f36-16b7-41c8-8532-4777513b4100.jpg,C1091358_V01_F00010_8c455f36-16b7-41c8-8532-4777513b4100.txt,C1091358,c_specimen,train,False,"yanghuatiepi,zonglie",3
C1091359_V01_F00008_3b15c718-5d11-47a7-a227-197bd1b9eea5.jpg,C1091359_V01_F00008_3b15c718-5d11-47a7-a227-197bd1b9eea5.txt,C1091359,c_specimen,train,False,"yanghuatiepi,zonglie",3
C1091360_V01_F00002_c2bccc57-8893-45d7-b624-993cfe9c2fcf.jpg,C1091360_V01_F00002_c2bccc57-8893-45d7-b624-993cfe9c2fcf.txt,C1091360,c_specimen,train,False,"yanghuatiepi,zonglie",5
C1091360_V02_F00009_0d7f01f5-c1e6-4d36-bd68-53f0e7cfbfe3.jpg,C1091360_V02_F00009_0d7f01f5-c1e6-4d36-bd68-53f0e7cfbfe3.txt,C1091360,c_specimen,train,False,zonglie,3
C1091361_V01_F00003_6bd1991c-92bc-45a8-807c-baab091a6253.jpg,C1091361_V01_F00003_6bd1991c-92bc-45a8-807c-baab091a6253.txt,C1091361,c_specimen,train,False,zonglie,1
C1091361_V01_F00004_eeae0291-c9f5-4653-a2f6-e49e026fbf9c.jpg,C1091361_V01_F00004_eeae0291-c9f5-4653-a2f6-e49e026fbf9c.txt,C1091361,c_specimen,train,False,zonglie,2
C1091440_V01_F00003_d554b55c-0854-46d6-bba3-f9a34d193353.jpg,C1091440_V01_F00003_d554b55c-0854-46d6-bba3-f9a34d193353.txt,C1091440,c_specimen,val,False,"jieba,yiwuyaru",2
C1091465_V02_F00008_866a920f-073c-4bdb-88a4-dc8b6c8e0971.jpg,C1091465_V02_F00008_866a920f-073c-4bdb-88a4-dc8b6c8e0971.txt,C1091465,c_specimen,train,False,yiwuyaru,3
C1091477_V12_F00003_977d6386-92dd-4336-9f9f-82d532fd19b4.jpg,C1091477_V12_F00003_977d6386-92dd-4336-9f9f-82d532fd19b4.txt,C1091477,c_specimen,train,False,jieba,1
C1091479_V12_F00002_e8f827ad-3513-4435-b4ea-ff02f9fd4c6d.jpg,C1091479_V12_F00002_e8f827ad-3513-4435-b4ea-ff02f9fd4c6d.txt,C1091479,c_specimen,train,False,"mamianmakeng,yiwuyaru",2
C1091479_V13_F00002_c1ddc76b-7661-4e09-a1ba-193285190d8d.jpg,C1091479_V13_F00002_c1ddc76b-7661-4e09-a1ba-193285190d8d.txt,C1091479,c_specimen,train,False,yiwuyaru,1
C1091480_V01_F00007_daa45838-c0b4-47ed-8320-0a395f9d9fca.jpg,C1091480_V01_F00007_daa45838-c0b4-47ed-8320-0a395f9d9fca.txt,C1091480,c_specimen,val,False,jiaza,1
C1091548_V12_F00000_10d8e201-f614-4a56-ac04-fc8dff6b264f.jpg,C1091548_V12_F00000_10d8e201-f614-4a56-ac04-fc8dff6b264f.txt,C1091548,c_specimen,train,False,jieba,1
C1091551_V12_F00006_c68e99f2-ce09-4135-a964-c085ef64881c.jpg,C1091551_V12_F00006_c68e99f2-ce09-4135-a964-c085ef64881c.txt,C1091551,c_specimen,train,False,yiwuyaru,1
C1091580_V10_F00001_26ebb799-309d-4aab-8a1b-f606cb252214.jpg,C1091580_V10_F00001_26ebb799-309d-4aab-8a1b-f606cb252214.txt,C1091580,c_specimen,train,False,yiwuyaru,1
C1091699_V01_F00001_aea9defc-4247-4007-98ee-aef31f2c0b0f.jpg,C1091699_V01_F00001_aea9defc-4247-4007-98ee-aef31f2c0b0f.txt,C1091699,c_specimen,train,False,"yanghuatiepi,zonglie",4
C1091702_V01_F00003_89932c5c-07c0-483e-b2fb-7ad77ca84069.jpg,C1091702_V01_F00003_89932c5c-07c0-483e-b2fb-7ad77ca84069.txt,C1091702,c_specimen,train,False,zonglie,1
C1091702_V01_F00004_ee59e66d-1d56-464c-878c-97db8ba4c52c.jpg,C1091702_V01_F00004_ee59e66d-1d56-464c-878c-97db8ba4c52c.txt,C1091702,c_specimen,train,False,"yanghuatiepi,zonglie",3
C1091702_V01_F00005_573cbcf4-4a3e-467e-934d-3f0d7a733093.jpg,C1091702_V01_F00005_573cbcf4-4a3e-467e-934d-3f0d7a733093.txt,C1091702,c_specimen,train,False,zonglie,1
C1091712_V01_F00003_a293827a-c51f-4c67-a6b4-e8ad51b7eb83.jpg,C1091712_V01_F00003_a293827a-c51f-4c67-a6b4-e8ad51b7eb83.txt,C1091712,c_specimen,train,False,yiwuyaru,1
C1091728_V02_F00006_9e9e1feb-3cca-480d-b797-dcdac22221e1.jpg,C1091728_V02_F00006_9e9e1feb-3cca-480d-b797-dcdac22221e1.txt,C1091728,c_specimen,train,False,yiwuyaru,1
C1092493_V01_F00001_2901632d-256f-40af-856b-4db305a6c482.jpg,C1092493_V01_F00001_2901632d-256f-40af-856b-4db305a6c482.txt,C1092493,c_specimen,train,False,zonglie,2
C1092494_V01_F00005_d0f414f7-0a52-4150-8a95-68636187dfa2.jpg,C1092494_V01_F00005_d0f414f7-0a52-4150-8a95-68636187dfa2.txt,C1092494,c_specimen,train,False,zonglie,1
C1092494_V01_F00006_a2545a03-8454-4cac-adc1-8a86dcd0a64d.jpg,C1092494_V01_F00006_a2545a03-8454-4cac-adc1-8a86dcd0a64d.txt,C1092494,c_specimen,train,False,zonglie,2
C1092494_V01_F00007_3227d3cc-f209-46dd-9a10-aed0db876e9c.jpg,C1092494_V01_F00007_3227d3cc-f209-46dd-9a10-aed0db876e9c.txt,C1092494,c_specimen,train,False,zonglie,2
C1093256_V01_F00002_28f5db85-418e-4d2a-b536-6cb6bbfe51f9.jpg,C1093256_V01_F00002_28f5db85-418e-4d2a-b536-6cb6bbfe51f9.txt,C1093256,c_specimen,train,False,"jieba,zonglie",2
C1093258_V01_F00009_384ae20f-1797-47fa-a64a-3eb51d0bf722.jpg,C1093258_V01_F00009_384ae20f-1797-47fa-a64a-3eb51d0bf722.txt,C1093258,c_specimen,train,False,"yanghuatiepi,zonglie",4
C1094877_V01_F00006_84fccb13-03f9-4a3a-9f0f-c567249e1239.jpg,C1094877_V01_F00006_84fccb13-03f9-4a3a-9f0f-c567249e1239.txt,C1094877,c_specimen,train,False,zonglie,2
C1095342_V01_F00008_16af8437-4b14-4d0e-b6db-303a79ecd31a.jpg,C1095342_V01_F00008_16af8437-4b14-4d0e-b6db-303a79ecd31a.txt,C1095342,c_specimen,train,False,zonglie,3
C1095343_V01_F00004_2afcb343-ef41-4d89-9cd0-ddf5fbee2edc.jpg,C1095343_V01_F00004_2afcb343-ef41-4d89-9cd0-ddf5fbee2edc.txt,C1095343,c_specimen,train,False,zonglie,2
C1095666_V01_F00011_5a85eeb3-8435-4aee-bc03-d36d42117310.jpg,C1095666_V01_F00011_5a85eeb3-8435-4aee-bc03-d36d42117310.txt,C1095666,c_specimen,train,False,"yanghuatiepi,zonglie",6
C1096335_V01_F00009_af8242cf-eaf8-48c3-a928-1145814e9acc.jpg,C1096335_V01_F00009_af8242cf-eaf8-48c3-a928-1145814e9acc.txt,C1096335,c_specimen,train,False,zonglie,2
C1097967_V01_F00007_6272fcb3-0248-4c54-adbe-bf881ced500e.jpg,C1097967_V01_F00007_6272fcb3-0248-4c54-adbe-bf881ced500e.txt,C1097967,c_specimen,train,False,zonglie,3
C1097978_V01_F00001_03cfbf48-200a-424c-9ad1-b96d7c71d9ff.jpg,C1097978_V01_F00001_03cfbf48-200a-424c-9ad1-b96d7c71d9ff.txt,C1097978,c_specimen,train,False,"mamianmakeng,yanghuatiepi,zonglie",4
C1098590_V01_F00005_474bfc65-c87c-4e85-b26b-10acac56a069.jpg,C1098590_V01_F00005_474bfc65-c87c-4e85-b26b-10acac56a069.txt,C1098590,c_specimen,val,False,zonglie,4
C1098590_V01_F00006_b4e40289-1047-4d67-b054-f6f27bba1d3a.jpg,C1098590_V01_F00006_b4e40289-1047-4d67-b054-f6f27bba1d3a.txt,C1098590,c_specimen,val,False,"yanghuatiepi,zonglie",3
C1098590_V01_F00007_9a62e988-3510-442a-8ec8-42f474c21531.jpg,C1098590_V01_F00007_9a62e988-3510-442a-8ec8-42f474c21531.txt,C1098590,c_specimen,val,False,zonglie,1
C1098591_V01_F00010_1940c9e7-4b1b-4cc0-88ff-804a4748e9b5.jpg,C1098591_V01_F00010_1940c9e7-4b1b-4cc0-88ff-804a4748e9b5.txt,C1098591,c_specimen,train,False,zonglie,4
C1098591_V01_F00012_0d163970-112d-4b8d-bb8c-3a90236732d0.jpg,C1098591_V01_F00012_0d163970-112d-4b8d-bb8c-3a90236732d0.txt,C1098591,c_specimen,train,False,zonglie,5
C1098641_V01_F00001_80f1af88-87cd-4641-9d97-e12c1a59a430.jpg,C1098641_V01_F00001_80f1af88-87cd-4641-9d97-e12c1a59a430.txt,C1098641,c_specimen,train,False,zonglie,2
C1101762_V01_F00007_dd73d406-cc57-4aa1-89a0-07a01d74fc51.jpg,C1101762_V01_F00007_dd73d406-cc57-4aa1-89a0-07a01d74fc51.txt,C1101762,c_specimen,train,False,"jiaza,zonglie",2
C1103594_V02_F00001_d57fb1c9-ccb1-4170-b2e4-dc19f7c6fac6.jpg,C1103594_V02_F00001_d57fb1c9-ccb1-4170-b2e4-dc19f7c6fac6.txt,C1103594,c_specimen,train,False,jieba,1
C1103665_V01_F00001_f7565d47-e361-4feb-b818-bb717d0d7141.jpg,C1103665_V01_F00001_f7565d47-e361-4feb-b818-bb717d0d7141.txt,C1103665,c_specimen,train,False,jieba,1
C1103665_V02_F00003_d056b7fd-a55e-4744-900f-ee7a22e30d1d.jpg,C1103665_V02_F00003_d056b7fd-a55e-4744-900f-ee7a22e30d1d.txt,C1103665,c_specimen,train,False,jieba,2
C1103717_V02_F00004_2c5f82cc-ae85-4161-8883-e8a5986d6650.jpg,C1103717_V02_F00004_2c5f82cc-ae85-4161-8883-e8a5986d6650.txt,C1103717,c_specimen,train,False,yiwuyaru,1
C1103980_V13_F00000_40a308ab-85e7-47f7-a59e-5938cca56cff.jpg,C1103980_V13_F00000_40a308ab-85e7-47f7-a59e-5938cca56cff.txt,C1103980,c_specimen,train,False,jieba,2
C1104076_V02_F00002_a35dfab5-a3f8-4a25-a5fd-c4a351a11101.jpg,C1104076_V02_F00002_a35dfab5-a3f8-4a25-a5fd-c4a351a11101.txt,C1104076,c_specimen,train,False,yiwuyaru,1
C1104224_V02_F00006_808573dd-3b7a-4ddc-aa77-c98e6c849a2f.jpg,C1104224_V02_F00006_808573dd-3b7a-4ddc-aa77-c98e6c849a2f.txt,C1104224,c_specimen,train,False,zonglie,1
C1104225_V00_F00003_23f7f13a-3bac-4823-a8d0-70d432751cf9.jpg,C1104225_V00_F00003_23f7f13a-3bac-4823-a8d0-70d432751cf9.txt,C1104225,c_specimen,train,False,jieba,1
C1104278_V01_F00006_6dc1704f-830a-4e64-b7eb-0b1e663e0e92.jpg,C1104278_V01_F00006_6dc1704f-830a-4e64-b7eb-0b1e663e0e92.txt,C1104278,c_specimen,train,False,yiwuyaru,1
C1104278_V02_F00006_ce8c29a8-a645-436e-9814-08484c3b55b5.jpg,C1104278_V02_F00006_ce8c29a8-a645-436e-9814-08484c3b55b5.txt,C1104278,c_specimen,train,False,"jieba,yiwuyaru",2
C1104325_V00_F00001_c7f6e684-6869-47df-af4e-c540249c2b6b.jpg,C1104325_V00_F00001_c7f6e684-6869-47df-af4e-c540249c2b6b.txt,C1104325,c_specimen,train,False,yiwuyaru,1
C1104325_V00_F00003_368ef035-4cee-4c46-8cf4-0e39f8a1ca0b.jpg,C1104325_V00_F00003_368ef035-4cee-4c46-8cf4-0e39f8a1ca0b.txt,C1104325,c_specimen,train,False,"mamianmakeng,yiwuyaru",5
C1104402_V03_F00004_599d63ca-ad07-4c50-ba70-a383e20f91a8.jpg,C1104402_V03_F00004_599d63ca-ad07-4c50-ba70-a383e20f91a8.txt,C1104402,c_specimen,train,False,jieba,2
C1104478_V11_F00004_e444d087-bba1-4903-83ad-7151825e6af9.jpg,C1104478_V11_F00004_e444d087-bba1-4903-83ad-7151825e6af9.txt,C1104478,c_specimen,train,False,yiwuyaru,1
C1104611_V00_F00001_4f85eecf-5601-4c1e-99b7-2d0c6349629d.jpg,C1104611_V00_F00001_4f85eecf-5601-4c1e-99b7-2d0c6349629d.txt,C1104611,c_specimen,train,False,"jieba,mamianmakeng",4
C1104611_V01_F00002_d6922eca-c557-4699-b56e-93735deeeb84.jpg,C1104611_V01_F00002_d6922eca-c557-4699-b56e-93735deeeb84.txt,C1104611,c_specimen,train,False,"gunyin,yiwuyaru",2
C1104613_V11_F00001_597ed6ee-4d46-4c41-bdbb-840bd1e2010c.jpg,C1104613_V11_F00001_597ed6ee-4d46-4c41-bdbb-840bd1e2010c.txt,C1104613,c_specimen,train,False,"jieba,yiwuyaru",2
C1104648_V01_F00002_aee9e4cb-decd-4c75-8765-a7307c08f574.jpg,C1104648_V01_F00002_aee9e4cb-decd-4c75-8765-a7307c08f574.txt,C1104648,c_specimen,val,False,"jieba,yiwuyaru",5
C1104691_V00_F00001_853c9ea5-bd5f-4c46-8209-14f3c99f78f7.jpg,C1104691_V00_F00001_853c9ea5-bd5f-4c46-8209-14f3c99f78f7.txt,C1104691,c_specimen,train,False,jieba,1
C1104694_V02_F00001_3dc181a7-0a98-4ed7-8804-19819482588a.jpg,C1104694_V02_F00001_3dc181a7-0a98-4ed7-8804-19819482588a.txt,C1104694,c_specimen,train,False,yiwuyaru,1
C1104694_V12_F00009_e932e8b9-ed12-4686-ba5d-19ede6b14abb.jpg,C1104694_V12_F00009_e932e8b9-ed12-4686-ba5d-19ede6b14abb.txt,C1104694,c_specimen,train,False,yiwuyaru,1
C1104733_V00_F00000_989a5d3d-d107-4c5e-905c-af7cda8ad91d.jpg,C1104733_V00_F00000_989a5d3d-d107-4c5e-905c-af7cda8ad91d.txt,C1104733,c_specimen,train,False,jieba,1
C1104738_V01_F00001_e4b58cf9-dad9-4230-8bdb-e1da17e0faaf.jpg,C1104738_V01_F00001_e4b58cf9-dad9-4230-8bdb-e1da17e0faaf.txt,C1104738,c_specimen,train,False,yiwuyaru,1
C1104761_V01_F00006_e5cf70c1-bdaa-45eb-b3b0-3f38b5daa854.jpg,C1104761_V01_F00006_e5cf70c1-bdaa-45eb-b3b0-3f38b5daa854.txt,C1104761,c_specimen,train,False,zonglie,1
C1104761_V01_F00008_d216d580-72ef-4657-8e77-c43015103867.jpg,C1104761_V01_F00008_d216d580-72ef-4657-8e77-c43015103867.txt,C1104761,c_specimen,train,False,zonglie,4
C1104873_V02_F00005_dab7e0bf-539a-4051-8618-876dd43f4641.jpg,C1104873_V02_F00005_dab7e0bf-539a-4051-8618-876dd43f4641.txt,C1104873,c_specimen,train,False,yiwuyaru,1
C1109514_V02_F00006_6d2472d9-adfc-45ef-9c16-95daa040f141.jpg,C1109514_V02_F00006_6d2472d9-adfc-45ef-9c16-95daa040f141.txt,C1109514,c_specimen,train,False,jieba,1
C1109532_V00_F00000_425d51b0-8981-461f-a43f-f4c51598f9da.jpg,C1109532_V00_F00000_425d51b0-8981-461f-a43f-f4c51598f9da.txt,C1109532,c_specimen,train,False,jieba,1
C1109549_V00_F00002_e0910348-13a7-4f89-8874-ea49728a9a26.jpg,C1109549_V00_F00002_e0910348-13a7-4f89-8874-ea49728a9a26.txt,C1109549,c_specimen,val,False,"mamianmakeng,yanghuatiepi",2
C1109549_V02_F00005_f64305b7-85eb-4a53-9522-bb3511d9b225.jpg,C1109549_V02_F00005_f64305b7-85eb-4a53-9522-bb3511d9b225.txt,C1109549,c_specimen,val,False,yiwuyaru,3
C1109556_V11_F00003_885486e1-6abb-4445-8896-d963343b001d.jpg,C1109556_V11_F00003_885486e1-6abb-4445-8896-d963343b001d.txt,C1109556,c_specimen,val,False,yiwuyaru,1
C1109564_V01_F00005_c7795e4e-1b3e-48e7-b326-d37398e899e2.jpg,C1109564_V01_F00005_c7795e4e-1b3e-48e7-b326-d37398e899e2.txt,C1109564,c_specimen,train,False,yiwuyaru,1
C1109567_V02_F00005_fead8cfc-1c92-4e5e-ad71-383b536c2756.jpg,C1109567_V02_F00005_fead8cfc-1c92-4e5e-ad71-383b536c2756.txt,C1109567,c_specimen,train,False,yiwuyaru,1
C1109632_V13_F00001_99aefd6a-c2d3-4d7f-ad5a-8cee5a8119ea.jpg,C1109632_V13_F00001_99aefd6a-c2d3-4d7f-ad5a-8cee5a8119ea.txt,C1109632,c_specimen,train,False,jieba,4
C1109672_V10_F00000_aee158ae-b48a-4fba-b51f-6d3482a8a4b7.jpg,C1109672_V10_F00000_aee158ae-b48a-4fba-b51f-6d3482a8a4b7.txt,C1109672,c_specimen,train,False,jieba,1
C1109701_V01_F00009_2d722397-01f7-4e54-8bf9-07f5c59ed427.jpg,C1109701_V01_F00009_2d722397-01f7-4e54-8bf9-07f5c59ed427.txt,C1109701,c_specimen,train,False,zonglie,1
C1109701_V01_F00011_4d8e75d4-484d-4f1b-a42e-1ebf65638808.jpg,C1109701_V01_F00011_4d8e75d4-484d-4f1b-a42e-1ebf65638808.txt,C1109701,c_specimen,train,False,"yanghuatiepi,zonglie",3
C1109701_V01_F00012_5d20753b-9078-472c-ab89-85ad0310551f.jpg,C1109701_V01_F00012_5d20753b-9078-472c-ab89-85ad0310551f.txt,C1109701,c_specimen,train,False,zonglie,1
C1109702_V01_F00001_e5773398-0046-4041-9eff-44f24d1cbdab.jpg,C1109702_V01_F00001_e5773398-0046-4041-9eff-44f24d1cbdab.txt,C1109702,c_specimen,val,False,"yanghuatiepi,zonglie",4
C1109702_V01_F00003_4563735e-483f-41b1-99c5-e828f994f285.jpg,C1109702_V01_F00003_4563735e-483f-41b1-99c5-e828f994f285.txt,C1109702,c_specimen,val,False,zonglie,1
C1109702_V01_F00004_e12f9990-944d-4656-b619-5128588d1c21.jpg,C1109702_V01_F00004_e12f9990-944d-4656-b619-5128588d1c21.txt,C1109702,c_specimen,val,False,zonglie,3
C1109702_V01_F00006_05a8ed5a-a52a-4676-9c0d-3fb316772cfc.jpg,C1109702_V01_F00006_05a8ed5a-a52a-4676-9c0d-3fb316772cfc.txt,C1109702,c_specimen,val,False,zonglie,2
C1109702_V01_F00007_105a6ae0-9e6e-4f09-9ba2-90af1c6f7209.jpg,C1109702_V01_F00007_105a6ae0-9e6e-4f09-9ba2-90af1c6f7209.txt,C1109702,c_specimen,val,False,zonglie,1
C1109977_V11_F00001_cff13a64-17d0-4ef3-adc0-95637a2c7398.jpg,C1109977_V11_F00001_cff13a64-17d0-4ef3-adc0-95637a2c7398.txt,C1109977,c_specimen,train,False,yiwuyaru,1
C1109988_V02_F00012_8bc2ba23-b597-4ac1-b7e4-8c839f60e125.jpg,C1109988_V02_F00012_8bc2ba23-b597-4ac1-b7e4-8c839f60e125.txt,C1109988,c_specimen,train,False,yiwuyaru,1
C1110103_V02_F00007_89a0dc57-84cc-4633-951a-756f215bd653.jpg,C1110103_V02_F00007_89a0dc57-84cc-4633-951a-756f215bd653.txt,C1110103,c_specimen,val,False,yiwuyaru,1
C1110182_V13_F00008_f651c16e-fd66-4545-b03b-6549fbc8c6a6.jpg,C1110182_V13_F00008_f651c16e-fd66-4545-b03b-6549fbc8c6a6.txt,C1110182,c_specimen,train,False,jieba,1
C1110259_V00_F00004_d03c919e-7457-42e5-a732-2d1f73477c23.jpg,C1110259_V00_F00004_d03c919e-7457-42e5-a732-2d1f73477c23.txt,C1110259,c_specimen,train,False,"yanghuatiepi,yiwuyaru",2
C1110279_V03_F00001_e3a366b8-7da0-44d6-b9e6-cf892f204449.jpg,C1110279_V03_F00001_e3a366b8-7da0-44d6-b9e6-cf892f204449.txt,C1110279,c_specimen,train,False,"yanghuatiepi,yiwuyaru",2
C1110315_V01_F00002_cc4e7e48-b0b1-46fe-996a-75afff017949.jpg,C1110315_V01_F00002_cc4e7e48-b0b1-46fe-996a-75afff017949.txt,C1110315,c_specimen,train,False,yiwuyaru,1
C1110318_V02_F00001_f39e862b-34d0-4d55-a4f7-bf8ca22db7d5.jpg,C1110318_V02_F00001_f39e862b-34d0-4d55-a4f7-bf8ca22db7d5.txt,C1110318,c_specimen,train,False,yiwuyaru,1
C1110379_V13_F00000_96579f1f-afe2-4704-895e-561d42755793.jpg,C1110379_V13_F00000_96579f1f-afe2-4704-895e-561d42755793.txt,C1110379,c_specimen,val,False,jieba,1
C1110461_V02_F00005_b7e0cd45-a280-4ef0-b0b4-662db30716f5.jpg,C1110461_V02_F00005_b7e0cd45-a280-4ef0-b0b4-662db30716f5.txt,C1110461,c_specimen,train,False,yiwuyaru,1
C1110698_V11_F00001_2abda4eb-4789-401d-98af-7e3f577f8476.jpg,C1110698_V11_F00001_2abda4eb-4789-401d-98af-7e3f577f8476.txt,C1110698,c_specimen,train,False,jieba,4
C1110746_V01_F00002_aeee404f-eb97-42ef-b9c1-5e6e631638a5.jpg,C1110746_V01_F00002_aeee404f-eb97-42ef-b9c1-5e6e631638a5.txt,C1110746,c_specimen,train,False,jieba,3
C1110807_V01_F00004_0151808f-741c-4130-bf48-f31d4cb90000.jpg,C1110807_V01_F00004_0151808f-741c-4130-bf48-f31d4cb90000.txt,C1110807,c_specimen,train,False,"yanghuatiepi,zonglie",3
C1110808_V01_F00002_ab96413d-636d-4420-b77c-88ae973f2e82.jpg,C1110808_V01_F00002_ab96413d-636d-4420-b77c-88ae973f2e82.txt,C1110808,c_specimen,train,False,"yanghuatiepi,zonglie",5
C1110808_V01_F00006_7c53c24f-e96c-40fa-9369-420e171dbf9f.jpg,C1110808_V01_F00006_7c53c24f-e96c-40fa-9369-420e171dbf9f.txt,C1110808,c_specimen,train,False,"yanghuatiepi,zonglie",5
C1111005_V02_F00003_62267d65-e517-4c4c-bfd4-e566e29bed26.jpg,C1111005_V02_F00003_62267d65-e517-4c4c-bfd4-e566e29bed26.txt,C1111005,c_specimen,train,False,mamianmakeng,1
C1111104_V01_F00005_f5cb5003-1b0a-4258-a40e-b31a165b68ca.jpg,C1111104_V01_F00005_f5cb5003-1b0a-4258-a40e-b31a165b68ca.txt,C1111104,c_specimen,train,False,mamianmakeng,1
C1111280_V02_F00007_b2550ea2-f928-4779-b018-2020e957195e.jpg,C1111280_V02_F00007_b2550ea2-f928-4779-b018-2020e957195e.txt,C1111280,c_specimen,train,False,mamianmakeng,1
C1111280_V02_F00010_a791641e-5b3b-40d6-b7f2-a8de25410b03.jpg,C1111280_V02_F00010_a791641e-5b3b-40d6-b7f2-a8de25410b03.txt,C1111280,c_specimen,train,False,mamianmakeng,1
C1111298_V00_F00012_490ae05c-6026-4540-900d-c5a76c31abbc.jpg,C1111298_V00_F00012_490ae05c-6026-4540-900d-c5a76c31abbc.txt,C1111298,c_specimen,train,False,mamianmakeng,1
C1111298_V01_F00012_2c1d66e9-53e3-43d6-95e3-922745135228.jpg,C1111298_V01_F00012_2c1d66e9-53e3-43d6-95e3-922745135228.txt,C1111298,c_specimen,train,False,"mamianmakeng,yanghuatiepi",2
C1111299_V02_F00003_a5b3fe3a-f372-4308-a82b-4ee9e5184ac2.jpg,C1111299_V02_F00003_a5b3fe3a-f372-4308-a82b-4ee9e5184ac2.txt,C1111299,c_specimen,train,False,mamianmakeng,1
C1111317_V13_F00000_5c77b1b6-7683-4402-976d-aa538bff7cb1.jpg,C1111317_V13_F00000_5c77b1b6-7683-4402-976d-aa538bff7cb1.txt,C1111317,c_specimen,train,False,jieba,2
C1111437_V02_F00009_74d54169-0ba9-46d4-9686-77324adfef1b.jpg,C1111437_V02_F00009_74d54169-0ba9-46d4-9686-77324adfef1b.txt,C1111437,c_specimen,train,False,yiwuyaru,3
C1111437_V10_F00001_282afe7a-4f6f-4229-87ca-796d94ab70e1.jpg,C1111437_V10_F00001_282afe7a-4f6f-4229-87ca-796d94ab70e1.txt,C1111437,c_specimen,train,False,jieba,1
C1111452_V00_F00003_09162d72-d291-4692-a774-8a22975ef4e4.jpg,C1111452_V00_F00003_09162d72-d291-4692-a774-8a22975ef4e4.txt,C1111452,c_specimen,train,False,jieba,1
C1111463_V01_F00009_432cc8bf-17b9-4017-9a5f-ca59013cce48.jpg,C1111463_V01_F00009_432cc8bf-17b9-4017-9a5f-ca59013cce48.txt,C1111463,c_specimen,train,False,yiwuyaru,1
C1111487_V00_F00010_455d7460-550e-4cf8-a535-ca4f209823ca.jpg,C1111487_V00_F00010_455d7460-550e-4cf8-a535-ca4f209823ca.txt,C1111487,c_specimen,train,False,zonglie,1
C1111487_V10_F00004_11a18cc9-b873-4694-a80d-79342ded1737.jpg,C1111487_V10_F00004_11a18cc9-b873-4694-a80d-79342ded1737.txt,C1111487,c_specimen,train,False,yiwuyaru,2
C1111512_V13_F00000_eb917ed9-598b-4576-89fa-7db813716740.jpg,C1111512_V13_F00000_eb917ed9-598b-4576-89fa-7db813716740.txt,C1111512,c_specimen,train,False,jieba,5
C1111523_V10_F00002_9ca148bf-3a3f-4b3b-a727-89a269b0f725.jpg,C1111523_V10_F00002_9ca148bf-3a3f-4b3b-a727-89a269b0f725.txt,C1111523,c_specimen,train,False,"jieba,yiwuyaru",3
C1111523_V10_F00009_1dc5ebfc-fb68-4356-8e07-c7a88834a822.jpg,C1111523_V10_F00009_1dc5ebfc-fb68-4356-8e07-c7a88834a822.txt,C1111523,c_specimen,train,False,yiwuyaru,1
C1111523_V11_F00004_8c1c593c-6a29-4f2e-9b8e-5ad75e0e9505.jpg,C1111523_V11_F00004_8c1c593c-6a29-4f2e-9b8e-5ad75e0e9505.txt,C1111523,c_specimen,train,False,yiwuyaru,2
C1111523_V11_F00009_cdca61a3-bc92-42ba-814c-82ff877152e0.jpg,C1111523_V11_F00009_cdca61a3-bc92-42ba-814c-82ff877152e0.txt,C1111523,c_specimen,train,False,yiwuyaru,1
C1111524_V11_F00002_8d6372dc-84b9-45ab-903f-312a7be86c3c.jpg,C1111524_V11_F00002_8d6372dc-84b9-45ab-903f-312a7be86c3c.txt,C1111524,c_specimen,train,False,yiwuyaru,2
C1111538_V00_F00010_a2da7a69-dc50-4ee0-82b0-82ac15f60de9.jpg,C1111538_V00_F00010_a2da7a69-dc50-4ee0-82b0-82ac15f60de9.txt,C1111538,c_specimen,train,False,"mamianmakeng,yanghuatiepi",4
C1111776_V00_F00001_f61ca677-5702-4ecc-ac77-93cdab73c443.jpg,C1111776_V00_F00001_f61ca677-5702-4ecc-ac77-93cdab73c443.txt,C1111776,c_specimen,train,False,"mamianmakeng,yanghuatiepi",5
C1112690_V02_F00008_d5152128-3a0c-471c-91cc-f2f7366f1311.jpg,C1112690_V02_F00008_d5152128-3a0c-471c-91cc-f2f7366f1311.txt,C1112690,c_specimen,train,False,"yanghuatiepi,yiwuyaru,zonglie",3
C1112712_V01_F00006_8ac816e7-0044-4d63-8653-92d15405ec45.jpg,C1112712_V01_F00006_8ac816e7-0044-4d63-8653-92d15405ec45.txt,C1112712,c_specimen,train,False,yiwuyaru,1
C1112716_V01_F00001_79b33a34-174c-4dd3-b473-b03052d760ff.jpg,C1112716_V01_F00001_79b33a34-174c-4dd3-b473-b03052d760ff.txt,C1112716,c_specimen,train,False,jieba,1
C1112737_V03_F00004_7c5b70fa-aea1-490a-a923-f1e8ee4aecb4.jpg,C1112737_V03_F00004_7c5b70fa-aea1-490a-a923-f1e8ee4aecb4.txt,C1112737,c_specimen,train,False,yiwuyaru,1
C1112746_V01_F00003_be534aaf-8a79-4dbe-a08f-d7e47bb28f3a.jpg,C1112746_V01_F00003_be534aaf-8a79-4dbe-a08f-d7e47bb28f3a.txt,C1112746,c_specimen,train,False,zonglie,2
C1112805_V02_F00013_3ab5fa1f-e609-44b6-acbc-3aab5a6a8e9e.jpg,C1112805_V02_F00013_3ab5fa1f-e609-44b6-acbc-3aab5a6a8e9e.txt,C1112805,c_specimen,train,False,jieba,1
C1112806_V10_F00007_4c018885-f799-4290-a5dc-162235f4940a.jpg,C1112806_V10_F00007_4c018885-f799-4290-a5dc-162235f4940a.txt,C1112806,c_specimen,train,False,jieba,1
C1112840_V01_F00002_d684e1da-2b4b-4172-9aab-4aeb87dba00c.jpg,C1112840_V01_F00002_d684e1da-2b4b-4172-9aab-4aeb87dba00c.txt,C1112840,c_specimen,train,False,zonglie,2
C1112907_V00_F00006_36067822-fa64-41d5-b472-b39161889add.jpg,C1112907_V00_F00006_36067822-fa64-41d5-b472-b39161889add.txt,C1112907,c_specimen,val,False,jiaza,1
C1112907_V01_F00006_bc6b175e-2930-46db-ab67-951cf3937af5.jpg,C1112907_V01_F00006_bc6b175e-2930-46db-ab67-951cf3937af5.txt,C1112907,c_specimen,val,False,jiaza,2
C1112907_V02_F00012_4067c79c-05d3-41d4-9542-edcac1162a97.jpg,C1112907_V02_F00012_4067c79c-05d3-41d4-9542-edcac1162a97.txt,C1112907,c_specimen,val,False,jiaza,1
C1112961_V00_F00001_95665408-6c67-4bdb-a8dc-560a669dcf02.jpg,C1112961_V00_F00001_95665408-6c67-4bdb-a8dc-560a669dcf02.txt,C1112961,c_specimen,train,False,jieba,1
C1112973_V02_F00002_f9cb6f71-6dfd-4c88-bcce-25bea4c7a58c.jpg,C1112973_V02_F00002_f9cb6f71-6dfd-4c88-bcce-25bea4c7a58c.txt,C1112973,c_specimen,train,False,yiwuyaru,1
C1112996_V02_F00007_36aa876f-fd14-42d3-8b1b-2498c14f9ff4.jpg,C1112996_V02_F00007_36aa876f-fd14-42d3-8b1b-2498c14f9ff4.txt,C1112996,c_specimen,train,False,"yanghuatiepi,yiwuyaru",2
C1113004_V02_F00007_ddf0f57f-1ebc-4ff9-910f-575748ddde3b.jpg,C1113004_V02_F00007_ddf0f57f-1ebc-4ff9-910f-575748ddde3b.txt,C1113004,c_specimen,train,False,mamianmakeng,3
C1113006_V03_F00003_345f0da0-d0d0-4f86-b04a-2d851476d8af.jpg,C1113006_V03_F00003_345f0da0-d0d0-4f86-b04a-2d851476d8af.txt,C1113006,c_specimen,train,False,mamianmakeng,1
C1113014_V01_F00011_572ceded-55b4-4cdb-97db-2588b5a8bb85.jpg,C1113014_V01_F00011_572ceded-55b4-4cdb-97db-2588b5a8bb85.txt,C1113014,c_specimen,train,False,yiwuyaru,2
C1113610_V01_F00011_145d8c36-bf40-4e33-8605-1aabc34396be.jpg,C1113610_V01_F00011_145d8c36-bf40-4e33-8605-1aabc34396be.txt,C1113610,c_specimen,train,False,zonglie,1
C1113907_V11_F00001_1888f57b-d6a9-4e0f-a9ee-136c853a521d.jpg,C1113907_V11_F00001_1888f57b-d6a9-4e0f-a9ee-136c853a521d.txt,C1113907,c_specimen,train,False,jieba,1
C1113952_V00_F00010_044e9195-45b8-4b65-88f3-c90309c2d49e.jpg,C1113952_V00_F00010_044e9195-45b8-4b65-88f3-c90309c2d49e.txt,C1113952,c_specimen,train,False,jieba,7
C1114100_V01_F00011_9fe96cb1-1fde-45ef-9bed-ffad4ab3d971.jpg,C1114100_V01_F00011_9fe96cb1-1fde-45ef-9bed-ffad4ab3d971.txt,C1114100,c_specimen,train,False,yiwuyaru,1
C1114173_V13_F00001_dafa55fa-87f8-48fc-8ac5-7455ebc8f86e.jpg,C1114173_V13_F00001_dafa55fa-87f8-48fc-8ac5-7455ebc8f86e.txt,C1114173,c_specimen,train,False,jieba,3
C1114209_V13_F00000_10b43632-b333-4997-945b-75306029b2f2.jpg,C1114209_V13_F00000_10b43632-b333-4997-945b-75306029b2f2.txt,C1114209,c_specimen,train,False,jieba,2
C1114246_V11_F00002_d94c8456-711c-4076-ae2f-9305632056aa.jpg,C1114246_V11_F00002_d94c8456-711c-4076-ae2f-9305632056aa.txt,C1114246,c_specimen,train,False,yiwuyaru,1
C1114270_V02_F00010_2ece5839-c3af-4854-881d-ce6d697d60ec.jpg,C1114270_V02_F00010_2ece5839-c3af-4854-881d-ce6d697d60ec.txt,C1114270,c_specimen,train,False,yiwuyaru,2
C1114275_V02_F00006_eecb0553-e805-4b2a-919d-fd3a6b1a1126.jpg,C1114275_V02_F00006_eecb0553-e805-4b2a-919d-fd3a6b1a1126.txt,C1114275,c_specimen,train,False,yiwuyaru,1
C1114284_V12_F00032_9cb42838-6e5d-47c7-9c88-adb801528b27.jpg,C1114284_V12_F00032_9cb42838-6e5d-47c7-9c88-adb801528b27.txt,C1114284,c_specimen,train,False,yiwuyaru,1
C1114284_V13_F00032_51a12ace-94a5-4d06-a7e6-b050170db0ac.jpg,C1114284_V13_F00032_51a12ace-94a5-4d06-a7e6-b050170db0ac.txt,C1114284,c_specimen,train,False,yiwuyaru,1
C1114300_V01_F00002_67de1ca7-15c7-40b1-b528-c3aecb35682e.jpg,C1114300_V01_F00002_67de1ca7-15c7-40b1-b528-c3aecb35682e.txt,C1114300,c_specimen,train,False,"jieba,yiwuyaru",2
C1114300_V13_F00002_e8450b5e-7184-423e-ad51-b6ffa6e4ca53.jpg,C1114300_V13_F00002_e8450b5e-7184-423e-ad51-b6ffa6e4ca53.txt,C1114300,c_specimen,train,False,jieba,2
C1114301_V02_F00010_caa0bdc2-2453-4a31-97de-9c7dce3c2bf9.jpg,C1114301_V02_F00010_caa0bdc2-2453-4a31-97de-9c7dce3c2bf9.txt,C1114301,c_specimen,train,False,"jieba,yiwuyaru",2
C1114305_V00_F00004_771b915c-95ea-4717-b773-05882c2c9c13.jpg,C1114305_V00_F00004_771b915c-95ea-4717-b773-05882c2c9c13.txt,C1114305,c_specimen,train,False,yiwuyaru,1
C1114317_V03_F00007_df201d21-20d0-4c3c-9be2-1ce3e2a3d96d.jpg,C1114317_V03_F00007_df201d21-20d0-4c3c-9be2-1ce3e2a3d96d.txt,C1114317,c_specimen,train,False,jieba,2
C1114335_V01_F00010_d23b134a-cd58-4cf3-b2d1-2465d70e756a.jpg,C1114335_V01_F00010_d23b134a-cd58-4cf3-b2d1-2465d70e756a.txt,C1114335,c_specimen,train,False,zonglie,1
C1114336_V01_F00012_5dde8587-bde1-4b71-95f3-9b998fc28280.jpg,C1114336_V01_F00012_5dde8587-bde1-4b71-95f3-9b998fc28280.txt,C1114336,c_specimen,train,False,zonglie,1
C1114336_V01_F00013_9c51f10d-4235-4568-9494-4545d824ed3f.jpg,C1114336_V01_F00013_9c51f10d-4235-4568-9494-4545d824ed3f.txt,C1114336,c_specimen,train,False,zonglie,1
C1122549_V01_F00003_5187f101-3a86-47ec-82e1-3eab9a4573bf.jpg,C1122549_V01_F00003_5187f101-3a86-47ec-82e1-3eab9a4573bf.txt,C1122549,c_specimen,train,False,zonglie,1
C1122549_V01_F00004_043c0266-fe55-4ddc-97e8-66c4d187d5ee.jpg,C1122549_V01_F00004_043c0266-fe55-4ddc-97e8-66c4d187d5ee.txt,C1122549,c_specimen,train,False,zonglie,2
C1122549_V01_F00006_58bc1037-e904-42d1-8bdf-adef3c3aba0e.jpg,C1122549_V01_F00006_58bc1037-e904-42d1-8bdf-adef3c3aba0e.txt,C1122549,c_specimen,train,False,zonglie,2
C1122863_V00_F00008_240f763c-d124-4c81-9f38-c089a61fd889.jpg,C1122863_V00_F00008_240f763c-d124-4c81-9f38-c089a61fd889.txt,C1122863,c_specimen,train,False,gunyin,1
C1122866_V00_F00001_59aa88ed-f671-4118-a777-ff7a22e7d696.jpg,C1122866_V00_F00001_59aa88ed-f671-4118-a777-ff7a22e7d696.txt,C1122866,c_specimen,train,False,gunyin,1
C1122880_V00_F00005_1bd4152c-806e-44c6-a464-d620121486c4.jpg,C1122880_V00_F00005_1bd4152c-806e-44c6-a464-d620121486c4.txt,C1122880,c_specimen,train,False,gunyin,1
C1122880_V00_F00008_8ba32973-fed2-4c16-814d-601e84386948.jpg,C1122880_V00_F00008_8ba32973-fed2-4c16-814d-601e84386948.txt,C1122880,c_specimen,train,False,gunyin,1
C1122884_V00_F00010_3b9c10b3-4fc0-46ea-b108-c37fe5b2a6a0.jpg,C1122884_V00_F00010_3b9c10b3-4fc0-46ea-b108-c37fe5b2a6a0.txt,C1122884,c_specimen,train,False,gunyin,1
C1122885_V00_F00009_a2593b14-cf8f-4230-85c4-35fbdbfb6944.jpg,C1122885_V00_F00009_a2593b14-cf8f-4230-85c4-35fbdbfb6944.txt,C1122885,c_specimen,train,False,gunyin,1
C1122886_V00_F00007_407c3adf-64d0-4f0c-8734-a2caa293dcf9.jpg,C1122886_V00_F00007_407c3adf-64d0-4f0c-8734-a2caa293dcf9.txt,C1122886,c_specimen,train,False,gunyin,1
C1122924_V00_F00009_50caf2fb-a500-4a8a-a308-bba2cb03a277.jpg,C1122924_V00_F00009_50caf2fb-a500-4a8a-a308-bba2cb03a277.txt,C1122924,c_specimen,train,False,gunyin,1
C1122946_V00_F00009_cd4b0e6d-e9ff-4adc-98b4-fdc17e4f36d6.jpg,C1122946_V00_F00009_cd4b0e6d-e9ff-4adc-98b4-fdc17e4f36d6.txt,C1122946,c_specimen,train,False,gunyin,1
C1122979_V00_F00001_d39b78ae-b922-41ac-b5ac-1f7203b22ba0.jpg,C1122979_V00_F00001_d39b78ae-b922-41ac-b5ac-1f7203b22ba0.txt,C1122979,c_specimen,train,False,gunyin,1
C1123762_V02_F00007_48c800c1-16ad-4f8e-ac06-1634363f2e7b.jpg,C1123762_V02_F00007_48c800c1-16ad-4f8e-ac06-1634363f2e7b.txt,C1123762,c_specimen,train,False,gunyin,1
C1123764_V02_F00005_b1d24eb1-8e7d-4e4e-a0e2-1a471d4b4f58.jpg,C1123764_V02_F00005_b1d24eb1-8e7d-4e4e-a0e2-1a471d4b4f58.txt,C1123764,c_specimen,train,False,gunyin,1
C1123764_V02_F00008_879129e4-22ec-473b-af11-142c8121083e.jpg,C1123764_V02_F00008_879129e4-22ec-473b-af11-142c8121083e.txt,C1123764,c_specimen,train,False,gunyin,1
C1123764_V02_F00011_d55b4792-b11f-4a38-bfd1-6bd9fb088f25.jpg,C1123764_V02_F00011_d55b4792-b11f-4a38-bfd1-6bd9fb088f25.txt,C1123764,c_specimen,train,False,gunyin,1
C1123765_V02_F00003_0def98d0-cb63-45d3-a683-d9ad8260bf10.jpg,C1123765_V02_F00003_0def98d0-cb63-45d3-a683-d9ad8260bf10.txt,C1123765,c_specimen,train,False,gunyin,1
C1123765_V02_F00009_bd947d6c-9efe-4914-bd45-5f60dd7d87de.jpg,C1123765_V02_F00009_bd947d6c-9efe-4914-bd45-5f60dd7d87de.txt,C1123765,c_specimen,train,False,gunyin,1
C1123766_V02_F00004_7eaeba98-7a23-422e-9aed-dbeeafe4fdd1.jpg,C1123766_V02_F00004_7eaeba98-7a23-422e-9aed-dbeeafe4fdd1.txt,C1123766,c_specimen,train,False,gunyin,1
C1123767_V02_F00011_6841c6ad-35ac-4131-8128-1d738385ed40.jpg,C1123767_V02_F00011_6841c6ad-35ac-4131-8128-1d738385ed40.txt,C1123767,c_specimen,train,False,gunyin,1
C1123768_V02_F00003_6fdc3bf5-a385-4257-90bd-fc93bee90f97.jpg,C1123768_V02_F00003_6fdc3bf5-a385-4257-90bd-fc93bee90f97.txt,C1123768,c_specimen,train,False,gunyin,1
C1123768_V02_F00006_7f9c5cde-259a-4f4a-a64c-e66a65062760.jpg,C1123768_V02_F00006_7f9c5cde-259a-4f4a-a64c-e66a65062760.txt,C1123768,c_specimen,train,False,gunyin,1
C1123768_V02_F00009_4d79a9f3-2b26-4e96-9c70-12afc1e992ce.jpg,C1123768_V02_F00009_4d79a9f3-2b26-4e96-9c70-12afc1e992ce.txt,C1123768,c_specimen,train,False,gunyin,1
C1123769_V02_F00004_8e3e6fe4-035c-4835-b58b-cf4df312874a.jpg,C1123769_V02_F00004_8e3e6fe4-035c-4835-b58b-cf4df312874a.txt,C1123769,c_specimen,train,False,gunyin,1
C1123770_V02_F00005_4f27801c-c874-41bc-a299-c54fe323faa6.jpg,C1123770_V02_F00005_4f27801c-c874-41bc-a299-c54fe323faa6.txt,C1123770,c_specimen,train,False,gunyin,1
C1123772_V02_F00002_24b1a5ff-3505-4322-815f-56d2a31d5774.jpg,C1123772_V02_F00002_24b1a5ff-3505-4322-815f-56d2a31d5774.txt,C1123772,c_specimen,train,False,gunyin,1
C1123773_V02_F00002_e62b0165-5f5b-4724-8e36-52a7d9098297.jpg,C1123773_V02_F00002_e62b0165-5f5b-4724-8e36-52a7d9098297.txt,C1123773,c_specimen,train,False,gunyin,1
C1123775_V02_F00004_cc657caa-1ee2-401e-92e3-0b96c8c80199.jpg,C1123775_V02_F00004_cc657caa-1ee2-401e-92e3-0b96c8c80199.txt,C1123775,c_specimen,train,False,gunyin,1
C1123776_V02_F00010_3be3efc4-7c69-414b-9b16-48b734774a82.jpg,C1123776_V02_F00010_3be3efc4-7c69-414b-9b16-48b734774a82.txt,C1123776,c_specimen,train,False,gunyin,1
C1123778_V02_F00005_41d63a75-2b9e-43f3-b737-3e27bb6132fc.jpg,C1123778_V02_F00005_41d63a75-2b9e-43f3-b737-3e27bb6132fc.txt,C1123778,c_specimen,train,False,gunyin,1
C1123779_V02_F00003_67ac59ad-ef9a-4a51-bfa4-d2baa6307184.jpg,C1123779_V02_F00003_67ac59ad-ef9a-4a51-bfa4-d2baa6307184.txt,C1123779,c_specimen,train,False,gunyin,1
C1123785_V02_F00007_4d5ef61f-3769-4b2a-8b48-c42a7edd9417.jpg,C1123785_V02_F00007_4d5ef61f-3769-4b2a-8b48-c42a7edd9417.txt,C1123785,c_specimen,train,False,gunyin,1
C1123787_V02_F00008_3ac1d1da-20ec-427c-a0bd-b4966e601071.jpg,C1123787_V02_F00008_3ac1d1da-20ec-427c-a0bd-b4966e601071.txt,C1123787,c_specimen,train,False,gunyin,1
C1123789_V02_F00007_d83099d0-8196-4e2c-ba20-6b6292d907b8.jpg,C1123789_V02_F00007_d83099d0-8196-4e2c-ba20-6b6292d907b8.txt,C1123789,c_specimen,train,False,"gunyin,jieba,mamianmakeng",4
C1123790_V02_F00008_1afc3ccc-5f94-4f5f-b75b-648ccdf41e0a.jpg,C1123790_V02_F00008_1afc3ccc-5f94-4f5f-b75b-648ccdf41e0a.txt,C1123790,c_specimen,train,False,gunyin,1
C1123807_V02_F00007_503e89bc-c08d-4d04-b67d-9b3469116972.jpg,C1123807_V02_F00007_503e89bc-c08d-4d04-b67d-9b3469116972.txt,C1123807,c_specimen,train,False,gunyin,1
C1123825_V02_F00005_6f80f5a6-c5da-4321-b728-d81ecab2cb43.jpg,C1123825_V02_F00005_6f80f5a6-c5da-4321-b728-d81ecab2cb43.txt,C1123825,c_specimen,train,False,gunyin,2
C1123840_V02_F00007_010d11e8-e988-4235-afbd-9c37188334e6.jpg,C1123840_V02_F00007_010d11e8-e988-4235-afbd-9c37188334e6.txt,C1123840,c_specimen,train,False,gunyin,2
C1123842_V02_F00007_7ca39998-0a0b-4c17-b0d1-9eea63b430c7.jpg,C1123842_V02_F00007_7ca39998-0a0b-4c17-b0d1-9eea63b430c7.txt,C1123842,c_specimen,train,False,gunyin,2
C1124303_V00_F00006_289b7074-18d5-4fb6-aae1-346eb964d89f.jpg,C1124303_V00_F00006_289b7074-18d5-4fb6-aae1-346eb964d89f.txt,C1124303,c_specimen,train,False,gunyin,1
C1124305_V00_F00001_072d8033-3336-4b1f-872f-67db80447773.jpg,C1124305_V00_F00001_072d8033-3336-4b1f-872f-67db80447773.txt,C1124305,c_specimen,train,False,gunyin,1
C1124305_V00_F00010_57ccc79f-a40f-4110-ba17-0d95fd488f33.jpg,C1124305_V00_F00010_57ccc79f-a40f-4110-ba17-0d95fd488f33.txt,C1124305,c_specimen,train,False,gunyin,1
C1124305_V01_F00004_f2c2acdf-0766-4b41-90c3-206191ab1687.jpg,C1124305_V01_F00004_f2c2acdf-0766-4b41-90c3-206191ab1687.txt,C1124305,c_specimen,train,False,gunyin,1
C1124305_V01_F00010_995b4768-99f6-4280-8599-256147238089.jpg,C1124305_V01_F00010_995b4768-99f6-4280-8599-256147238089.txt,C1124305,c_specimen,train,False,gunyin,1
C1124326_V00_F00004_d62933eb-391e-4581-a318-fbab39687b1d.jpg,C1124326_V00_F00004_d62933eb-391e-4581-a318-fbab39687b1d.txt,C1124326,c_specimen,train,False,gunyin,1
C1124331_V01_F00007_1aee41ea-7729-4503-b84f-a68a5657a1b8.jpg,C1124331_V01_F00007_1aee41ea-7729-4503-b84f-a68a5657a1b8.txt,C1124331,c_specimen,train,False,gunyin,1
C1124333_V00_F00007_3349d953-5b6b-4b16-931c-055b957478f3.jpg,C1124333_V00_F00007_3349d953-5b6b-4b16-931c-055b957478f3.txt,C1124333,c_specimen,train,False,gunyin,1
C1124334_V00_F00002_b1c7bd9b-a7cd-416e-a074-361e2b254e41.jpg,C1124334_V00_F00002_b1c7bd9b-a7cd-416e-a074-361e2b254e41.txt,C1124334,c_specimen,train,False,gunyin,1
C1124350_V01_F00003_3b5a5f9f-150e-4152-9906-1e34a644ac6f.jpg,C1124350_V01_F00003_3b5a5f9f-150e-4152-9906-1e34a644ac6f.txt,C1124350,c_specimen,train,False,gunyin,1
C1124353_V01_F00004_303ae0f1-36a8-45ad-981d-a1f3df64d575.jpg,C1124353_V01_F00004_303ae0f1-36a8-45ad-981d-a1f3df64d575.txt,C1124353,c_specimen,train,False,gunyin,1
C1124363_V01_F00007_9f1686cf-2363-4421-beb1-b1b64e986dc8.jpg,C1124363_V01_F00007_9f1686cf-2363-4421-beb1-b1b64e986dc8.txt,C1124363,c_specimen,train,False,gunyin,1
C1124368_V01_F00001_f137a985-b8c8-435d-b053-4692503a277e.jpg,C1124368_V01_F00001_f137a985-b8c8-435d-b053-4692503a277e.txt,C1124368,c_specimen,train,False,gunyin,1
C1124387_V01_F00003_b0f798c0-788b-44c7-9a60-c107585b79e0.jpg,C1124387_V01_F00003_b0f798c0-788b-44c7-9a60-c107585b79e0.txt,C1124387,c_specimen,train,False,gunyin,1
C1124388_V00_F00003_6f2e484f-9e4b-451b-9245-e7078ada41d9.jpg,C1124388_V00_F00003_6f2e484f-9e4b-451b-9245-e7078ada41d9.txt,C1124388,c_specimen,train,False,gunyin,1
C1124388_V01_F00003_17ed0299-a60e-45e2-9590-4d712d1b5abd.jpg,C1124388_V01_F00003_17ed0299-a60e-45e2-9590-4d712d1b5abd.txt,C1124388,c_specimen,train,False,gunyin,1
C1124388_V01_F00009_a87164c1-35e9-4471-8f80-9f6e33d7bb6c.jpg,C1124388_V01_F00009_a87164c1-35e9-4471-8f80-9f6e33d7bb6c.txt,C1124388,c_specimen,train,False,gunyin,1
C1124391_V00_F00003_37bea4e1-c500-4361-8a37-746ec7365272.jpg,C1124391_V00_F00003_37bea4e1-c500-4361-8a37-746ec7365272.txt,C1124391,c_specimen,train,False,"gunyin,yiwuyaru",2
C1124396_V00_F00001_e7d5fa88-104d-4929-b621-b36d4da0a276.jpg,C1124396_V00_F00001_e7d5fa88-104d-4929-b621-b36d4da0a276.txt,C1124396,c_specimen,train,False,gunyin,1
C1124396_V00_F00009_838cae75-91e5-40a0-b074-58f324aac3eb.jpg,C1124396_V00_F00009_838cae75-91e5-40a0-b074-58f324aac3eb.txt,C1124396,c_specimen,train,False,gunyin,1
C1124397_V00_F00008_74a8d280-3071-48f7-8d88-db7047898d77.jpg,C1124397_V00_F00008_74a8d280-3071-48f7-8d88-db7047898d77.txt,C1124397,c_specimen,train,False,gunyin,1
C1124399_V00_F00004_7cbcbb38-8c39-4d58-8079-290e06fda9fa.jpg,C1124399_V00_F00004_7cbcbb38-8c39-4d58-8079-290e06fda9fa.txt,C1124399,c_specimen,train,False,gunyin,1
C1124416_V00_F00010_4ac934c7-a4e4-449c-98bd-fe94c7b5b374.jpg,C1124416_V00_F00010_4ac934c7-a4e4-449c-98bd-fe94c7b5b374.txt,C1124416,c_specimen,train,False,gunyin,1
C1124419_V00_F00008_1996e979-3577-452b-b667-787159c02bb3.jpg,C1124419_V00_F00008_1996e979-3577-452b-b667-787159c02bb3.txt,C1124419,c_specimen,train,False,gunyin,1
C1124420_V00_F00007_76a4ef32-2fb2-4269-a2df-3ac3a46113f2.jpg,C1124420_V00_F00007_76a4ef32-2fb2-4269-a2df-3ac3a46113f2.txt,C1124420,c_specimen,train,False,gunyin,1
C1124422_V00_F00013_05a25d09-8f53-4f88-a344-3153a797dbd9.jpg,C1124422_V00_F00013_05a25d09-8f53-4f88-a344-3153a797dbd9.txt,C1124422,c_specimen,train,False,gunyin,1
C1124437_V00_F00003_edb9741b-2c79-4634-a1bf-c42636f0ec3f.jpg,C1124437_V00_F00003_edb9741b-2c79-4634-a1bf-c42636f0ec3f.txt,C1124437,c_specimen,train,False,gunyin,1
C1124440_V00_F00004_a5a1c356-96b3-47ad-9c49-c67f1e046331.jpg,C1124440_V00_F00004_a5a1c356-96b3-47ad-9c49-c67f1e046331.txt,C1124440,c_specimen,train,False,gunyin,1
C1124442_V00_F00008_4ffbc4e4-9378-466a-9940-2f77fc3ea978.jpg,C1124442_V00_F00008_4ffbc4e4-9378-466a-9940-2f77fc3ea978.txt,C1124442,c_specimen,train,False,gunyin,1
C1124445_V00_F00012_83d7e7ca-9df4-492a-a4a4-1073b520d2ab.jpg,C1124445_V00_F00012_83d7e7ca-9df4-492a-a4a4-1073b520d2ab.txt,C1124445,c_specimen,train,False,gunyin,1
C1134060_V02_F00007_33728f63-8557-4db0-a857-3e6e41b612bf.jpg,C1134060_V02_F00007_33728f63-8557-4db0-a857-3e6e41b612bf.txt,C1134060,c_specimen,train,False,gunyin,1
C1134064_V02_F00008_048130dc-d632-4bfb-a828-0de39a2a887d.jpg,C1134064_V02_F00008_048130dc-d632-4bfb-a828-0de39a2a887d.txt,C1134064,c_specimen,train,False,gunyin,1
C1134146_V01_F00007_2a93238f-9e75-4565-9050-be402c1b0f35.jpg,C1134146_V01_F00007_2a93238f-9e75-4565-9050-be402c1b0f35.txt,C1134146,c_specimen,train,False,jiaza,1
C1134177_V01_F00002_cd66da3b-1082-46b8-a76d-aa8fa63609f0.jpg,C1134177_V01_F00002_cd66da3b-1082-46b8-a76d-aa8fa63609f0.txt,C1134177,c_specimen,train,False,gunyin,1
C1134181_V01_F00005_87fb53ef-0acc-46af-a185-f83152423da8.jpg,C1134181_V01_F00005_87fb53ef-0acc-46af-a185-f83152423da8.txt,C1134181,c_specimen,train,False,gunyin,1
C1134395_V00_F00009_51cc2d4c-77e7-4f26-b505-c9c824f0dbc0.jpg,C1134395_V00_F00009_51cc2d4c-77e7-4f26-b505-c9c824f0dbc0.txt,C1134395,c_specimen,train,False,jiaza,1
C1134395_V01_F00002_86f15e58-54e7-4a7c-906f-9412e1454166.jpg,C1134395_V01_F00002_86f15e58-54e7-4a7c-906f-9412e1454166.txt,C1134395,c_specimen,train,False,jiaza,3
C1134396_V00_F00001_d8481c79-f56d-45ca-969f-43441d96d9b2.jpg,C1134396_V00_F00001_d8481c79-f56d-45ca-969f-43441d96d9b2.txt,C1134396,c_specimen,train,False,jiaza,2
C1134785_V00_F00002_aaf86a49-b45f-4aa1-b4a0-ed624ce844d6.jpg,C1134785_V00_F00002_aaf86a49-b45f-4aa1-b4a0-ed624ce844d6.txt,C1134785,c_specimen,train,False,yiwuyaru,1
C1134908_V01_F00005_6aff6a27-a7e8-47f9-8a28-abb0c5233b6c.jpg,C1134908_V01_F00005_6aff6a27-a7e8-47f9-8a28-abb0c5233b6c.txt,C1134908,c_specimen,train,False,mamianmakeng,1
C1134948_V03_F00001_6964a135-6343-4276-989f-942c5f8884ce.jpg,C1134948_V03_F00001_6964a135-6343-4276-989f-942c5f8884ce.txt,C1134948,c_specimen,train,False,jieba,1
C1135022_V11_F00003_e06ed0dd-21bd-4deb-89ff-3ef929d884a8.jpg,C1135022_V11_F00003_e06ed0dd-21bd-4deb-89ff-3ef929d884a8.txt,C1135022,c_specimen,train,False,jieba,1
C1135022_V12_F00003_0d6c3d59-7c23-4285-a318-1430e6d69189.jpg,C1135022_V12_F00003_0d6c3d59-7c23-4285-a318-1430e6d69189.txt,C1135022,c_specimen,train,False,"jieba,mamianmakeng",2
C1135077_V12_F00003_79d2dab9-0b00-40c9-9c48-6ccf271df251.jpg,C1135077_V12_F00003_79d2dab9-0b00-40c9-9c48-6ccf271df251.txt,C1135077,c_specimen,train,False,yiwuyaru,1
C1135081_V11_F00008_488b2b0f-af45-40c2-84f7-3956b8cad0aa.jpg,C1135081_V11_F00008_488b2b0f-af45-40c2-84f7-3956b8cad0aa.txt,C1135081,c_specimen,train,False,"huashang,jieba",6
C1135113_V12_F00003_f8b4d00b-ff44-4246-963a-26a8851c6cbe.jpg,C1135113_V12_F00003_f8b4d00b-ff44-4246-963a-26a8851c6cbe.txt,C1135113,c_specimen,train,False,jieba,1
C1135113_V13_F00003_36e66cf8-c99e-493b-a018-d56f2d08e446.jpg,C1135113_V13_F00003_36e66cf8-c99e-493b-a018-d56f2d08e446.txt,C1135113,c_specimen,train,False,jieba,1
C1135155_V01_F00013_0d5a57a7-f68a-4bb4-868d-3fdfb5219dac.jpg,C1135155_V01_F00013_0d5a57a7-f68a-4bb4-868d-3fdfb5219dac.txt,C1135155,c_specimen,train,False,mamianmakeng,1
C1135169_V01_F00001_a66217ab-04a8-4098-86ea-8a65d8e8463c.jpg,C1135169_V01_F00001_a66217ab-04a8-4098-86ea-8a65d8e8463c.txt,C1135169,c_specimen,train,False,"jieba,mamianmakeng",4
C1135169_V02_F00001_08cea1df-9fe7-4ab1-a91f-6dbf495b0440.jpg,C1135169_V02_F00001_08cea1df-9fe7-4ab1-a91f-6dbf495b0440.txt,C1135169,c_specimen,train,False,"jiaza,jieba",3
C1135170_V11_F00003_7f6e0c63-9fbd-40c3-b51b-12b04a289660.jpg,C1135170_V11_F00003_7f6e0c63-9fbd-40c3-b51b-12b04a289660.txt,C1135170,c_specimen,train,False,jieba,2
C1135170_V13_F00004_e595f884-d16f-4e1f-8a16-fb46e4aeb872.jpg,C1135170_V13_F00004_e595f884-d16f-4e1f-8a16-fb46e4aeb872.txt,C1135170,c_specimen,train,False,jieba,1
C1135171_V13_F00002_f4c9ce8d-17de-4473-9465-287d2cdbf042.jpg,C1135171_V13_F00002_f4c9ce8d-17de-4473-9465-287d2cdbf042.txt,C1135171,c_specimen,train,False,"jieba,yiwuyaru",2
C1135238_V12_F00003_d31b4226-70b9-4b19-9532-b73fd6d3453b.jpg,C1135238_V12_F00003_d31b4226-70b9-4b19-9532-b73fd6d3453b.txt,C1135238,c_specimen,train,False,jieba,3
C1135241_V12_F00008_bab97759-2438-4077-8668-e1ddea693af3.jpg,C1135241_V12_F00008_bab97759-2438-4077-8668-e1ddea693af3.txt,C1135241,c_specimen,train,False,jieba,1
C1135246_V01_F00002_048e4f10-9075-416b-9ede-0c746a5d8323.jpg,C1135246_V01_F00002_048e4f10-9075-416b-9ede-0c746a5d8323.txt,C1135246,c_specimen,train,False,"yanghuatiepi,yiwuyaru",3
C1135246_V01_F00002_ba2d618e-354e-4f35-8443-3d7f5087505b.jpg,C1135246_V01_F00002_ba2d618e-354e-4f35-8443-3d7f5087505b.txt,C1135246,c_specimen,train,False,yiwuyaru,1
C1135246_V02_F00002_d54a876e-7666-40f2-94dc-e67293c1b4c9.jpg,C1135246_V02_F00002_d54a876e-7666-40f2-94dc-e67293c1b4c9.txt,C1135246,c_specimen,train,False,yiwuyaru,1
C1135246_V02_F00002_efb426cd-2c93-49f5-bf72-3d238f67e7c8.jpg,C1135246_V02_F00002_efb426cd-2c93-49f5-bf72-3d238f67e7c8.txt,C1135246,c_specimen,train,False,yiwuyaru,1
C1135542_V13_F00004_19aaa607-8c21-4dcf-bc87-b04162b3dff2.jpg,C1135542_V13_F00004_19aaa607-8c21-4dcf-bc87-b04162b3dff2.txt,C1135542,c_specimen,train,False,yiwuyaru,1
C1135685_V13_F00002_7d3c0694-3b2c-4dc4-91f5-1586d47a92c2.jpg,C1135685_V13_F00002_7d3c0694-3b2c-4dc4-91f5-1586d47a92c2.txt,C1135685,c_specimen,train,False,"huashang,jieba",4
C1135688_V13_F00005_61cb0e48-a4f8-469d-b1b4-302ae28f4800.jpg,C1135688_V13_F00005_61cb0e48-a4f8-469d-b1b4-302ae28f4800.txt,C1135688,c_specimen,train,False,huashang,4
C1136577_V01_F00004_155266d9-556b-4ea9-a0d7-91fbc70f1fb0.jpg,C1136577_V01_F00004_155266d9-556b-4ea9-a0d7-91fbc70f1fb0.txt,C1136577,c_specimen,train,False,zonglie,1
C1136577_V01_F00005_1cf157fe-2a23-4cb6-8e6a-a32bf0c0f192.jpg,C1136577_V01_F00005_1cf157fe-2a23-4cb6-8e6a-a32bf0c0f192.txt,C1136577,c_specimen,train,False,zonglie,1
C1136758_V01_F00003_2794bec2-fb77-410a-b9df-4c89ba6a9b51.jpg,C1136758_V01_F00003_2794bec2-fb77-410a-b9df-4c89ba6a9b51.txt,C1136758,c_specimen,train,False,zonglie,1
C1136758_V01_F00004_8aee0557-84a2-442e-90f1-4f6c375c9d5e.jpg,C1136758_V01_F00004_8aee0557-84a2-442e-90f1-4f6c375c9d5e.txt,C1136758,c_specimen,train,False,zonglie,1
C1136884_V02_F00006_97b59a81-ed65-4ef5-954b-041f8fd2fb16.jpg,C1136884_V02_F00006_97b59a81-ed65-4ef5-954b-041f8fd2fb16.txt,C1136884,c_specimen,train,False,zonglie,1
C1137596_V03_F00007_8a916950-e830-4e35-a051-47fe6229800a.jpg,C1137596_V03_F00007_8a916950-e830-4e35-a051-47fe6229800a.txt,C1137596,c_specimen,train,False,"jiaza,yanghuatiepi",2
C1140022_V01_F00004_975b7dfa-141c-4ae7-a068-1dc250a8d14f.jpg,C1140022_V01_F00004_975b7dfa-141c-4ae7-a068-1dc250a8d14f.txt,C1140022,c_specimen,train,False,jiaza,1
C1140024_V02_F00011_13e04b08-d35e-44ad-8212-bf7610bb58e4.jpg,C1140024_V02_F00011_13e04b08-d35e-44ad-8212-bf7610bb58e4.txt,C1140024,c_specimen,train,False,jiaza,1
C1141611_V03_F00006_14786234-026d-4f17-99be-45bdba764a2e.jpg,C1141611_V03_F00006_14786234-026d-4f17-99be-45bdba764a2e.txt,C1141611,c_specimen,train,False,"jieba,qilie",9
C1141612_V03_F00011_1d6ef1d1-e784-43ef-879a-6e2662ccd03b.jpg,C1141612_V03_F00011_1d6ef1d1-e784-43ef-879a-6e2662ccd03b.txt,C1141612,c_specimen,train,False,qilie,12
C1141634_V02_F00003_4e60892e-cbc9-4a98-8bd7-92b74781677d.jpg,C1141634_V02_F00003_4e60892e-cbc9-4a98-8bd7-92b74781677d.txt,C1141634,c_specimen,train,False,"jieba,mamianmakeng,yanghuatiepi",3
C1141681_V12_F00003_6f621d39-1cbb-4f00-850c-648987139a31.jpg,C1141681_V12_F00003_6f621d39-1cbb-4f00-850c-648987139a31.txt,C1141681,c_specimen,train,False,"huashang,jieba",2
C1141710_V12_F00005_bfaa27f4-dbcd-411a-8835-f270c4ff503e.jpg,C1141710_V12_F00005_bfaa27f4-dbcd-411a-8835-f270c4ff503e.txt,C1141710,c_specimen,train,False,jieba,1
C1142083_V01_F00006_e08d31f4-8aa6-44a6-8ee4-965f4fac1f71.jpg,C1142083_V01_F00006_e08d31f4-8aa6-44a6-8ee4-965f4fac1f71.txt,C1142083,c_specimen,val,False,yiwuyaru,1
C1142091_V02_F00003_46ad1e57-22c3-428c-8c31-59db3eed275d.jpg,C1142091_V02_F00003_46ad1e57-22c3-428c-8c31-59db3eed275d.txt,C1142091,c_specimen,val,False,jieba,1
C1142123_V02_F00009_23993846-1de9-4354-8382-28b678c1c414.jpg,C1142123_V02_F00009_23993846-1de9-4354-8382-28b678c1c414.txt,C1142123,c_specimen,train,False,mamianmakeng,4
C1142123_V03_F00009_86927ee3-1747-479d-90b2-a79cb0477b61.jpg,C1142123_V03_F00009_86927ee3-1747-479d-90b2-a79cb0477b61.txt,C1142123,c_specimen,train,False,mamianmakeng,4
C1142127_V13_F00001_014ed88b-b50a-4bdb-8096-0fc7cfa9cafa.jpg,C1142127_V13_F00001_014ed88b-b50a-4bdb-8096-0fc7cfa9cafa.txt,C1142127,c_specimen,train,False,jieba,2
C1142142_V00_F00001_369c14b9-8961-41b7-abd6-fa50665f1b1d.jpg,C1142142_V00_F00001_369c14b9-8961-41b7-abd6-fa50665f1b1d.txt,C1142142,c_specimen,train,False,jieba,1
C1142142_V02_F00001_75d1702a-1c01-4c69-834b-4ec7078db1eb.jpg,C1142142_V02_F00001_75d1702a-1c01-4c69-834b-4ec7078db1eb.txt,C1142142,c_specimen,train,False,yiwuyaru,1
C1142142_V11_F00001_b5750f60-ce9b-4d08-ae6e-e328666263a6.jpg,C1142142_V11_F00001_b5750f60-ce9b-4d08-ae6e-e328666263a6.txt,C1142142,c_specimen,train,False,jieba,3
C1142188_V02_F00001_d961ced8-e1c1-4b5e-bb2c-08b8f317a3e5.jpg,C1142188_V02_F00001_d961ced8-e1c1-4b5e-bb2c-08b8f317a3e5.txt,C1142188,c_specimen,train,False,jieba,1
C1142204_V02_F00001_da6e0134-e55c-43bb-9373-1f06307cf570.jpg,C1142204_V02_F00001_da6e0134-e55c-43bb-9373-1f06307cf570.txt,C1142204,c_specimen,train,False,"jieba,mamianmakeng",2
C1142260_V01_F00006_820e4084-ea5b-41f0-b895-1e5ea3fab180.jpg,C1142260_V01_F00006_820e4084-ea5b-41f0-b895-1e5ea3fab180.txt,C1142260,c_specimen,train,False,yiwuyaru,1
C1142260_V02_F00006_30a8fa1d-c1a3-4dd4-b253-fc8264ddbfcc.jpg,C1142260_V02_F00006_30a8fa1d-c1a3-4dd4-b253-fc8264ddbfcc.txt,C1142260,c_specimen,train,False,yiwuyaru,2
C1142288_V11_F00001_06663bd1-4307-4217-b716-7e85191a65a0.jpg,C1142288_V11_F00001_06663bd1-4307-4217-b716-7e85191a65a0.txt,C1142288,c_specimen,train,False,yiwuyaru,1
C1142288_V12_F00000_fe644c5c-97b4-4017-8830-d158855418a6.jpg,C1142288_V12_F00000_fe644c5c-97b4-4017-8830-d158855418a6.txt,C1142288,c_specimen,train,False,yiwuyaru,1
C1142314_V00_F00000_ee1bb7ab-b9d8-447a-b62c-147830a3f22c.jpg,C1142314_V00_F00000_ee1bb7ab-b9d8-447a-b62c-147830a3f22c.txt,C1142314,c_specimen,train,False,jieba,1
C1142337_V12_F00001_384f3f99-af00-48b1-b456-bc44a78ca7b1.jpg,C1142337_V12_F00001_384f3f99-af00-48b1-b456-bc44a78ca7b1.txt,C1142337,c_specimen,train,False,"jieba,yiwuyaru",2
C1142403_V00_F00001_0505953e-3e12-40fb-8f37-b624b33b8a36.jpg,C1142403_V00_F00001_0505953e-3e12-40fb-8f37-b624b33b8a36.txt,C1142403,c_specimen,train,False,jieba,1
C1142406_V11_F00005_4190c03e-5611-4b9a-9639-48f9fed5c0e5.jpg,C1142406_V11_F00005_4190c03e-5611-4b9a-9639-48f9fed5c0e5.txt,C1142406,c_specimen,train,False,jieba,6
C1142453_V01_F00006_15c1a543-109b-41a1-a7da-6ada01aa6517.jpg,C1142453_V01_F00006_15c1a543-109b-41a1-a7da-6ada01aa6517.txt,C1142453,c_specimen,train,False,mamianmakeng,1
C1142493_V01_F00001_9ba704dc-3ad3-4a8d-9e68-588108429297.jpg,C1142493_V01_F00001_9ba704dc-3ad3-4a8d-9e68-588108429297.txt,C1142493,c_specimen,train,False,yiwuyaru,1
C1142529_V02_F00002_4d39f71b-d497-413d-8373-16097e257062.jpg,C1142529_V02_F00002_4d39f71b-d497-413d-8373-16097e257062.txt,C1142529,c_specimen,train,False,"yanghuatiepi,yiwuyaru",4
C1142529_V10_F00004_aa9b73be-a0c0-4308-a28f-86bfdd8ebec6.jpg,C1142529_V10_F00004_aa9b73be-a0c0-4308-a28f-86bfdd8ebec6.txt,C1142529,c_specimen,train,False,jieba,1
C1142804_V00_F00004_c8a41bb0-b6a6-4714-97d7-0c39ab4416b4.jpg,C1142804_V00_F00004_c8a41bb0-b6a6-4714-97d7-0c39ab4416b4.txt,C1142804,c_specimen,train,False,jiaza,1
C1143856_V01_F00011_7d27801d-23cc-4a76-9f66-2ddf18d84749.jpg,C1143856_V01_F00011_7d27801d-23cc-4a76-9f66-2ddf18d84749.txt,C1143856,c_specimen,train,False,zonglie,2
C1143856_V01_F00012_c6fcc512-3537-41ee-88b6-03ca7fb15de9.jpg,C1143856_V01_F00012_c6fcc512-3537-41ee-88b6-03ca7fb15de9.txt,C1143856,c_specimen,train,False,zonglie,1
C1144856_V01_F00004_a6352fa2-84fd-48c1-8ffa-3ba7e5c6d6dc.jpg,C1144856_V01_F00004_a6352fa2-84fd-48c1-8ffa-3ba7e5c6d6dc.txt,C1144856,c_specimen,train,False,zonglie,1
C1144856_V01_F00005_0030fe19-1a39-421c-a6b0-922e2f1d60ac.jpg,C1144856_V01_F00005_0030fe19-1a39-421c-a6b0-922e2f1d60ac.txt,C1144856,c_specimen,train,False,zonglie,1
C1144856_V01_F00006_86bceb68-ce78-4610-92a9-71a54176c354.jpg,C1144856_V01_F00006_86bceb68-ce78-4610-92a9-71a54176c354.txt,C1144856,c_specimen,train,False,zonglie,1
C1144856_V02_F00005_1adb5b8b-9226-4c5d-bffb-e5d508ec3ece.jpg,C1144856_V02_F00005_1adb5b8b-9226-4c5d-bffb-e5d508ec3ece.txt,C1144856,c_specimen,train,False,zonglie,1
C1144856_V02_F00006_06df6a93-7509-4e81-8a70-15545a346dc0.jpg,C1144856_V02_F00006_06df6a93-7509-4e81-8a70-15545a346dc0.txt,C1144856,c_specimen,train,False,zonglie,1
C1145669_V12_F00008_849796c1-4bf8-486e-8030-569356807e3f.jpg,C1145669_V12_F00008_849796c1-4bf8-486e-8030-569356807e3f.txt,C1145669,c_specimen,train,False,"huashang,jieba,yiwuyaru",6
C1147618_V00_F00009_ccf52a4b-7d6c-4013-8f4d-5086dcf85980.jpg,C1147618_V00_F00009_ccf52a4b-7d6c-4013-8f4d-5086dcf85980.txt,C1147618,c_specimen,train,False,yiwuyaru,2
C1147623_V00_F00008_3cf45743-c63c-41e8-9ce5-88c2cf5c2219.jpg,C1147623_V00_F00008_3cf45743-c63c-41e8-9ce5-88c2cf5c2219.txt,C1147623,c_specimen,train,False,yiwuyaru,1
C1147631_V10_F00003_a9c61113-2514-4e10-ae68-931e8e7e3d73.jpg,C1147631_V10_F00003_a9c61113-2514-4e10-ae68-931e8e7e3d73.txt,C1147631,c_specimen,train,False,jieba,5
C1147631_V12_F00001_99407a13-0043-41b3-9de8-48968926f099.jpg,C1147631_V12_F00001_99407a13-0043-41b3-9de8-48968926f099.txt,C1147631,c_specimen,train,False,yiwuyaru,3
C1147634_V11_F00005_b71f7051-6f88-4848-9d83-b75ecbd0a470.jpg,C1147634_V11_F00005_b71f7051-6f88-4848-9d83-b75ecbd0a470.txt,C1147634,c_specimen,train,False,yiwuyaru,1
C1147678_V12_F00001_54e83692-afaf-4d10-9734-52d7507e8893.jpg,C1147678_V12_F00001_54e83692-afaf-4d10-9734-52d7507e8893.txt,C1147678,c_specimen,train,False,jieba,2
C1147704_V00_F00006_699caf78-f407-4c39-ae5a-d3f090a60948.jpg,C1147704_V00_F00006_699caf78-f407-4c39-ae5a-d3f090a60948.txt,C1147704,c_specimen,train,False,mamianmakeng,1
C1147716_V12_F00001_359455a5-d97f-4530-a6aa-5cf3425afd86.jpg,C1147716_V12_F00001_359455a5-d97f-4530-a6aa-5cf3425afd86.txt,C1147716,c_specimen,train,False,jieba,2
C1147781_V12_F00000_e084530c-b376-4f8a-a7bc-6afdf93a61f2.jpg,C1147781_V12_F00000_e084530c-b376-4f8a-a7bc-6afdf93a61f2.txt,C1147781,c_specimen,train,False,"huashang,jieba",3
C1147805_V02_F00001_3317250b-90ba-47ab-a80e-2cc338c890a4.jpg,C1147805_V02_F00001_3317250b-90ba-47ab-a80e-2cc338c890a4.txt,C1147805,c_specimen,train,False,jieba,1
C1147853_V13_F00005_88828bfd-44c4-4f59-b521-1d6ec7b418f5.jpg,C1147853_V13_F00005_88828bfd-44c4-4f59-b521-1d6ec7b418f5.txt,C1147853,c_specimen,train,False,yiwuyaru,2
C1147862_V01_F00003_c5d621fb-ae95-4102-94d3-e143bd15b84e.jpg,C1147862_V01_F00003_c5d621fb-ae95-4102-94d3-e143bd15b84e.txt,C1147862,c_specimen,train,False,zonglie,2
C1147862_V01_F00005_954d6ecc-1616-4a1d-8bdf-705d49eb8e3f.jpg,C1147862_V01_F00005_954d6ecc-1616-4a1d-8bdf-705d49eb8e3f.txt,C1147862,c_specimen,train,False,zonglie,2
C1147863_V01_F00008_88283117-571f-4546-b2a3-d3fa7663dd2c.jpg,C1147863_V01_F00008_88283117-571f-4546-b2a3-d3fa7663dd2c.txt,C1147863,c_specimen,train,False,"yanghuatiepi,zonglie",4
C1147885_V11_F00001_8775e4f9-4e56-44ff-8f8e-bc57b74bb47a.jpg,C1147885_V11_F00001_8775e4f9-4e56-44ff-8f8e-bc57b74bb47a.txt,C1147885,c_specimen,train,False,jieba,1
C1147910_V00_F00005_bd6fe391-8cb0-4eea-9286-0064add74d53.jpg,C1147910_V00_F00005_bd6fe391-8cb0-4eea-9286-0064add74d53.txt,C1147910,c_specimen,train,False,yiwuyaru,1
C1147936_V02_F00000_89790228-e859-4f58-97fd-d129628acf0c.jpg,C1147936_V02_F00000_89790228-e859-4f58-97fd-d129628acf0c.txt,C1147936,c_specimen,train,False,jieba,2
C1148158_V01_F00000_00727c9a-def1-4882-9e19-f0eecb9489b3.jpg,C1148158_V01_F00000_00727c9a-def1-4882-9e19-f0eecb9489b3.txt,C1148158,c_specimen,train,False,jieba,1
C1148389_V10_F00007_b1cc5989-2f58-4979-bb9c-49581340ba19.jpg,C1148389_V10_F00007_b1cc5989-2f58-4979-bb9c-49581340ba19.txt,C1148389,c_specimen,train,False,"jieba,qilie",7
C1148414_V01_F00003_b9fd37a3-bf37-4711-8903-054880d359e6.jpg,C1148414_V01_F00003_b9fd37a3-bf37-4711-8903-054880d359e6.txt,C1148414,c_specimen,val,False,jiaza,2
C1148414_V01_F00007_2be71d90-48c2-46be-8b22-e03d20222a3f.jpg,C1148414_V01_F00007_2be71d90-48c2-46be-8b22-e03d20222a3f.txt,C1148414,c_specimen,val,False,jiaza,1
C1148414_V01_F00012_51809df6-f892-4535-96f1-7abb5335eb83.jpg,C1148414_V01_F00012_51809df6-f892-4535-96f1-7abb5335eb83.txt,C1148414,c_specimen,val,False,jiaza,1
C1148416_V01_F00003_f578bb36-872d-4f27-a332-0f89c0af4240.jpg,C1148416_V01_F00003_f578bb36-872d-4f27-a332-0f89c0af4240.txt,C1148416,c_specimen,train,False,jiaza,1
C1148416_V01_F00007_cef3e4b6-034a-476b-b82e-66d6fa2ca5c1.jpg,C1148416_V01_F00007_cef3e4b6-034a-476b-b82e-66d6fa2ca5c1.txt,C1148416,c_specimen,train,False,jiaza,1
C1148510_V10_F00002_9c9dbd28-81e9-4b1d-92e1-07604acd7e5c.jpg,C1148510_V10_F00002_9c9dbd28-81e9-4b1d-92e1-07604acd7e5c.txt,C1148510,c_specimen,train,False,jieba,4
C1148510_V10_F00008_cecdd310-0e21-4053-b9db-5d23cd1ac5c9.jpg,C1148510_V10_F00008_cecdd310-0e21-4053-b9db-5d23cd1ac5c9.txt,C1148510,c_specimen,train,False,jieba,4
C1148512_V10_F00002_9d15ea21-8f51-483d-a1c6-1d8bdb8562b1.jpg,C1148512_V10_F00002_9d15ea21-8f51-483d-a1c6-1d8bdb8562b1.txt,C1148512,c_specimen,train,False,jieba,5
C1148873_V01_F00003_dd3fe065-aece-4bec-ad03-66cbef2ba401.jpg,C1148873_V01_F00003_dd3fe065-aece-4bec-ad03-66cbef2ba401.txt,C1148873,c_specimen,val,False,zonglie,1
C1148873_V01_F00005_5bbafc71-ec02-4fa1-a30b-5ec13d035ade.jpg,C1148873_V01_F00005_5bbafc71-ec02-4fa1-a30b-5ec13d035ade.txt,C1148873,c_specimen,val,False,zonglie,1
C1148873_V01_F00006_cafc21a2-631a-41f4-a777-45a56d89e37d.jpg,C1148873_V01_F00006_cafc21a2-631a-41f4-a777-45a56d89e37d.txt,C1148873,c_specimen,val,False,zonglie,1
C1148873_V01_F00007_78e83f97-f8d9-443c-a61d-b6d3a5a4927e.jpg,C1148873_V01_F00007_78e83f97-f8d9-443c-a61d-b6d3a5a4927e.txt,C1148873,c_specimen,val,False,"jieba,zonglie",2
C1149026_V02_F00001_5fe2a532-fa1d-4aae-baa6-3ffb78b382a4.jpg,C1149026_V02_F00001_5fe2a532-fa1d-4aae-baa6-3ffb78b382a4.txt,C1149026,c_specimen,train,False,zonglie,1
C1149225_V12_F00003_db9b3cb9-44d8-4041-8477-0d7edfbd93e4.jpg,C1149225_V12_F00003_db9b3cb9-44d8-4041-8477-0d7edfbd93e4.txt,C1149225,c_specimen,train,False,huashang,1
C1149586_V01_F00010_f65bea2f-17d1-46f2-be11-9fdfda676ca0.jpg,C1149586_V01_F00010_f65bea2f-17d1-46f2-be11-9fdfda676ca0.txt,C1149586,c_specimen,train,False,"mamianmakeng,yanghuatiepi",2
C1149608_V00_F00007_740c47c4-df65-49de-84e3-064943f859b0.jpg,C1149608_V00_F00007_740c47c4-df65-49de-84e3-064943f859b0.txt,C1149608,c_specimen,train,False,jiaza,1
C1150180_V02_F00003_2704399c-11aa-4aa5-b46c-16f8a3c4ee80.jpg,C1150180_V02_F00003_2704399c-11aa-4aa5-b46c-16f8a3c4ee80.txt,C1150180,c_specimen,train,False,jiaza,1
C1150978_V01_F00008_933751fb-c480-4f29-9856-4646c0c36c36.jpg,C1150978_V01_F00008_933751fb-c480-4f29-9856-4646c0c36c36.txt,C1150978,c_specimen,train,False,jiaza,1
C1154655_V10_F00003_f266db0c-1311-42bc-9c21-7ff06b8a3ab7.jpg,C1154655_V10_F00003_f266db0c-1311-42bc-9c21-7ff06b8a3ab7.txt,C1154655,c_specimen,train,False,"huashang,jieba",7
C1154683_V00_F00003_3c8ea282-c1d8-4217-8062-e286b11599e4.jpg,C1154683_V00_F00003_3c8ea282-c1d8-4217-8062-e286b11599e4.txt,C1154683,c_specimen,train,False,jiaza,1
C1154959_V12_F00002_7e771b1c-ea0a-4df8-9956-236798417159.jpg,C1154959_V12_F00002_7e771b1c-ea0a-4df8-9956-236798417159.txt,C1154959,c_specimen,train,False,huashang,1
C1155074_V01_F00001_96eb5d73-d38d-458a-995b-75b9706dce02.jpg,C1155074_V01_F00001_96eb5d73-d38d-458a-995b-75b9706dce02.txt,C1155074,c_specimen,train,False,zonglie,1
C1155091_V01_F00004_b00688cb-05c7-4907-a3e7-a76a706d825f.jpg,C1155091_V01_F00004_b00688cb-05c7-4907-a3e7-a76a706d825f.txt,C1155091,c_specimen,train,False,zonglie,2
C1155119_V02_F00001_1479d175-5783-41ae-8510-4db347483d74.jpg,C1155119_V02_F00001_1479d175-5783-41ae-8510-4db347483d74.txt,C1155119,c_specimen,train,False,"yanghuatiepi,zonglie",3
C1155156_V01_F00002_9fe396b3-c05d-4a64-88bc-ba3dd5e26e16.jpg,C1155156_V01_F00002_9fe396b3-c05d-4a64-88bc-ba3dd5e26e16.txt,C1155156,c_specimen,train,False,"jiaza,yanghuatiepi",4
C1155606_V10_F00008_cb86112f-321a-4721-b019-c4f5f56cfe3c.jpg,C1155606_V10_F00008_cb86112f-321a-4721-b019-c4f5f56cfe3c.txt,C1155606,c_specimen,train,False,jieba,3
C1155608_V11_F00003_04ded480-25b8-4f03-a646-c6c00992d429.jpg,C1155608_V11_F00003_04ded480-25b8-4f03-a646-c6c00992d429.txt,C1155608,c_specimen,train,False,jieba,3
C1155608_V11_F00006_5848ff4c-e681-464c-9c6d-24bc3c24c082.jpg,C1155608_V11_F00006_5848ff4c-e681-464c-9c6d-24bc3c24c082.txt,C1155608,c_specimen,train,False,"jieba,mamianmakeng",4
C1155709_V02_F00003_6dfbabde-3649-4550-8a73-63b905f6b223.jpg,C1155709_V02_F00003_6dfbabde-3649-4550-8a73-63b905f6b223.txt,C1155709,c_specimen,train,False,gunyin,2
C1155710_V02_F00006_d02a5c5a-957a-43b0-b503-99e468eeb7fd.jpg,C1155710_V02_F00006_d02a5c5a-957a-43b0-b503-99e468eeb7fd.txt,C1155710,c_specimen,train,False,gunyin,1
C1155713_V01_F00002_27c04011-143f-4013-af01-f95b4a95fe69.jpg,C1155713_V01_F00002_27c04011-143f-4013-af01-f95b4a95fe69.txt,C1155713,c_specimen,train,False,gunyin,3
C1155754_V02_F00005_864b4573-172d-41b4-8cd5-e8c418219164.jpg,C1155754_V02_F00005_864b4573-172d-41b4-8cd5-e8c418219164.txt,C1155754,c_specimen,train,False,gunyin,2
C1155765_V01_F00008_41128c5d-e627-4960-8aaf-428d5f78539a.jpg,C1155765_V01_F00008_41128c5d-e627-4960-8aaf-428d5f78539a.txt,C1155765,c_specimen,train,False,gunyin,2
C1156267_V10_F00003_7b6ad1d6-c623-470e-bb4f-c26fea04ae68.jpg,C1156267_V10_F00003_7b6ad1d6-c623-470e-bb4f-c26fea04ae68.txt,C1156267,c_specimen,train,False,huashang,1
C1156267_V11_F00003_b68bec78-6426-47af-8b00-f336007cc5df.jpg,C1156267_V11_F00003_b68bec78-6426-47af-8b00-f336007cc5df.txt,C1156267,c_specimen,train,False,"huashang,jieba",3
C1156428_V01_F00005_de3141d4-015e-4c0c-85a5-90b057ac4606.jpg,C1156428_V01_F00005_de3141d4-015e-4c0c-85a5-90b057ac4606.txt,C1156428,c_specimen,train,False,mamianmakeng,1
C1156428_V02_F00005_9cdbfbd6-44f3-4a23-9470-921b1add6183.jpg,C1156428_V02_F00005_9cdbfbd6-44f3-4a23-9470-921b1add6183.txt,C1156428,c_specimen,train,False,mamianmakeng,2
C1156454_V01_F00006_0832288d-331b-405e-821e-eacbade74075.jpg,C1156454_V01_F00006_0832288d-331b-405e-821e-eacbade74075.txt,C1156454,c_specimen,train,False,jiaza,4
C1156454_V01_F00006_bd358053-0fc6-4600-a2a8-43e0b768eb17.jpg,C1156454_V01_F00006_bd358053-0fc6-4600-a2a8-43e0b768eb17.txt,C1156454,c_specimen,train,False,jiaza,4
C1156454_V02_F00006_d6015ac5-e0f6-4b53-84ec-327b22e81cf9.jpg,C1156454_V02_F00006_d6015ac5-e0f6-4b53-84ec-327b22e81cf9.txt,C1156454,c_specimen,train,False,jiaza,4
C1156455_V01_F00005_f50766c4-1b39-4348-b525-bc6e05909cd8.jpg,C1156455_V01_F00005_f50766c4-1b39-4348-b525-bc6e05909cd8.txt,C1156455,c_specimen,train,False,jiaza,1
C1156619_V11_F00010_20467f58-c259-40db-b294-61d3a78a3e15.jpg,C1156619_V11_F00010_20467f58-c259-40db-b294-61d3a78a3e15.txt,C1156619,c_specimen,train,False,"jieba,qilie",5
C1156620_V11_F00007_adac4b0d-d5c1-48c4-82ce-053031ff929c.jpg,C1156620_V11_F00007_adac4b0d-d5c1-48c4-82ce-053031ff929c.txt,C1156620,c_specimen,train,False,"jieba,qilie",9
C1156621_V10_F00002_fe84d579-254e-4d2b-95ad-88c2e1d945b1.jpg,C1156621_V10_F00002_fe84d579-254e-4d2b-95ad-88c2e1d945b1.txt,C1156621,c_specimen,train,False,jieba,15
C1156621_V10_F00005_77eeabb6-df25-4fe5-ac9d-df2605644cf2.jpg,C1156621_V10_F00005_77eeabb6-df25-4fe5-ac9d-df2605644cf2.txt,C1156621,c_specimen,train,False,jieba,7
C1156621_V10_F00008_fe5950c5-068c-4794-9792-09738516dfc7.jpg,C1156621_V10_F00008_fe5950c5-068c-4794-9792-09738516dfc7.txt,C1156621,c_specimen,train,False,"jieba,qilie",8
C1156621_V10_F00011_04030549-bb6e-40a6-ae7c-bb2a1593e6ab.jpg,C1156621_V10_F00011_04030549-bb6e-40a6-ae7c-bb2a1593e6ab.txt,C1156621,c_specimen,train,False,jieba,6
C1156621_V11_F00001_1a152819-8ad0-4c6d-9d2e-344a80776783.jpg,C1156621_V11_F00001_1a152819-8ad0-4c6d-9d2e-344a80776783.txt,C1156621,c_specimen,train,False,jieba,6
C1156621_V11_F00003_c30e2e80-2dde-4a7f-8576-d3aeb166b474.jpg,C1156621_V11_F00003_c30e2e80-2dde-4a7f-8576-d3aeb166b474.txt,C1156621,c_specimen,train,False,jieba,5
C1156621_V11_F00004_f60fc63b-c524-4cb9-83b2-4422c5838ac4.jpg,C1156621_V11_F00004_f60fc63b-c524-4cb9-83b2-4422c5838ac4.txt,C1156621,c_specimen,train,False,jieba,5
C1156621_V11_F00005_505062e1-b808-4a28-a683-ca9be957ccf3.jpg,C1156621_V11_F00005_505062e1-b808-4a28-a683-ca9be957ccf3.txt,C1156621,c_specimen,train,False,jieba,8
C1156621_V11_F00007_a8540c88-bad3-4c23-a023-f237d6b0fa44.jpg,C1156621_V11_F00007_a8540c88-bad3-4c23-a023-f237d6b0fa44.txt,C1156621,c_specimen,train,False,"jieba,qilie",9
C1156622_V10_F00001_75bad260-8f11-4937-aefc-1a6db1be907b.jpg,C1156622_V10_F00001_75bad260-8f11-4937-aefc-1a6db1be907b.txt,C1156622,c_specimen,train,False,jieba,4
C1156622_V10_F00002_5c9df06d-8d45-4866-be74-f667ae43455e.jpg,C1156622_V10_F00002_5c9df06d-8d45-4866-be74-f667ae43455e.txt,C1156622,c_specimen,train,False,jieba,5
C1156622_V10_F00005_26a6cb11-4d9e-433d-94a5-4d3184bcf36b.jpg,C1156622_V10_F00005_26a6cb11-4d9e-433d-94a5-4d3184bcf36b.txt,C1156622,c_specimen,train,False,jieba,10
C1156622_V11_F00003_8d0a7cb5-4424-4c12-ab16-61383ce43b1b.jpg,C1156622_V11_F00003_8d0a7cb5-4424-4c12-ab16-61383ce43b1b.txt,C1156622,c_specimen,train,False,jieba,5
C1156622_V11_F00004_88e7b881-9823-41a2-a81c-2bcf87d0ec47.jpg,C1156622_V11_F00004_88e7b881-9823-41a2-a81c-2bcf87d0ec47.txt,C1156622,c_specimen,train,False,"jieba,qilie",5
C1156772_V12_F00007_86455210-4da2-43b5-8a52-93bd9c8a4332.jpg,C1156772_V12_F00007_86455210-4da2-43b5-8a52-93bd9c8a4332.txt,C1156772,c_specimen,train,False,yiwuyaru,2
C1156773_V02_F00007_bd31837a-0ab3-4d96-995d-88f9f375b041.jpg,C1156773_V02_F00007_bd31837a-0ab3-4d96-995d-88f9f375b041.txt,C1156773,c_specimen,val,False,yiwuyaru,1
C1156774_V01_F00009_ed75c365-3183-4760-969f-b089263d69ae.jpg,C1156774_V01_F00009_ed75c365-3183-4760-969f-b089263d69ae.txt,C1156774,c_specimen,train,False,yiwuyaru,1
C1156783_V00_F00004_548a06fa-6317-448b-99b5-bf72adee0ad6.jpg,C1156783_V00_F00004_548a06fa-6317-448b-99b5-bf72adee0ad6.txt,C1156783,c_specimen,train,False,mamianmakeng,1
C1156785_V12_F00002_936143eb-ffbf-4609-b75c-2778f476c44c.jpg,C1156785_V12_F00002_936143eb-ffbf-4609-b75c-2778f476c44c.txt,C1156785,c_specimen,val,False,jieba,2
C1156785_V12_F00003_52278f94-7810-4314-8a77-6276b3559eaa.jpg,C1156785_V12_F00003_52278f94-7810-4314-8a77-6276b3559eaa.txt,C1156785,c_specimen,val,False,jieba,1
C1156819_V11_F00009_d10d695d-35f0-4a75-b371-f0b8ae0dec5d.jpg,C1156819_V11_F00009_d10d695d-35f0-4a75-b371-f0b8ae0dec5d.txt,C1156819,c_specimen,train,False,jieba,1
C1156834_V00_F00002_65ea1587-94ce-4381-8727-721ffa1be441.jpg,C1156834_V00_F00002_65ea1587-94ce-4381-8727-721ffa1be441.txt,C1156834,c_specimen,train,False,yiwuyaru,1
C1156870_V00_F00002_6ea33b3c-125c-487c-b788-f484685ed78a.jpg,C1156870_V00_F00002_6ea33b3c-125c-487c-b788-f484685ed78a.txt,C1156870,c_specimen,train,False,jieba,2
C1157069_V01_F00011_40e37665-f4e1-40ab-9912-0fcbc188c03e.jpg,C1157069_V01_F00011_40e37665-f4e1-40ab-9912-0fcbc188c03e.txt,C1157069,c_specimen,train,False,yiwuyaru,1
C1157076_V00_F00004_d7f79994-6fbb-4d47-a04d-232790c5530b.jpg,C1157076_V00_F00004_d7f79994-6fbb-4d47-a04d-232790c5530b.txt,C1157076,c_specimen,train,False,yiwuyaru,1
C1157125_V10_F00008_a9609d51-9761-4fa9-9841-9343ce1b57fe.jpg,C1157125_V10_F00008_a9609d51-9761-4fa9-9841-9343ce1b57fe.txt,C1157125,c_specimen,train,False,yiwuyaru,1
C1157130_V13_F00001_0f2b2696-11bb-420a-b9a8-148caac10257.jpg,C1157130_V13_F00001_0f2b2696-11bb-420a-b9a8-148caac10257.txt,C1157130,c_specimen,train,False,jieba,1
C1157137_V02_F00010_c72dc62a-7a5b-4c4c-805d-3ef6a47c60f6.jpg,C1157137_V02_F00010_c72dc62a-7a5b-4c4c-805d-3ef6a47c60f6.txt,C1157137,c_specimen,train,False,"jieba,mamianmakeng",3
C1157149_V00_F00007_d766e2f4-73cb-446b-841d-1c871e180724.jpg,C1157149_V00_F00007_d766e2f4-73cb-446b-841d-1c871e180724.txt,C1157149,c_specimen,train,False,yiwuyaru,1
C1157208_V03_F00005_860015ba-cded-4c11-ba45-05cf5c8fe41d.jpg,C1157208_V03_F00005_860015ba-cded-4c11-ba45-05cf5c8fe41d.txt,C1157208,c_specimen,train,False,jieba,2
C1157323_V01_F00006_b0bf10b9-6175-4cd3-9a5f-356f5ebd7f7b.jpg,C1157323_V01_F00006_b0bf10b9-6175-4cd3-9a5f-356f5ebd7f7b.txt,C1157323,c_specimen,train,False,zonglie,1
C1157603_V10_F00002_9b7d74d5-573c-4da1-ad02-7c7ce3bbb7c0.jpg,C1157603_V10_F00002_9b7d74d5-573c-4da1-ad02-7c7ce3bbb7c0.txt,C1157603,c_specimen,train,False,jieba,2
C1157603_V10_F00003_2b2c5948-92f6-494f-a3c7-633d4754233c.jpg,C1157603_V10_F00003_2b2c5948-92f6-494f-a3c7-633d4754233c.txt,C1157603,c_specimen,train,False,jieba,5
C1157603_V10_F00004_b01eb530-9b5b-4fdc-ad9f-a5b432fa630d.jpg,C1157603_V10_F00004_b01eb530-9b5b-4fdc-ad9f-a5b432fa630d.txt,C1157603,c_specimen,train,False,jieba,6
C1158017_V00_F00014_d0a0f9e4-e890-42dc-841f-28f95ba99fde.jpg,C1158017_V00_F00014_d0a0f9e4-e890-42dc-841f-28f95ba99fde.txt,C1158017,c_specimen,train,False,yiwuyaru,1
C1159261_V01_F00019_ecf2dd64-387f-4141-bcc7-49511f0996c0.jpg,C1159261_V01_F00019_ecf2dd64-387f-4141-bcc7-49511f0996c0.txt,C1159261,c_specimen,train,False,zonglie,3
C1159566_V01_F00002_b6bc262c-beb7-4126-9e13-9fc9a53c7572.jpg,C1159566_V01_F00002_b6bc262c-beb7-4126-9e13-9fc9a53c7572.txt,C1159566,c_specimen,train,False,mamianmakeng,1
C1159659_V01_F00006_47eb3bad-c2c8-43c8-8eb0-338f8d5a448f.jpg,C1159659_V01_F00006_47eb3bad-c2c8-43c8-8eb0-338f8d5a448f.txt,C1159659,c_specimen,train,False,mamianmakeng,1
C1160247_V10_F00004_17bd3276-8671-4c99-a7b8-fa877ac3991d.jpg,C1160247_V10_F00004_17bd3276-8671-4c99-a7b8-fa877ac3991d.txt,C1160247,c_specimen,train,False,"qilie,yiwuyaru",2
C1160247_V10_F00005_635d83e0-efb5-49fb-b1b8-e6045bce5df6.jpg,C1160247_V10_F00005_635d83e0-efb5-49fb-b1b8-e6045bce5df6.txt,C1160247,c_specimen,train,False,qilie,3
C1160358_V12_F00001_dadf79e7-3bc4-4155-86a7-c626c102b811.jpg,C1160358_V12_F00001_dadf79e7-3bc4-4155-86a7-c626c102b811.txt,C1160358,c_specimen,train,False,jieba,4
C1160625_V00_F00001_83902bcf-7d0b-461f-897a-f4cf375457cf.jpg,C1160625_V00_F00001_83902bcf-7d0b-461f-897a-f4cf375457cf.txt,C1160625,c_specimen,train,False,mamianmakeng,1
C1160900_V01_F00004_39d8aab4-77f5-419c-ae73-0f2280efd2db.jpg,C1160900_V01_F00004_39d8aab4-77f5-419c-ae73-0f2280efd2db.txt,C1160900,c_specimen,train,False,mamianmakeng,1
C1160988_V03_F00003_a2377648-5e2f-4114-8a5b-de55b7481f55.jpg,C1160988_V03_F00003_a2377648-5e2f-4114-8a5b-de55b7481f55.txt,C1160988,c_specimen,train,False,yiwuyaru,1
C1161035_V01_F00002_b1850b8e-1b6b-4d54-87f5-6ffddf439148.jpg,C1161035_V01_F00002_b1850b8e-1b6b-4d54-87f5-6ffddf439148.txt,C1161035,c_specimen,train,False,mamianmakeng,1
C1161080_V03_F00001_3b9692ef-7911-41a0-becf-4dd460b6fc91.jpg,C1161080_V03_F00001_3b9692ef-7911-41a0-becf-4dd460b6fc91.txt,C1161080,c_specimen,val,False,jieba,1
C1161084_V00_F00019_d648ba38-b528-4294-85df-f01269e3e7b1.jpg,C1161084_V00_F00019_d648ba38-b528-4294-85df-f01269e3e7b1.txt,C1161084,c_specimen,train,False,yiwuyaru,1
C1161090_V00_F00005_2c30b343-0162-43a2-ae5c-8f161a775b47.jpg,C1161090_V00_F00005_2c30b343-0162-43a2-ae5c-8f161a775b47.txt,C1161090,c_specimen,train,False,yiwuyaru,1
C1161108_V01_F00004_4bc1d490-9e8a-4619-a2a0-cef9e90347e3.jpg,C1161108_V01_F00004_4bc1d490-9e8a-4619-a2a0-cef9e90347e3.txt,C1161108,c_specimen,train,False,jieba,1
C1161113_V02_F00003_cc979d5d-c123-4c48-82a3-e53ad858bc52.jpg,C1161113_V02_F00003_cc979d5d-c123-4c48-82a3-e53ad858bc52.txt,C1161113,c_specimen,train,False,yiwuyaru,1
C1161128_V01_F00007_18507148-9a5d-40f4-9583-bbbfdc4fb811.jpg,C1161128_V01_F00007_18507148-9a5d-40f4-9583-bbbfdc4fb811.txt,C1161128,c_specimen,train,False,jieba,1
C1161129_V00_F00002_c483aaf8-268e-4129-9ffe-7d967d16ccd5.jpg,C1161129_V00_F00002_c483aaf8-268e-4129-9ffe-7d967d16ccd5.txt,C1161129,c_specimen,train,False,jieba,2
C1161129_V01_F00002_05b4ecbe-0575-4436-92c5-d01c1470b5da.jpg,C1161129_V01_F00002_05b4ecbe-0575-4436-92c5-d01c1470b5da.txt,C1161129,c_specimen,train,False,"jieba,yiwuyaru",2
C1161130_V01_F00002_8b4861b7-07af-49f8-82b5-ad0db3475556.jpg,C1161130_V01_F00002_8b4861b7-07af-49f8-82b5-ad0db3475556.txt,C1161130,c_specimen,train,False,mamianmakeng,2
C1161172_V12_F00008_5c0c16bb-5c27-414e-bed6-f1af5164c503.jpg,C1161172_V12_F00008_5c0c16bb-5c27-414e-bed6-f1af5164c503.txt,C1161172,c_specimen,train,False,yiwuyaru,1
C1161271_V03_F00006_7155803a-e5e7-48a0-8865-3f3b1c1b94f0.jpg,C1161271_V03_F00006_7155803a-e5e7-48a0-8865-3f3b1c1b94f0.txt,C1161271,c_specimen,train,False,jieba,1
C1161279_V02_F00004_bd1f379e-1b76-4c60-b520-0d58c383a3fc.jpg,C1161279_V02_F00004_bd1f379e-1b76-4c60-b520-0d58c383a3fc.txt,C1161279,c_specimen,val,False,yiwuyaru,1
C1161290_V02_F00008_b094e7eb-9bc8-4057-87e2-bfaa51ddae9e.jpg,C1161290_V02_F00008_b094e7eb-9bc8-4057-87e2-bfaa51ddae9e.txt,C1161290,c_specimen,train,False,jieba,1
C1161325_V01_F00003_9575544c-ae50-414e-972d-5ae048957900.jpg,C1161325_V01_F00003_9575544c-ae50-414e-972d-5ae048957900.txt,C1161325,c_specimen,train,False,jiaza,1
C1161408_V01_F00011_d4cfb5ca-2ae8-4559-b201-6924a66bb4ae.jpg,C1161408_V01_F00011_d4cfb5ca-2ae8-4559-b201-6924a66bb4ae.txt,C1161408,c_specimen,train,False,jiaza,1
C1234652_V02_F00002_3c7d7188-6ae7-48a0-8b9b-ca89e45eab99.jpg,C1234652_V02_F00002_3c7d7188-6ae7-48a0-8b9b-ca89e45eab99.txt,C1234652,c_specimen,train,False,mamianmakeng,9
C1234696_V03_F00005_eeb4af39-fdf7-48ae-ba87-2241cc66ede9.jpg,C1234696_V03_F00005_eeb4af39-fdf7-48ae-ba87-2241cc66ede9.txt,C1234696,c_specimen,train,False,jieba,2
C1234696_V03_F00009_7b94e951-a860-4ba8-a719-7b5485a19a90.jpg,C1234696_V03_F00009_7b94e951-a860-4ba8-a719-7b5485a19a90.txt,C1234696,c_specimen,train,False,jieba,2
C1235173_V01_F00006_3f8b77f3-f0ab-463c-ab9b-f5098a3324f8.jpg,C1235173_V01_F00006_3f8b77f3-f0ab-463c-ab9b-f5098a3324f8.txt,C1235173,c_specimen,train,False,zonglie,1
C1235173_V01_F00009_ec7e7013-3d8a-41f0-aa0e-41ba4c93659b.jpg,C1235173_V01_F00009_ec7e7013-3d8a-41f0-aa0e-41ba4c93659b.txt,C1235173,c_specimen,train,False,zonglie,2
C1235412_V00_F00003_2872c12a-89c7-4070-a4d6-c88bcf885fbd.jpg,C1235412_V00_F00003_2872c12a-89c7-4070-a4d6-c88bcf885fbd.txt,C1235412,c_specimen,train,False,jieba,1
C1235531_V01_F00008_a2da0b35-bb19-4cf0-9cfd-aa9618d6cf0c.jpg,C1235531_V01_F00008_a2da0b35-bb19-4cf0-9cfd-aa9618d6cf0c.txt,C1235531,c_specimen,train,False,zonglie,1
C1235531_V01_F00009_0b8093fa-3356-49fd-96f8-2efe3cebae56.jpg,C1235531_V01_F00009_0b8093fa-3356-49fd-96f8-2efe3cebae56.txt,C1235531,c_specimen,train,False,zonglie,1
C1235531_V01_F00014_7dc9b55e-3bbc-45e9-aead-44cd8d350701.jpg,C1235531_V01_F00014_7dc9b55e-3bbc-45e9-aead-44cd8d350701.txt,C1235531,c_specimen,train,False,zonglie,4
C1235531_V01_F00015_79073c0f-2b49-4564-b989-fedf0d9f0e62.jpg,C1235531_V01_F00015_79073c0f-2b49-4564-b989-fedf0d9f0e62.txt,C1235531,c_specimen,train,False,zonglie,3
C1235531_V01_F00017_13592e79-fe81-4893-8959-365a0e967a06.jpg,C1235531_V01_F00017_13592e79-fe81-4893-8959-365a0e967a06.txt,C1235531,c_specimen,train,False,zonglie,4
C1235699_V03_F00001_9ad344da-1546-408b-87ed-2ad8bec1737c.jpg,C1235699_V03_F00001_9ad344da-1546-408b-87ed-2ad8bec1737c.txt,C1235699,c_specimen,train,False,jieba,3
C1235699_V03_F00003_ac9b828b-16d6-495d-9361-0fc0bc243ef3.jpg,C1235699_V03_F00003_ac9b828b-16d6-495d-9361-0fc0bc243ef3.txt,C1235699,c_specimen,train,False,jieba,5
C1235699_V03_F00006_4ea0c7a3-6ace-45f0-a6e7-e404f29c27ba.jpg,C1235699_V03_F00006_4ea0c7a3-6ace-45f0-a6e7-e404f29c27ba.txt,C1235699,c_specimen,train,False,"jieba,qilie",5
C1236206_V11_F00007_b578bbbb-6fce-40b9-b9ab-a609149c8e63.jpg,C1236206_V11_F00007_b578bbbb-6fce-40b9-b9ab-a609149c8e63.txt,C1236206,c_specimen,train,False,"huashang,jieba,yiwuyaru",3
C1236680_V01_F00005_e6be607a-8ea9-4f22-9dab-91401b293257.jpg,C1236680_V01_F00005_e6be607a-8ea9-4f22-9dab-91401b293257.txt,C1236680,c_specimen,train,False,zonglie,1
C1236682_V01_F00004_a0f2312d-2207-4795-914b-2e2039ac359c.jpg,C1236682_V01_F00004_a0f2312d-2207-4795-914b-2e2039ac359c.txt,C1236682,c_specimen,train,False,zonglie,2
C1236763_V00_F00005_24438f22-c9b5-4df8-b1f5-ab319bf9fe74.jpg,C1236763_V00_F00005_24438f22-c9b5-4df8-b1f5-ab319bf9fe74.txt,C1236763,c_specimen,train,False,"jiaza,jieba",3
C1236831_V12_F00001_daee3974-1117-4b41-9e30-ab0e0d6c2194.jpg,C1236831_V12_F00001_daee3974-1117-4b41-9e30-ab0e0d6c2194.txt,C1236831,c_specimen,train,False,"jieba,yiwuyaru",2
C1236852_V01_F00011_6c40fd8e-0259-4eff-a195-de8eebb3dfdf.jpg,C1236852_V01_F00011_6c40fd8e-0259-4eff-a195-de8eebb3dfdf.txt,C1236852,c_specimen,train,False,zonglie,1
C1236881_V13_F00000_78120b69-1247-4dcd-9b3d-9fb3932a5c15.jpg,C1236881_V13_F00000_78120b69-1247-4dcd-9b3d-9fb3932a5c15.txt,C1236881,c_specimen,val,False,jieba,4
C1236952_V01_F00007_436eb1b9-3df1-4ad2-9a0a-898be01e4191.jpg,C1236952_V01_F00007_436eb1b9-3df1-4ad2-9a0a-898be01e4191.txt,C1236952,c_specimen,val,False,jieba,1
C1237025_V02_F00002_b7444489-4d1e-417c-b218-fd2a3f911020.jpg,C1237025_V02_F00002_b7444489-4d1e-417c-b218-fd2a3f911020.txt,C1237025,c_specimen,train,False,zonglie,1
C1237026_V02_F00001_8ecb6f76-9365-4a34-bf38-136c400f315c.jpg,C1237026_V02_F00001_8ecb6f76-9365-4a34-bf38-136c400f315c.txt,C1237026,c_specimen,train,False,zonglie,1
C1237122_V00_F00002_f7c8338a-bb48-41b9-809a-233115b17a6b.jpg,C1237122_V00_F00002_f7c8338a-bb48-41b9-809a-233115b17a6b.txt,C1237122,c_specimen,train,False,yiwuyaru,5
C1237206_V12_F00003_8137fd13-448a-4481-b144-db71bd8df6c9.jpg,C1237206_V12_F00003_8137fd13-448a-4481-b144-db71bd8df6c9.txt,C1237206,c_specimen,train,False,yiwuyaru,7
C1237309_V01_F00003_fd17bf29-987b-4667-8229-3b4204eff3de.jpg,C1237309_V01_F00003_fd17bf29-987b-4667-8229-3b4204eff3de.txt,C1237309,c_specimen,train,False,jiaza,1
C1237353_V01_F00002_8af949c2-cbf2-480d-a251-f05f7386c099.jpg,C1237353_V01_F00002_8af949c2-cbf2-480d-a251-f05f7386c099.txt,C1237353,c_specimen,train,False,zonglie,1
C1237354_V01_F00002_94eee226-7f34-49e5-93aa-185b95fb1129.jpg,C1237354_V01_F00002_94eee226-7f34-49e5-93aa-185b95fb1129.txt,C1237354,c_specimen,train,False,zonglie,1
C1237354_V01_F00003_589ba6e2-50c7-4bf6-abd1-09e54489e0c1.jpg,C1237354_V01_F00003_589ba6e2-50c7-4bf6-abd1-09e54489e0c1.txt,C1237354,c_specimen,train,False,zonglie,1
C1237354_V01_F00008_cf217963-b78b-4cda-a5e8-80ba37258255.jpg,C1237354_V01_F00008_cf217963-b78b-4cda-a5e8-80ba37258255.txt,C1237354,c_specimen,train,False,zonglie,1
C1237355_V02_F00009_d6ecd033-8515-403f-8def-b025e932ae4d.jpg,C1237355_V02_F00009_d6ecd033-8515-403f-8def-b025e932ae4d.txt,C1237355,c_specimen,train,False,jieba,9
C1237356_V10_F00002_9f333c29-2d50-4fdc-b3ad-986d174eb091.jpg,C1237356_V10_F00002_9f333c29-2d50-4fdc-b3ad-986d174eb091.txt,C1237356,c_specimen,train,False,jieba,2
C1237406_V02_F00003_1001c03a-52b9-4450-8269-4e46f678e2fc.jpg,C1237406_V02_F00003_1001c03a-52b9-4450-8269-4e46f678e2fc.txt,C1237406,c_specimen,train,False,jieba,1
C1237420_V12_F00005_d47bd8dc-dd05-4234-bbfa-fe7ebbb9cec9.jpg,C1237420_V12_F00005_d47bd8dc-dd05-4234-bbfa-fe7ebbb9cec9.txt,C1237420,c_specimen,train,False,jieba,1
C1237421_V10_F00000_8aa2a520-9914-409b-8c6b-c49c621870be.jpg,C1237421_V10_F00000_8aa2a520-9914-409b-8c6b-c49c621870be.txt,C1237421,c_specimen,train,False,jieba,1
C1237507_V01_F00003_7cf2689f-c0f0-44a8-b425-00f7d1ffb4df.jpg,C1237507_V01_F00003_7cf2689f-c0f0-44a8-b425-00f7d1ffb4df.txt,C1237507,c_specimen,train,False,zonglie,1
C1237507_V01_F00004_afc33390-f5a1-473e-86b2-cc3de96d38a6.jpg,C1237507_V01_F00004_afc33390-f5a1-473e-86b2-cc3de96d38a6.txt,C1237507,c_specimen,train,False,zonglie,3
C1237507_V02_F00002_b75d3cce-7341-45ea-8e41-acbb5168cb4e.jpg,C1237507_V02_F00002_b75d3cce-7341-45ea-8e41-acbb5168cb4e.txt,C1237507,c_specimen,train,False,zonglie,1
C1237507_V02_F00003_fa0ee19c-329e-49c0-a295-9869fbf204df.jpg,C1237507_V02_F00003_fa0ee19c-329e-49c0-a295-9869fbf204df.txt,C1237507,c_specimen,train,False,zonglie,1
C1237561_V01_F00032_2c6705ce-1b20-4afd-8846-58e3265346b8.jpg,C1237561_V01_F00032_2c6705ce-1b20-4afd-8846-58e3265346b8.txt,C1237561,c_specimen,train,False,zonglie,1
C1237682_V00_F00001_cff9b591-b6aa-4981-b5f3-bd245f442b3f.jpg,C1237682_V00_F00001_cff9b591-b6aa-4981-b5f3-bd245f442b3f.txt,C1237682,c_specimen,train,False,jiaza,1
C1237889_V01_F00009_8d72dc62-68a5-4954-8434-c87cdc0a1d2c.jpg,C1237889_V01_F00009_8d72dc62-68a5-4954-8434-c87cdc0a1d2c.txt,C1237889,c_specimen,train,False,zonglie,2
C1237900_V01_F00003_aefd7c4b-0cdc-4c79-bf30-4a0795d34c29.jpg,C1237900_V01_F00003_aefd7c4b-0cdc-4c79-bf30-4a0795d34c29.txt,C1237900,c_specimen,train,False,zonglie,1
C1237900_V01_F00004_b77039af-78d5-4d13-a748-679ad5f69aa1.jpg,C1237900_V01_F00004_b77039af-78d5-4d13-a748-679ad5f69aa1.txt,C1237900,c_specimen,train,False,zonglie,2
C1237900_V01_F00005_b377b0df-058a-4ffb-b5ac-41a61226ac04.jpg,C1237900_V01_F00005_b377b0df-058a-4ffb-b5ac-41a61226ac04.txt,C1237900,c_specimen,train,False,zonglie,3
C1238058_V12_F00001_a5ef8e03-5145-4492-85d8-90da9d4d349c.jpg,C1238058_V12_F00001_a5ef8e03-5145-4492-85d8-90da9d4d349c.txt,C1238058,c_specimen,train,False,"jieba,yiwuyaru",5
C1238149_V01_F00007_b85d9b39-7ce2-4c58-b01e-efb9d14314e8.jpg,C1238149_V01_F00007_b85d9b39-7ce2-4c58-b01e-efb9d14314e8.txt,C1238149,c_specimen,train,False,zonglie,1
C1238149_V01_F00008_f47d7171-9383-4c9e-8501-f0bf5cbdccf5.jpg,C1238149_V01_F00008_f47d7171-9383-4c9e-8501-f0bf5cbdccf5.txt,C1238149,c_specimen,train,False,zonglie,1
C1238149_V02_F00007_68ed5e8d-c7c7-4763-b849-d6e361d7c125.jpg,C1238149_V02_F00007_68ed5e8d-c7c7-4763-b849-d6e361d7c125.txt,C1238149,c_specimen,train,False,"yanghuatiepi,zonglie",3
C1238505_V13_F00007_c43744bc-5727-40c4-a87c-4e7a20c23e28.jpg,C1238505_V13_F00007_c43744bc-5727-40c4-a87c-4e7a20c23e28.txt,C1238505,c_specimen,train,False,"huashang,yiwuyaru",6
C1238506_V10_F00003_5a130be8-044b-42c5-bcab-7c043ff11bae.jpg,C1238506_V10_F00003_5a130be8-044b-42c5-bcab-7c043ff11bae.txt,C1238506,c_specimen,train,False,"huashang,jieba",4
C1238700_V13_F00009_5a66c1e8-59bf-4fe3-81b2-ca1b4d6049b9.jpg,C1238700_V13_F00009_5a66c1e8-59bf-4fe3-81b2-ca1b4d6049b9.txt,C1238700,c_specimen,train,False,"huashang,yiwuyaru",2
C1238772_V13_F00002_0d445476-b5b2-4e87-835a-d171fa5d135d.jpg,C1238772_V13_F00002_0d445476-b5b2-4e87-835a-d171fa5d135d.txt,C1238772,c_specimen,train,False,yiwuyaru,2
C1238817_V13_F00001_861ab7df-7524-4bbc-9809-f3de3b07c463.jpg,C1238817_V13_F00001_861ab7df-7524-4bbc-9809-f3de3b07c463.txt,C1238817,c_specimen,train,False,jieba,1
C1238823_V00_F00000_7b7e0210-7d9b-4132-aacd-79a1718898a6.jpg,C1238823_V00_F00000_7b7e0210-7d9b-4132-aacd-79a1718898a6.txt,C1238823,c_specimen,train,False,jieba,1
C1238861_V03_F00007_cb83f6c9-032f-496a-8908-56d1da582c03.jpg,C1238861_V03_F00007_cb83f6c9-032f-496a-8908-56d1da582c03.txt,C1238861,c_specimen,train,False,jieba,2
C1238898_V11_F00002_b6acc7d8-e1f3-4fdd-9655-b39a81f2f595.jpg,C1238898_V11_F00002_b6acc7d8-e1f3-4fdd-9655-b39a81f2f595.txt,C1238898,c_specimen,val,False,yiwuyaru,2
C1238898_V13_F00001_6d090fdb-8b9b-424c-81cd-9ef5a945d043.jpg,C1238898_V13_F00001_6d090fdb-8b9b-424c-81cd-9ef5a945d043.txt,C1238898,c_specimen,val,False,"jieba,yiwuyaru",4
C1238918_V12_F00002_930784eb-e695-499a-91ec-4d74b8a15273.jpg,C1238918_V12_F00002_930784eb-e695-499a-91ec-4d74b8a15273.txt,C1238918,c_specimen,train,False,yiwuyaru,1
C1238919_V13_F00010_7adb0de0-3d7b-4622-87a7-f5df80c8bc27.jpg,C1238919_V13_F00010_7adb0de0-3d7b-4622-87a7-f5df80c8bc27.txt,C1238919,c_specimen,train,False,"jieba,yiwuyaru",2
C1238920_V00_F00010_51df833f-9f27-4741-8557-c2d25c5acf3c.jpg,C1238920_V00_F00010_51df833f-9f27-4741-8557-c2d25c5acf3c.txt,C1238920,c_specimen,train,False,"jieba,yiwuyaru",2
C1238928_V02_F00008_618c8961-53fc-4df3-bb88-ac7eddb39db3.jpg,C1238928_V02_F00008_618c8961-53fc-4df3-bb88-ac7eddb39db3.txt,C1238928,c_specimen,train,False,jieba,1
C1239076_V13_F00002_7b6ab72a-3ba6-4f7d-9cba-e4ef09c967c5.jpg,C1239076_V13_F00002_7b6ab72a-3ba6-4f7d-9cba-e4ef09c967c5.txt,C1239076,c_specimen,train,False,jieba,1
C1239135_V13_F00007_1efe6c65-98eb-49cb-be69-8f1bc4aa520a.jpg,C1239135_V13_F00007_1efe6c65-98eb-49cb-be69-8f1bc4aa520a.txt,C1239135,c_specimen,val,False,jieba,1
C1239138_V10_F00005_40c856eb-97fe-4354-b2ad-f0db5de0a6c5.jpg,C1239138_V10_F00005_40c856eb-97fe-4354-b2ad-f0db5de0a6c5.txt,C1239138,c_specimen,train,False,yiwuyaru,2
C1239162_V13_F00012_2fda64da-493d-43bb-8d06-a6bc09e75faf.jpg,C1239162_V13_F00012_2fda64da-493d-43bb-8d06-a6bc09e75faf.txt,C1239162,c_specimen,val,False,jieba,1
C1239224_V02_F00012_87e82fe0-6497-4b63-9768-24897ba6a8a8.jpg,C1239224_V02_F00012_87e82fe0-6497-4b63-9768-24897ba6a8a8.txt,C1239224,c_specimen,train,False,jieba,2
C1239262_V02_F00006_01b45a67-fa9c-4e55-b9fb-bb079e45cb6a.jpg,C1239262_V02_F00006_01b45a67-fa9c-4e55-b9fb-bb079e45cb6a.txt,C1239262,c_specimen,train,False,yiwuyaru,2
C1239336_V13_F00003_bb20af57-1798-49bd-871b-31d94b4659d1.jpg,C1239336_V13_F00003_bb20af57-1798-49bd-871b-31d94b4659d1.txt,C1239336,c_specimen,train,False,"jieba,yiwuyaru",2
C1239470_V00_F00006_1e9bd53c-e626-4c26-8af5-5ebee6cf4c2f.jpg,C1239470_V00_F00006_1e9bd53c-e626-4c26-8af5-5ebee6cf4c2f.txt,C1239470,c_specimen,train,False,jiaza,3
C1239470_V01_F00006_7e091af5-a5e7-4805-84b4-f30c9fb36532.jpg,C1239470_V01_F00006_7e091af5-a5e7-4805-84b4-f30c9fb36532.txt,C1239470,c_specimen,train,False,jiaza,3
C1239514_V10_F00000_cfa1a927-ec28-4905-98ec-94a18cae9086.jpg,C1239514_V10_F00000_cfa1a927-ec28-4905-98ec-94a18cae9086.txt,C1239514,c_specimen,train,False,jieba,1
C1239524_V10_F00001_5e953016-789d-44ee-be8c-cd67ca2a407c.jpg,C1239524_V10_F00001_5e953016-789d-44ee-be8c-cd67ca2a407c.txt,C1239524,c_specimen,train,False,jieba,1
C1239530_V01_F00004_4a4519b6-0d0b-4580-a29f-03e959997739.jpg,C1239530_V01_F00004_4a4519b6-0d0b-4580-a29f-03e959997739.txt,C1239530,c_specimen,train,False,zonglie,4
C1239530_V02_F00003_bc3e3134-3a3f-4a7f-a8db-9b3d7e4574c7.jpg,C1239530_V02_F00003_bc3e3134-3a3f-4a7f-a8db-9b3d7e4574c7.txt,C1239530,c_specimen,train,False,zonglie,2
C1239530_V02_F00004_32a37536-0ffc-43ef-b36e-540f2c039a19.jpg,C1239530_V02_F00004_32a37536-0ffc-43ef-b36e-540f2c039a19.txt,C1239530,c_specimen,train,False,zonglie,1
C1239540_V12_F00001_3e2835c5-a56d-4fcb-a9ba-5cee00c42e1e.jpg,C1239540_V12_F00001_3e2835c5-a56d-4fcb-a9ba-5cee00c42e1e.txt,C1239540,c_specimen,train,False,jieba,1
C1239631_V02_F00008_ee193aed-3897-496b-a984-b6590d46fdf7.jpg,C1239631_V02_F00008_ee193aed-3897-496b-a984-b6590d46fdf7.txt,C1239631,c_specimen,train,False,jieba,2
C1239638_V03_F00007_526234b4-6138-4250-a542-153f4df9702f.jpg,C1239638_V03_F00007_526234b4-6138-4250-a542-153f4df9702f.txt,C1239638,c_specimen,val,False,jieba,1
C1240253_V03_F00005_2e717029-fc29-42aa-86f7-fdd0ef000641.jpg,C1240253_V03_F00005_2e717029-fc29-42aa-86f7-fdd0ef000641.txt,C1240253,c_specimen,train,False,jieba,1
C1240292_V02_F00004_f870af20-027b-49d5-a6e0-4cc9901a6327.jpg,C1240292_V02_F00004_f870af20-027b-49d5-a6e0-4cc9901a6327.txt,C1240292,c_specimen,train,False,jieba,1
C1240417_V02_F00003_755afce5-1d7e-4873-aab5-ef9cb8e8d5f5.jpg,C1240417_V02_F00003_755afce5-1d7e-4873-aab5-ef9cb8e8d5f5.txt,C1240417,c_specimen,train,False,yiwuyaru,1
C1240478_V10_F00001_e7a1c47d-855f-4edd-87aa-afb60e7a618e.jpg,C1240478_V10_F00001_e7a1c47d-855f-4edd-87aa-afb60e7a618e.txt,C1240478,c_specimen,train,False,jieba,2
C1240516_V01_F00009_c32f62b8-3cae-4be8-80dc-b42d8b8746d0.jpg,C1240516_V01_F00009_c32f62b8-3cae-4be8-80dc-b42d8b8746d0.txt,C1240516,c_specimen,train,False,zonglie,1
C1240588_V01_F00016_2b54ba42-dce5-4fc3-87a9-b95f78307ca0.jpg,C1240588_V01_F00016_2b54ba42-dce5-4fc3-87a9-b95f78307ca0.txt,C1240588,c_specimen,train,False,jieba,1
C1240595_V02_F00003_40564689-5d9d-4c69-8147-d2725a62f4cd.jpg,C1240595_V02_F00003_40564689-5d9d-4c69-8147-d2725a62f4cd.txt,C1240595,c_specimen,train,False,jieba,1
C1240626_V01_F00009_dba80c58-fa79-4316-8290-f8f3169d6105.jpg,C1240626_V01_F00009_dba80c58-fa79-4316-8290-f8f3169d6105.txt,C1240626,c_specimen,train,False,mamianmakeng,1
C1240669_V00_F00007_d21e2458-ea5f-43d1-9358-0e6e8273d1b2.jpg,C1240669_V00_F00007_d21e2458-ea5f-43d1-9358-0e6e8273d1b2.txt,C1240669,c_specimen,train,False,yiwuyaru,1
C1240674_V00_F00006_cddcb8a4-83f9-466c-b454-601c5e77706c.jpg,C1240674_V00_F00006_cddcb8a4-83f9-466c-b454-601c5e77706c.txt,C1240674,c_specimen,train,False,yiwuyaru,1
C1240694_V00_F00010_b63daa33-79d4-4fd6-a9bc-29802069e6ec.jpg,C1240694_V00_F00010_b63daa33-79d4-4fd6-a9bc-29802069e6ec.txt,C1240694,c_specimen,train,False,yiwuyaru,1
C1240696_V02_F00012_13204a35-2774-481d-8c8c-e867ea9fb270.jpg,C1240696_V02_F00012_13204a35-2774-481d-8c8c-e867ea9fb270.txt,C1240696,c_specimen,train,False,jieba,1
C1240770_V02_F00007_1481b2de-d4db-43f1-ac46-0b72b6587011.jpg,C1240770_V02_F00007_1481b2de-d4db-43f1-ac46-0b72b6587011.txt,C1240770,c_specimen,val,False,"jieba,yiwuyaru",2
C1240770_V03_F00007_faf5772c-639d-464e-b154-941db477b935.jpg,C1240770_V03_F00007_faf5772c-639d-464e-b154-941db477b935.txt,C1240770,c_specimen,val,False,jieba,1
C1240796_V10_F00004_49ff0aac-762b-451f-9317-e1316f584a87.jpg,C1240796_V10_F00004_49ff0aac-762b-451f-9317-e1316f584a87.txt,C1240796,c_specimen,train,False,jieba,1
C1240815_V01_F00002_108ec51d-e149-4eb2-8ae3-7eb11016fb03.jpg,C1240815_V01_F00002_108ec51d-e149-4eb2-8ae3-7eb11016fb03.txt,C1240815,c_specimen,train,False,"jieba,yiwuyaru",2
C1240869_V00_F00004_81449a86-62e1-4c17-bc52-bf0bd69e7418.jpg,C1240869_V00_F00004_81449a86-62e1-4c17-bc52-bf0bd69e7418.txt,C1240869,c_specimen,train,False,mamianmakeng,1
C1241598_V00_F00001_2683f340-29d0-40d4-979e-99037f7a19f1.jpg,C1241598_V00_F00001_2683f340-29d0-40d4-979e-99037f7a19f1.txt,C1241598,c_specimen,train,False,mamianmakeng,1
C1241612_V03_F00005_b37f3c1e-df81-47f6-b1b7-671166ec1704.jpg,C1241612_V03_F00005_b37f3c1e-df81-47f6-b1b7-671166ec1704.txt,C1241612,c_specimen,train,False,jieba,1
C1241615_V01_F00009_8c0bb97c-3082-4ff9-a267-d597efc4a78e.jpg,C1241615_V01_F00009_8c0bb97c-3082-4ff9-a267-d597efc4a78e.txt,C1241615,c_specimen,train,False,gunyin,1
C1241616_V01_F00002_c2596933-309f-4b26-8542-536bfdf8d4c8.jpg,C1241616_V01_F00002_c2596933-309f-4b26-8542-536bfdf8d4c8.txt,C1241616,c_specimen,train,False,gunyin,3
C1241616_V01_F00004_39e33ca9-34d9-4192-8bda-a315aba95454.jpg,C1241616_V01_F00004_39e33ca9-34d9-4192-8bda-a315aba95454.txt,C1241616,c_specimen,train,False,gunyin,2
C1241616_V01_F00005_d0f56a5d-63b8-4b4f-aca9-649512aa4f84.jpg,C1241616_V01_F00005_d0f56a5d-63b8-4b4f-aca9-649512aa4f84.txt,C1241616,c_specimen,train,False,gunyin,1
C1241638_V10_F00002_e5efc98e-f5df-4861-8b6f-54f9683260f9.jpg,C1241638_V10_F00002_e5efc98e-f5df-4861-8b6f-54f9683260f9.txt,C1241638,c_specimen,train,False,jieba,1
C1241789_V00_F00002_0eccdbd1-8366-40bc-8c1f-59c10d8bc4eb.jpg,C1241789_V00_F00002_0eccdbd1-8366-40bc-8c1f-59c10d8bc4eb.txt,C1241789,c_specimen,train,False,yiwuyaru,5
C1241842_V03_F00004_841ba04e-a024-4e25-bd10-1802794f8a98.jpg,C1241842_V03_F00004_841ba04e-a024-4e25-bd10-1802794f8a98.txt,C1241842,c_specimen,train,False,yiwuyaru,1
C1241843_V10_F00003_95e0157c-bdd1-4eac-a896-ea8fdefd468c.jpg,C1241843_V10_F00003_95e0157c-bdd1-4eac-a896-ea8fdefd468c.txt,C1241843,c_specimen,train,False,jieba,1
C1241843_V11_F00003_bfa07219-b3a9-44fd-8cd5-7e94958dcbc8.jpg,C1241843_V11_F00003_bfa07219-b3a9-44fd-8cd5-7e94958dcbc8.txt,C1241843,c_specimen,train,False,jieba,2
C1241845_V03_F00009_1743b092-b2ff-4e00-93da-109d2374ae9e.jpg,C1241845_V03_F00009_1743b092-b2ff-4e00-93da-109d2374ae9e.txt,C1241845,c_specimen,train,False,jieba,1
C1241902_V11_F00009_7f28881b-d4fe-4ee1-a964-f1319147437e.jpg,C1241902_V11_F00009_7f28881b-d4fe-4ee1-a964-f1319147437e.txt,C1241902,c_specimen,train,False,"huashang,jieba",18
C1241983_V10_F00001_63053087-4f72-434a-ad0b-99451912a91f.jpg,C1241983_V10_F00001_63053087-4f72-434a-ad0b-99451912a91f.txt,C1241983,c_specimen,train,False,"jieba,qilie",3
C1241983_V10_F00009_e501374c-1310-4539-8a29-0927821d8b76.jpg,C1241983_V10_F00009_e501374c-1310-4539-8a29-0927821d8b76.txt,C1241983,c_specimen,train,False,"jieba,qilie,yiwuyaru",5
C1241983_V11_F00009_339fa553-d9be-41b2-9c9d-e4f73362750e.jpg,C1241983_V11_F00009_339fa553-d9be-41b2-9c9d-e4f73362750e.txt,C1241983,c_specimen,train,False,"jieba,qilie",2
C1242045_V01_F00003_1d51e781-80ac-46ef-805a-50627f1fb788.jpg,C1242045_V01_F00003_1d51e781-80ac-46ef-805a-50627f1fb788.txt,C1242045,c_specimen,train,False,jiaza,3
C1242045_V01_F00011_c6a32e7b-7958-423e-a0d8-0dc7b47bc54e.jpg,C1242045_V01_F00011_c6a32e7b-7958-423e-a0d8-0dc7b47bc54e.txt,C1242045,c_specimen,train,False,jiaza,3
C1242045_V02_F00006_a4722193-294a-42c9-bf5c-2eeda5b27a36.jpg,C1242045_V02_F00006_a4722193-294a-42c9-bf5c-2eeda5b27a36.txt,C1242045,c_specimen,train,False,jiaza,1
C1242047_V01_F00004_f7b26b39-cc7f-4b7c-9564-9f55fed8716c.jpg,C1242047_V01_F00004_f7b26b39-cc7f-4b7c-9564-9f55fed8716c.txt,C1242047,c_specimen,train,False,jiaza,2
C1242047_V01_F00012_4445a984-66e4-485f-8cac-3532c2771271.jpg,C1242047_V01_F00012_4445a984-66e4-485f-8cac-3532c2771271.txt,C1242047,c_specimen,train,False,jiaza,2
C1242048_V01_F00002_3c6284d6-0ac5-4bcd-a15d-c101d42d5f17.jpg,C1242048_V01_F00002_3c6284d6-0ac5-4bcd-a15d-c101d42d5f17.txt,C1242048,c_specimen,train,False,"jiaza,yanghuatiepi",2
C1242365_V02_F00007_9093f8f6-131b-4978-af0d-1e5f14a8ed13.jpg,C1242365_V02_F00007_9093f8f6-131b-4978-af0d-1e5f14a8ed13.txt,C1242365,c_specimen,train,False,jiaza,2
C1242365_V02_F00008_702617eb-c199-471f-aa11-c09d26b57a73.jpg,C1242365_V02_F00008_702617eb-c199-471f-aa11-c09d26b57a73.txt,C1242365,c_specimen,train,False,jiaza,3
C1242371_V13_F00002_a2897d66-1ee4-46e3-ae84-1665fa3bdd4d.jpg,C1242371_V13_F00002_a2897d66-1ee4-46e3-ae84-1665fa3bdd4d.txt,C1242371,c_specimen,train,False,yiwuyaru,1
C1242374_V11_F00011_e30596f2-dd55-4199-ba63-95736af682f9.jpg,C1242374_V11_F00011_e30596f2-dd55-4199-ba63-95736af682f9.txt,C1242374,c_specimen,train,False,yiwuyaru,1
C1242442_V11_F00013_fa100843-7624-46e0-bdc3-47d2c1fe146b.jpg,C1242442_V11_F00013_fa100843-7624-46e0-bdc3-47d2c1fe146b.txt,C1242442,c_specimen,train,False,yiwuyaru,1
C1242444_V13_F00127_a9d22a65-cf83-4d26-a584-5c78370f0c52.jpg,C1242444_V13_F00127_a9d22a65-cf83-4d26-a584-5c78370f0c52.txt,C1242444,c_specimen,train,False,"huashang,jieba",3
C1242476_V11_F00000_934242e0-ad61-4ba6-891a-a1468da7d33f.jpg,C1242476_V11_F00000_934242e0-ad61-4ba6-891a-a1468da7d33f.txt,C1242476,c_specimen,train,False,jieba,2
C1242524_V03_F00005_15a1408f-0e93-4a6f-89f2-5ee12fe8358b.jpg,C1242524_V03_F00005_15a1408f-0e93-4a6f-89f2-5ee12fe8358b.txt,C1242524,c_specimen,train,False,jieba,3
C1242553_V00_F00028_0410fae2-2b10-4316-8186-010e806e6a50.jpg,C1242553_V00_F00028_0410fae2-2b10-4316-8186-010e806e6a50.txt,C1242553,c_specimen,train,False,yiwuyaru,4
C1242553_V03_F00026_41695794-9d52-429b-a85b-5188a7b8b6d4.jpg,C1242553_V03_F00026_41695794-9d52-429b-a85b-5188a7b8b6d4.txt,C1242553,c_specimen,train,False,"mamianmakeng,yiwuyaru",2
C1242593_V13_F00006_1d60a0d0-2d7e-4e2b-b241-e40185d7390d.jpg,C1242593_V13_F00006_1d60a0d0-2d7e-4e2b-b241-e40185d7390d.txt,C1242593,c_specimen,train,False,yiwuyaru,1
C1242624_V03_F00007_483a86c7-7718-416b-bfc8-54e65271267f.jpg,C1242624_V03_F00007_483a86c7-7718-416b-bfc8-54e65271267f.txt,C1242624,c_specimen,train,False,yiwuyaru,1
C1242625_V02_F00001_cca4a9b0-275b-4aab-abd6-659c2912d016.jpg,C1242625_V02_F00001_cca4a9b0-275b-4aab-abd6-659c2912d016.txt,C1242625,c_specimen,train,False,"jiaza,jieba",2
C1242625_V12_F00008_18136d68-7f03-40fe-80f5-4774ca35f3d9.jpg,C1242625_V12_F00008_18136d68-7f03-40fe-80f5-4774ca35f3d9.txt,C1242625,c_specimen,train,False,jieba,1
C1242660_V02_F00004_7d7f97fb-4c5e-4cd5-979a-cb9e9daf410f.jpg,C1242660_V02_F00004_7d7f97fb-4c5e-4cd5-979a-cb9e9daf410f.txt,C1242660,c_specimen,train,False,jiaza,2
C1242661_V01_F00005_f20a616a-26c1-4be1-b316-f040fd42bd2a.jpg,C1242661_V01_F00005_f20a616a-26c1-4be1-b316-f040fd42bd2a.txt,C1242661,c_specimen,train,False,jiaza,1
C1242661_V01_F00006_a1a58e36-7a2b-414e-95c1-a518329209ec.jpg,C1242661_V01_F00006_a1a58e36-7a2b-414e-95c1-a518329209ec.txt,C1242661,c_specimen,train,False,jiaza,1
C1242662_V01_F00002_4ef2bb70-4b77-400a-a4e7-1d605d73280f.jpg,C1242662_V01_F00002_4ef2bb70-4b77-400a-a4e7-1d605d73280f.txt,C1242662,c_specimen,train,False,"yanghuatiepi,zonglie",4
C1242706_V01_F00001_aaf3c629-3701-48a1-bc8e-ba308876893d.jpg,C1242706_V01_F00001_aaf3c629-3701-48a1-bc8e-ba308876893d.txt,C1242706,c_specimen,train,False,zonglie,3
C1242749_V02_F00003_a9d32fcb-f553-47c0-95c5-f282ee6167f7.jpg,C1242749_V02_F00003_a9d32fcb-f553-47c0-95c5-f282ee6167f7.txt,C1242749,c_specimen,train,False,"jieba,yanghuatiepi",2
C1242814_V00_F00001_edf2f164-f144-4f00-96b7-92a8e93395e7.jpg,C1242814_V00_F00001_edf2f164-f144-4f00-96b7-92a8e93395e7.txt,C1242814,c_specimen,train,False,jieba,1
C1242831_V01_F00011_9002dc23-a545-487f-a664-dcf35972f0db.jpg,C1242831_V01_F00011_9002dc23-a545-487f-a664-dcf35972f0db.txt,C1242831,c_specimen,train,False,jieba,1
C1243059_V00_F00001_726d4e50-6f6d-4b3d-9865-c48056f8fee0.jpg,C1243059_V00_F00001_726d4e50-6f6d-4b3d-9865-c48056f8fee0.txt,C1243059,c_specimen,train,False,"jieba,yanghuatiepi",2
C1243083_V03_F00008_aad60518-0934-46ff-955b-c5b08d4cab17.jpg,C1243083_V03_F00008_aad60518-0934-46ff-955b-c5b08d4cab17.txt,C1243083,c_specimen,train,False,"jieba,yiwuyaru",3
C1243084_V03_F00002_46993a01-d55c-4423-96d5-46b3319cef92.jpg,C1243084_V03_F00002_46993a01-d55c-4423-96d5-46b3319cef92.txt,C1243084,c_specimen,train,False,jieba,3
C1243108_V10_F00001_95a66819-7acd-4441-9f19-4c0c214385ed.jpg,C1243108_V10_F00001_95a66819-7acd-4441-9f19-4c0c214385ed.txt,C1243108,c_specimen,train,False,jieba,1
C1243161_V00_F00007_650101f1-7e8b-4c7d-9a48-bad663fb74bb.jpg,C1243161_V00_F00007_650101f1-7e8b-4c7d-9a48-bad663fb74bb.txt,C1243161,c_specimen,train,False,mamianmakeng,1
C1243226_V03_F00000_3ecaf361-c967-4625-a402-7c860a7f6272.jpg,C1243226_V03_F00000_3ecaf361-c967-4625-a402-7c860a7f6272.txt,C1243226,c_specimen,val,False,jieba,2
C1243226_V11_F00002_b133680d-766e-49e4-9bdc-dd55e4b95377.jpg,C1243226_V11_F00002_b133680d-766e-49e4-9bdc-dd55e4b95377.txt,C1243226,c_specimen,val,False,yiwuyaru,1
C1243229_V02_F00006_e3b92db7-1033-452c-bb27-57cda92a3b49.jpg,C1243229_V02_F00006_e3b92db7-1033-452c-bb27-57cda92a3b49.txt,C1243229,c_specimen,train,False,jieba,1
C1243240_V00_F00009_d5efc5e4-8625-41a5-88a2-80489089a461.jpg,C1243240_V00_F00009_d5efc5e4-8625-41a5-88a2-80489089a461.txt,C1243240,c_specimen,train,False,mamianmakeng,1
C1243241_V03_F00003_191443e7-9af9-4049-b31a-41c4a8f260a2.jpg,C1243241_V03_F00003_191443e7-9af9-4049-b31a-41c4a8f260a2.txt,C1243241,c_specimen,train,False,"jieba,mamianmakeng",2
C1243243_V12_F00006_b19515f5-96b7-452c-9f0a-565527f2f959.jpg,C1243243_V12_F00006_b19515f5-96b7-452c-9f0a-565527f2f959.txt,C1243243,c_specimen,train,False,jieba,2
C1243244_V02_F00008_bf11c2bc-90bc-413d-a294-0cae59fe87c0.jpg,C1243244_V02_F00008_bf11c2bc-90bc-413d-a294-0cae59fe87c0.txt,C1243244,c_specimen,train,False,jieba,1
C1243244_V03_F00008_4bd05503-a160-4194-9fb3-cdcf5ab3581a.jpg,C1243244_V03_F00008_4bd05503-a160-4194-9fb3-cdcf5ab3581a.txt,C1243244,c_specimen,train,False,jieba,2
C1243260_V01_F00002_d57cc624-89fe-43f9-b42c-1ae392ecc876.jpg,C1243260_V01_F00002_d57cc624-89fe-43f9-b42c-1ae392ecc876.txt,C1243260,c_specimen,train,False,yiwuyaru,1
C1243679_V13_F00009_a6807496-335c-4d58-bba2-69d33a4f3ac7.jpg,C1243679_V13_F00009_a6807496-335c-4d58-bba2-69d33a4f3ac7.txt,C1243679,c_specimen,train,False,"huashang,jieba,yiwuyaru",7
C1244133_V10_F00004_e4af47b0-16e0-4a64-8aa0-00c498f8fb13.jpg,C1244133_V10_F00004_e4af47b0-16e0-4a64-8aa0-00c498f8fb13.txt,C1244133,c_specimen,train,False,yiwuyaru,1
C1244133_V12_F00002_90224405-9c1a-4c1f-ac17-3dfc04ad1f53.jpg,C1244133_V12_F00002_90224405-9c1a-4c1f-ac17-3dfc04ad1f53.txt,C1244133,c_specimen,train,False,"jieba,yiwuyaru",4
C1244133_V12_F00003_e0bd28c6-3298-4384-b2e6-4ec008b6224c.jpg,C1244133_V12_F00003_e0bd28c6-3298-4384-b2e6-4ec008b6224c.txt,C1244133,c_specimen,train,False,yiwuyaru,1
C1244136_V12_F00006_f60fe3c3-51d0-435a-8d05-476ac991a184.jpg,C1244136_V12_F00006_f60fe3c3-51d0-435a-8d05-476ac991a184.txt,C1244136,c_specimen,train,False,jieba,2
C1244136_V13_F00006_06218987-f2e2-4e99-83a1-2142926170e1.jpg,C1244136_V13_F00006_06218987-f2e2-4e99-83a1-2142926170e1.txt,C1244136,c_specimen,train,False,"jieba,yiwuyaru",3
C1244155_V02_F00182_2082f6a8-0ce7-45a1-b54b-5b74e9a6c030.jpg,C1244155_V02_F00182_2082f6a8-0ce7-45a1-b54b-5b74e9a6c030.txt,C1244155,c_specimen,train,False,jieba,4
C1244214_V13_F00004_ef9b8c94-fa17-4fac-b7c6-0d32994469e4.jpg,C1244214_V13_F00004_ef9b8c94-fa17-4fac-b7c6-0d32994469e4.txt,C1244214,c_specimen,train,False,jieba,1
C1244224_V03_F00006_463710cc-24e6-4562-9441-ecd5e046d2f7.jpg,C1244224_V03_F00006_463710cc-24e6-4562-9441-ecd5e046d2f7.txt,C1244224,c_specimen,train,False,mamianmakeng,1
C1244230_V01_F00005_a1fe7b57-b63a-4f6c-b83f-9c1807ea26b9.jpg,C1244230_V01_F00005_a1fe7b57-b63a-4f6c-b83f-9c1807ea26b9.txt,C1244230,c_specimen,train,False,jieba,1
C1244230_V02_F00004_7d08448f-dbc7-49b6-afa2-e56e7ace9cd6.jpg,C1244230_V02_F00004_7d08448f-dbc7-49b6-afa2-e56e7ace9cd6.txt,C1244230,c_specimen,train,False,jieba,1
C1244230_V02_F00004_affd3903-b01c-4729-a234-8af1208bdc29.jpg,C1244230_V02_F00004_affd3903-b01c-4729-a234-8af1208bdc29.txt,C1244230,c_specimen,train,False,jieba,1
C1244230_V12_F00004_cbcef519-914a-41d9-bc15-93a98ee9236a.jpg,C1244230_V12_F00004_cbcef519-914a-41d9-bc15-93a98ee9236a.txt,C1244230,c_specimen,train,False,jieba,3
C1244239_V03_F00014_dbf96c05-0e51-431a-9dd8-5e9f3fb03ad3.jpg,C1244239_V03_F00014_dbf96c05-0e51-431a-9dd8-5e9f3fb03ad3.txt,C1244239,c_specimen,train,False,mamianmakeng,1
C1244252_V03_F00011_bd4f9434-9e68-42dc-bc59-d85f8498113c.jpg,C1244252_V03_F00011_bd4f9434-9e68-42dc-bc59-d85f8498113c.txt,C1244252,c_specimen,train,False,jieba,2
C1245975_V00_F00006_e7f47ff5-0ed4-487e-a465-59fcd29e2d56.jpg,C1245975_V00_F00006_e7f47ff5-0ed4-487e-a465-59fcd29e2d56.txt,C1245975,c_specimen,train,False,jiaza,1
C1245975_V01_F00006_0c7ea4e7-6e2b-4975-b325-7a721cc1dc73.jpg,C1245975_V01_F00006_0c7ea4e7-6e2b-4975-b325-7a721cc1dc73.txt,C1245975,c_specimen,train,False,jiaza,1
C1248761_V01_F00008_0d848986-941b-4c35-becb-ea8c13e2aa16.jpg,C1248761_V01_F00008_0d848986-941b-4c35-becb-ea8c13e2aa16.txt,C1248761,c_specimen,train,False,zonglie,2
C1248761_V01_F00009_eff4dc54-2294-4296-9ddc-8f6d5af56672.jpg,C1248761_V01_F00009_eff4dc54-2294-4296-9ddc-8f6d5af56672.txt,C1248761,c_specimen,train,False,zonglie,2
C1248915_V00_F00021_73f278f6-f2af-4041-a16b-00ba9c586770.jpg,C1248915_V00_F00021_73f278f6-f2af-4041-a16b-00ba9c586770.txt,C1248915,c_specimen,train,False,mamianmakeng,1
C1249070_V01_F00002_1509f16b-0cbd-4b4f-9428-06f673ae779b.jpg,C1249070_V01_F00002_1509f16b-0cbd-4b4f-9428-06f673ae779b.txt,C1249070,c_specimen,train,False,zonglie,1
C1249118_V01_F00005_664b40e2-81dc-4c4a-a795-e82730bf36aa.jpg,C1249118_V01_F00005_664b40e2-81dc-4c4a-a795-e82730bf36aa.txt,C1249118,c_specimen,val,False,zonglie,1
C1249118_V01_F00006_82a97400-0132-4dd3-bc36-52b0fd8a1725.jpg,C1249118_V01_F00006_82a97400-0132-4dd3-bc36-52b0fd8a1725.txt,C1249118,c_specimen,val,False,zonglie,1
C1249118_V01_F00008_dc397da4-def0-4899-939e-92c0b7326ece.jpg,C1249118_V01_F00008_dc397da4-def0-4899-939e-92c0b7326ece.txt,C1249118,c_specimen,val,False,zonglie,1
C1249118_V01_F00009_8f3c7d65-9e1e-4f4e-b8a6-51abc2560199.jpg,C1249118_V01_F00009_8f3c7d65-9e1e-4f4e-b8a6-51abc2560199.txt,C1249118,c_specimen,val,False,zonglie,1
C1249118_V01_F00010_558a576b-de61-40cf-85dd-8da271c6b4b6.jpg,C1249118_V01_F00010_558a576b-de61-40cf-85dd-8da271c6b4b6.txt,C1249118,c_specimen,val,False,zonglie,1
C1249118_V01_F00011_63976a6d-180e-44e2-8ced-2e4594a2fae3.jpg,C1249118_V01_F00011_63976a6d-180e-44e2-8ced-2e4594a2fae3.txt,C1249118,c_specimen,val,False,zonglie,1
C1249118_V01_F00012_0ce9c6bc-0063-4ddc-b8c0-45f8560920cf.jpg,C1249118_V01_F00012_0ce9c6bc-0063-4ddc-b8c0-45f8560920cf.txt,C1249118,c_specimen,val,False,zonglie,1
C1249118_V01_F00013_1d7355fb-157b-49e5-8420-fc5b1873dadc.jpg,C1249118_V01_F00013_1d7355fb-157b-49e5-8420-fc5b1873dadc.txt,C1249118,c_specimen,val,False,zonglie,1
C1249120_V02_F00014_d73d75d5-45e3-4d67-a5ac-82094c14c17f.jpg,C1249120_V02_F00014_d73d75d5-45e3-4d67-a5ac-82094c14c17f.txt,C1249120,c_specimen,train,False,zonglie,1
C1249120_V02_F00016_e1302822-acc3-4f05-b68f-2dcc5c5cecbe.jpg,C1249120_V02_F00016_e1302822-acc3-4f05-b68f-2dcc5c5cecbe.txt,C1249120,c_specimen,train,False,zonglie,1
C1249138_V03_F00006_e5894ec9-c7f4-43ab-9dcc-b1e95ebf6117.jpg,C1249138_V03_F00006_e5894ec9-c7f4-43ab-9dcc-b1e95ebf6117.txt,C1249138,c_specimen,train,False,"jiaza,jieba",2
C1249145_V10_F00001_34135d81-0f3c-4aeb-8221-de41e5e89834.jpg,C1249145_V10_F00001_34135d81-0f3c-4aeb-8221-de41e5e89834.txt,C1249145,c_specimen,train,False,"huashang,jieba",4
C1249280_V11_F00002_592b16f8-587d-4961-8783-c239b376aae4.jpg,C1249280_V11_F00002_592b16f8-587d-4961-8783-c239b376aae4.txt,C1249280,c_specimen,train,False,yiwuyaru,1
C1249307_V03_F00004_2abb4fd5-57bf-4565-bbbb-9d3dd1c31814.jpg,C1249307_V03_F00004_2abb4fd5-57bf-4565-bbbb-9d3dd1c31814.txt,C1249307,c_specimen,train,False,"jieba,yiwuyaru",2
C1249308_V10_F00005_7a2117b6-53c8-45a8-91f6-82b38ebf196b.jpg,C1249308_V10_F00005_7a2117b6-53c8-45a8-91f6-82b38ebf196b.txt,C1249308,c_specimen,train,False,"jieba,yiwuyaru",2
C1249432_V01_F00008_9f313a4d-8c55-4f1a-845d-33c2ca9d80a1.jpg,C1249432_V01_F00008_9f313a4d-8c55-4f1a-845d-33c2ca9d80a1.txt,C1249432,c_specimen,train,False,zonglie,2
C1249517_V00_F00005_ade590e9-0ed5-4c05-aa04-e2936c2ffe15.jpg,C1249517_V00_F00005_ade590e9-0ed5-4c05-aa04-e2936c2ffe15.txt,C1249517,c_specimen,train,False,yiwuyaru,1
C1249593_V02_F00007_0986df63-b5c6-402b-ac4c-2e36fcabea7d.jpg,C1249593_V02_F00007_0986df63-b5c6-402b-ac4c-2e36fcabea7d.txt,C1249593,c_specimen,train,False,jieba,3
C1249617_V01_F00002_67b2a1ae-5b19-4381-b256-29e8756484f5.jpg,C1249617_V01_F00002_67b2a1ae-5b19-4381-b256-29e8756484f5.txt,C1249617,c_specimen,train,False,zonglie,1
C1249617_V01_F00003_c416ca93-8603-4c19-91a6-16a62d7cd3fc.jpg,C1249617_V01_F00003_c416ca93-8603-4c19-91a6-16a62d7cd3fc.txt,C1249617,c_specimen,train,False,zonglie,1
C1249618_V01_F00007_982d0ebf-da01-419c-abd6-d0f359818ade.jpg,C1249618_V01_F00007_982d0ebf-da01-419c-abd6-d0f359818ade.txt,C1249618,c_specimen,train,False,zonglie,1
C1249861_V11_F00001_abb3cc81-29b1-45e7-93f0-000eb9d2536a.jpg,C1249861_V11_F00001_abb3cc81-29b1-45e7-93f0-000eb9d2536a.txt,C1249861,c_specimen,train,False,jieba,1
C1249924_V00_F00002_2a8d18d8-85ab-459e-b556-35050d7c693b.jpg,C1249924_V00_F00002_2a8d18d8-85ab-459e-b556-35050d7c693b.txt,C1249924,c_specimen,train,False,jieba,1
C1250378_V11_F00001_e0656ac0-0266-4a24-9296-60f6583deecf.jpg,C1250378_V11_F00001_e0656ac0-0266-4a24-9296-60f6583deecf.txt,C1250378,c_specimen,train,False,jieba,5
C1250388_V11_F00001_7d24bdc2-b581-443f-b86e-8bfb82cbb451.jpg,C1250388_V11_F00001_7d24bdc2-b581-443f-b86e-8bfb82cbb451.txt,C1250388,c_specimen,train,False,"huashang,jieba",3
C1250402_V10_F00000_7234fa66-6dc0-44b5-8674-d7292006bfb6.jpg,C1250402_V10_F00000_7234fa66-6dc0-44b5-8674-d7292006bfb6.txt,C1250402,c_specimen,train,False,jieba,2
C1250402_V11_F00000_3c3b80af-c3b0-4d04-aaa6-e53919d56ce0.jpg,C1250402_V11_F00000_3c3b80af-c3b0-4d04-aaa6-e53919d56ce0.txt,C1250402,c_specimen,train,False,jieba,2
C1250521_V00_F00007_a28fa2c5-96b4-490e-b3e1-f42359289eac.jpg,C1250521_V00_F00007_a28fa2c5-96b4-490e-b3e1-f42359289eac.txt,C1250521,c_specimen,train,False,yiwuyaru,1
C1250679_V00_F00004_189fab34-237b-46e8-b86b-97bf40a8e6e8.jpg,C1250679_V00_F00004_189fab34-237b-46e8-b86b-97bf40a8e6e8.txt,C1250679,c_specimen,train,False,jieba,1
C1250928_V02_F00001_fbeba495-b979-4093-acfd-431db8206e7f.jpg,C1250928_V02_F00001_fbeba495-b979-4093-acfd-431db8206e7f.txt,C1250928,c_specimen,train,False,jieba,3
C1250928_V02_F00003_e30c89ea-f333-49be-a240-7357e38116b2.jpg,C1250928_V02_F00003_e30c89ea-f333-49be-a240-7357e38116b2.txt,C1250928,c_specimen,train,False,jieba,1
C1250930_V00_F00007_4e2d70ee-8462-4655-9dae-cd3c30abd657.jpg,C1250930_V00_F00007_4e2d70ee-8462-4655-9dae-cd3c30abd657.txt,C1250930,c_specimen,train,False,jieba,1
C1250935_V01_F00007_6bc3ecba-fd6d-4e43-837a-c0b94ceaf9b7.jpg,C1250935_V01_F00007_6bc3ecba-fd6d-4e43-837a-c0b94ceaf9b7.txt,C1250935,c_specimen,train,False,zonglie,1
C1250974_V01_F00003_5907d59b-51c1-4994-b0ad-ce1d42c602fd.jpg,C1250974_V01_F00003_5907d59b-51c1-4994-b0ad-ce1d42c602fd.txt,C1250974,c_specimen,train,False,jieba,1
C1251012_V00_F00002_c5bf4ae8-ef3c-4098-bec2-353e0022efdf.jpg,C1251012_V00_F00002_c5bf4ae8-ef3c-4098-bec2-353e0022efdf.txt,C1251012,c_specimen,train,False,jieba,1
C1251012_V01_F00002_3a377f61-986d-4476-9842-4dda58928cf8.jpg,C1251012_V01_F00002_3a377f61-986d-4476-9842-4dda58928cf8.txt,C1251012,c_specimen,train,False,"jieba,yiwuyaru",3
C1251135_V01_F00000_57414d8b-22ef-4cbc-8d2b-37ca98630d77.jpg,C1251135_V01_F00000_57414d8b-22ef-4cbc-8d2b-37ca98630d77.txt,C1251135,c_specimen,train,False,zonglie,1
C1251144_V01_F00007_0afe0b37-9c7a-405f-97d9-077d9e723bba.jpg,C1251144_V01_F00007_0afe0b37-9c7a-405f-97d9-077d9e723bba.txt,C1251144,c_specimen,train,False,zonglie,3
C1251170_V02_F00008_7f182772-fea2-4f64-a614-0e88da044be5.jpg,C1251170_V02_F00008_7f182772-fea2-4f64-a614-0e88da044be5.txt,C1251170,c_specimen,train,False,zonglie,3
C1251194_V10_F00001_0133d47b-5567-4b71-8c11-3f85b48e9be2.jpg,C1251194_V10_F00001_0133d47b-5567-4b71-8c11-3f85b48e9be2.txt,C1251194,c_specimen,train,False,jieba,1
C1251379_V10_F00003_a107afa0-5157-4657-b545-e02715a83b40.jpg,C1251379_V10_F00003_a107afa0-5157-4657-b545-e02715a83b40.txt,C1251379,c_specimen,train,False,"jieba,yiwuyaru",4
C1251379_V12_F00006_401b1c90-ed63-4ab1-aa90-85e060235198.jpg,C1251379_V12_F00006_401b1c90-ed63-4ab1-aa90-85e060235198.txt,C1251379,c_specimen,train,False,jieba,1
C1251381_V01_F00003_3e951950-f59a-421b-8531-636ae2d7e4ab.jpg,C1251381_V01_F00003_3e951950-f59a-421b-8531-636ae2d7e4ab.txt,C1251381,c_specimen,train,False,"jieba,mamianmakeng",2
C1251381_V03_F00004_8bf9d3ae-f5d9-4049-8255-5d92eb54cef8.jpg,C1251381_V03_F00004_8bf9d3ae-f5d9-4049-8255-5d92eb54cef8.txt,C1251381,c_specimen,train,False,jieba,2
C1251586_V01_F00005_ef59af8c-31bf-4417-b605-6480c4f6d6a8.jpg,C1251586_V01_F00005_ef59af8c-31bf-4417-b605-6480c4f6d6a8.txt,C1251586,c_specimen,train,False,zonglie,4
C1251587_V01_F00016_43f1c330-7b2d-4a67-8ade-6273807f66f0.jpg,C1251587_V01_F00016_43f1c330-7b2d-4a67-8ade-6273807f66f0.txt,C1251587,c_specimen,train,False,zonglie,1
C1251588_V01_F00001_7464e1c6-ae1c-4513-916b-9360c814d004.jpg,C1251588_V01_F00001_7464e1c6-ae1c-4513-916b-9360c814d004.txt,C1251588,c_specimen,train,False,zonglie,2
C1251618_V10_F00004_19cb8b6a-98b5-4f29-b59b-5e63331d45c2.jpg,C1251618_V10_F00004_19cb8b6a-98b5-4f29-b59b-5e63331d45c2.txt,C1251618,c_specimen,train,False,zonglie,1
C1251739_V01_F00004_bcd1d92f-a68c-4a56-a526-39adb4464384.jpg,C1251739_V01_F00004_bcd1d92f-a68c-4a56-a526-39adb4464384.txt,C1251739,c_specimen,train,False,jiaza,1
C1256060_V00_F00000_cc79e521-e53d-45e3-a2b5-8e8c2945aad6.jpg,C1256060_V00_F00000_cc79e521-e53d-45e3-a2b5-8e8c2945aad6.txt,C1256060,c_specimen,train,False,jieba,1
C1256351_V11_F00007_79519529-e44c-44b2-ae5e-a0b7c61827cb.jpg,C1256351_V11_F00007_79519529-e44c-44b2-ae5e-a0b7c61827cb.txt,C1256351,c_specimen,train,False,jieba,2
C1256597_V02_F00006_95d9659e-4a7b-4ab7-8624-babde680f22e.jpg,C1256597_V02_F00006_95d9659e-4a7b-4ab7-8624-babde680f22e.txt,C1256597,c_specimen,train,False,yiwuyaru,1
C1256620_V02_F00001_4dbdacff-72df-446e-9989-77cbec0abe9b.jpg,C1256620_V02_F00001_4dbdacff-72df-446e-9989-77cbec0abe9b.txt,C1256620,c_specimen,train,False,"jieba,yanghuatiepi",2
C1256736_V01_F00004_8237edda-acbd-45b2-9b22-048bbb7237b2.jpg,C1256736_V01_F00004_8237edda-acbd-45b2-9b22-048bbb7237b2.txt,C1256736,c_specimen,train,False,zonglie,2
C1256753_V01_F00008_8e4f112e-e95e-4ade-9ab8-d51c65f9bb7b.jpg,C1256753_V01_F00008_8e4f112e-e95e-4ade-9ab8-d51c65f9bb7b.txt,C1256753,c_specimen,train,False,yiwuyaru,1
C1256945_V10_F00003_218205fd-92a6-4846-aa47-5059587d1368.jpg,C1256945_V10_F00003_218205fd-92a6-4846-aa47-5059587d1368.txt,C1256945,c_specimen,train,False,jieba,6
C1257376_V13_F00001_b7684f28-3d7b-46e6-b56d-93894ec29b39.jpg,C1257376_V13_F00001_b7684f28-3d7b-46e6-b56d-93894ec29b39.txt,C1257376,c_specimen,train,False,jieba,1
C1257584_V13_F00002_0aac026a-1261-469f-b106-902e7c2190ff.jpg,C1257584_V13_F00002_0aac026a-1261-469f-b106-902e7c2190ff.txt,C1257584,c_specimen,train,False,"huashang,jieba,yiwuyaru",6
C1257666_V00_F00001_2ea4e66f-5c12-49e9-9f2f-4506dbfc820d.jpg,C1257666_V00_F00001_2ea4e66f-5c12-49e9-9f2f-4506dbfc820d.txt,C1257666,c_specimen,train,False,"jieba,yiwuyaru",2
C1257726_V02_F00009_4ba6ac73-165d-4714-bca3-9055e8867d42.jpg,C1257726_V02_F00009_4ba6ac73-165d-4714-bca3-9055e8867d42.txt,C1257726,c_specimen,train,False,jiaza,1
C1257757_V00_F00000_3c88ae30-003b-4bde-9181-61d39154cfe4.jpg,C1257757_V00_F00000_3c88ae30-003b-4bde-9181-61d39154cfe4.txt,C1257757,c_specimen,train,False,jieba,1
C1257757_V13_F00001_9f4628db-e253-477b-a109-8b3b8a0e0ccc.jpg,C1257757_V13_F00001_9f4628db-e253-477b-a109-8b3b8a0e0ccc.txt,C1257757,c_specimen,train,False,"huashang,jieba,yiwuyaru",7
C1257760_V01_F00006_de3ccf1c-4221-455d-8c25-9536be6a5c46.jpg,C1257760_V01_F00006_de3ccf1c-4221-455d-8c25-9536be6a5c46.txt,C1257760,c_specimen,train,False,yiwuyaru,1
C1257774_V01_F00001_82037f34-fcdd-4e25-b94d-797c556ae62d.jpg,C1257774_V01_F00001_82037f34-fcdd-4e25-b94d-797c556ae62d.txt,C1257774,c_specimen,train,False,jiaza,1
C1257849_V01_F00002_b852a031-cc34-4945-b70a-780f5648bfd9.jpg,C1257849_V01_F00002_b852a031-cc34-4945-b70a-780f5648bfd9.txt,C1257849,c_specimen,train,False,jieba,1
C1257850_V00_F00002_0e7a4aab-7af7-4393-9c54-a85b9c6bcba6.jpg,C1257850_V00_F00002_0e7a4aab-7af7-4393-9c54-a85b9c6bcba6.txt,C1257850,c_specimen,train,False,"yanghuatiepi,yiwuyaru",2
C1257852_V11_F00003_606a4236-e611-4e4a-b0e1-d946bfd5aa98.jpg,C1257852_V11_F00003_606a4236-e611-4e4a-b0e1-d946bfd5aa98.txt,C1257852,c_specimen,train,False,jieba,2
C1257873_V03_F00002_7f5c94c3-e906-43a5-a7a6-a9310cddd427.jpg,C1257873_V03_F00002_7f5c94c3-e906-43a5-a7a6-a9310cddd427.txt,C1257873,c_specimen,train,False,jieba,3
C1257884_V01_F00003_8239c9e6-f24c-4d16-9f75-c7f1ce0b14ba.jpg,C1257884_V01_F00003_8239c9e6-f24c-4d16-9f75-c7f1ce0b14ba.txt,C1257884,c_specimen,train,False,zonglie,1
C1257884_V01_F00004_3a029933-74bd-4500-b9c3-2b6643487a2a.jpg,C1257884_V01_F00004_3a029933-74bd-4500-b9c3-2b6643487a2a.txt,C1257884,c_specimen,train,False,zonglie,2
C1257894_V03_F00006_2a4feeaa-2dee-4568-bc7b-1ee5eae7a240.jpg,C1257894_V03_F00006_2a4feeaa-2dee-4568-bc7b-1ee5eae7a240.txt,C1257894,c_specimen,train,False,jieba,2
C1258139_V01_F00002_304e238e-366c-4e23-ad65-567d0bcaea50.jpg,C1258139_V01_F00002_304e238e-366c-4e23-ad65-567d0bcaea50.txt,C1258139,c_specimen,train,False,zonglie,1
C1258185_V01_F00008_de8b3ab9-6a4d-4218-a902-91004a82de34.jpg,C1258185_V01_F00008_de8b3ab9-6a4d-4218-a902-91004a82de34.txt,C1258185,c_specimen,train,False,yiwuyaru,5
C1258500_V11_F00009_2c146bff-2c8b-4427-9ac7-7a37e231cc00.jpg,C1258500_V11_F00009_2c146bff-2c8b-4427-9ac7-7a37e231cc00.txt,C1258500,c_specimen,train,False,yiwuyaru,2
C1258538_V10_F00005_b2c54a7c-b1b1-4b63-9c55-023c104c94ab.jpg,C1258538_V10_F00005_b2c54a7c-b1b1-4b63-9c55-023c104c94ab.txt,C1258538,c_specimen,train,False,yiwuyaru,2
C1258538_V11_F00005_d5fd0502-5beb-4b8f-9b7e-8687c29a2f6a.jpg,C1258538_V11_F00005_d5fd0502-5beb-4b8f-9b7e-8687c29a2f6a.txt,C1258538,c_specimen,train,False,yiwuyaru,2
C1258543_V01_F00003_3852eb00-1543-4c29-b20f-7860a01ddb28.jpg,C1258543_V01_F00003_3852eb00-1543-4c29-b20f-7860a01ddb28.txt,C1258543,c_specimen,val,False,jieba,1
C1258543_V02_F00003_cc86c991-b1fd-44c0-8e1f-65756ecbb850.jpg,C1258543_V02_F00003_cc86c991-b1fd-44c0-8e1f-65756ecbb850.txt,C1258543,c_specimen,val,False,jieba,2
C1258546_V13_F00004_00630467-631c-421c-b18a-2d99745fc57c.jpg,C1258546_V13_F00004_00630467-631c-421c-b18a-2d99745fc57c.txt,C1258546,c_specimen,train,False,jieba,1
C1258547_V01_F00001_eb7b6c32-32d3-49c4-b511-f83456c698f9.jpg,C1258547_V01_F00001_eb7b6c32-32d3-49c4-b511-f83456c698f9.txt,C1258547,c_specimen,val,False,yiwuyaru,2
C1258547_V02_F00001_48211591-3a78-499b-a756-b00aa97a289a.jpg,C1258547_V02_F00001_48211591-3a78-499b-a756-b00aa97a289a.txt,C1258547,c_specimen,val,False,jieba,2
C1258580_V02_F00000_6ef2bf39-929c-43f4-b1cb-389703008c11.jpg,C1258580_V02_F00000_6ef2bf39-929c-43f4-b1cb-389703008c11.txt,C1258580,c_specimen,train,False,jieba,2
C1258593_V01_F00002_002d4222-b685-4520-a849-cf422a3adffb.jpg,C1258593_V01_F00002_002d4222-b685-4520-a849-cf422a3adffb.txt,C1258593,c_specimen,train,False,zonglie,1
C1258596_V01_F00009_20030fac-a982-4195-86ab-2b84e0b0ea74.jpg,C1258596_V01_F00009_20030fac-a982-4195-86ab-2b84e0b0ea74.txt,C1258596,c_specimen,train,False,jiaza,2
C1258729_V02_F00008_6ae2abe0-b3af-42e3-94ea-16e74f823ff3.jpg,C1258729_V02_F00008_6ae2abe0-b3af-42e3-94ea-16e74f823ff3.txt,C1258729,c_specimen,train,False,yiwuyaru,1
C1258754_V02_F00001_398e7b3c-8bb9-45e2-b60a-f183c95e3ec9.jpg,C1258754_V02_F00001_398e7b3c-8bb9-45e2-b60a-f183c95e3ec9.txt,C1258754,c_specimen,train,False,"yanghuatiepi,yiwuyaru",2
C1258804_V01_F00006_fc175aed-28be-40d5-b314-9bbad4be0055.jpg,C1258804_V01_F00006_fc175aed-28be-40d5-b314-9bbad4be0055.txt,C1258804,c_specimen,train,False,yiwuyaru,1
C1258823_V03_F00003_454745a5-8714-4988-890e-2cf48d486c53.jpg,C1258823_V03_F00003_454745a5-8714-4988-890e-2cf48d486c53.txt,C1258823,c_specimen,train,False,"jieba,yanghuatiepi",5
C1258831_V02_F00005_90275143-752d-496b-87ae-34bb60e4364b.jpg,C1258831_V02_F00005_90275143-752d-496b-87ae-34bb60e4364b.txt,C1258831,c_specimen,val,False,yiwuyaru,1
C1258849_V01_F00007_6af5a07a-40bb-4171-b1bd-4f235a29e39b.jpg,C1258849_V01_F00007_6af5a07a-40bb-4171-b1bd-4f235a29e39b.txt,C1258849,c_specimen,train,False,jieba,1
C1258849_V03_F00010_12023250-75a1-4bd0-a493-e61a62f4ccf8.jpg,C1258849_V03_F00010_12023250-75a1-4bd0-a493-e61a62f4ccf8.txt,C1258849,c_specimen,train,False,yiwuyaru,1
C1258908_V02_F00002_3705805d-2938-48e2-8864-db9c5a6d0215.jpg,C1258908_V02_F00002_3705805d-2938-48e2-8864-db9c5a6d0215.txt,C1258908,c_specimen,val,False,"jieba,yanghuatiepi",4
C1258908_V02_F00009_43ba7288-2be4-450c-b57f-a6371be0dcec.jpg,C1258908_V02_F00009_43ba7288-2be4-450c-b57f-a6371be0dcec.txt,C1258908,c_specimen,val,False,yiwuyaru,1
C1258908_V03_F00002_bff87363-5cdf-4d83-9440-4d556f8b5341.jpg,C1258908_V03_F00002_bff87363-5cdf-4d83-9440-4d556f8b5341.txt,C1258908,c_specimen,val,False,jieba,2
C1258924_V03_F00002_6e1d650c-0e66-4250-ad82-8b84faea0e98.jpg,C1258924_V03_F00002_6e1d650c-0e66-4250-ad82-8b84faea0e98.txt,C1258924,c_specimen,train,False,yiwuyaru,1
C1258965_V13_F00005_e07b418c-1182-49c8-a3c3-547a211996b5.jpg,C1258965_V13_F00005_e07b418c-1182-49c8-a3c3-547a211996b5.txt,C1258965,c_specimen,train,False,yiwuyaru,1
C1259064_V03_F00009_7d62071c-57cd-4523-90ff-94afdb88284a.jpg,C1259064_V03_F00009_7d62071c-57cd-4523-90ff-94afdb88284a.txt,C1259064,c_specimen,val,False,jieba,3
C1259064_V03_F00010_36420944-3cb0-40cd-b3d7-bfc09eeff22f.jpg,C1259064_V03_F00010_36420944-3cb0-40cd-b3d7-bfc09eeff22f.txt,C1259064,c_specimen,val,False,jieba,1
C1259074_V13_F00000_fcc0ed67-92b5-428d-81e5-e5286303eafb.jpg,C1259074_V13_F00000_fcc0ed67-92b5-428d-81e5-e5286303eafb.txt,C1259074,c_specimen,train,False,"huashang,jieba",2
C1259102_V00_F00007_2318cb01-50b0-4933-81e1-f2e086842694.jpg,C1259102_V00_F00007_2318cb01-50b0-4933-81e1-f2e086842694.txt,C1259102,c_specimen,train,False,yiwuyaru,1
C1259115_V01_F00006_9ee46764-e302-4a02-9180-300fe97acb00.jpg,C1259115_V01_F00006_9ee46764-e302-4a02-9180-300fe97acb00.txt,C1259115,c_specimen,train,False,jieba,1
C1259206_V00_F00005_d420eb63-2706-466d-8de0-bc5028464ac7.jpg,C1259206_V00_F00005_d420eb63-2706-466d-8de0-bc5028464ac7.txt,C1259206,c_specimen,train,False,jieba,1
C1259235_V01_F00001_f1aef762-ff28-44fe-bc7f-c12b6abc2906.jpg,C1259235_V01_F00001_f1aef762-ff28-44fe-bc7f-c12b6abc2906.txt,C1259235,c_specimen,train,False,"yanghuatiepi,zonglie",4
C1259293_V02_F00003_a141cf75-18c9-46d9-b72c-5e551ad90cf2.jpg,C1259293_V02_F00003_a141cf75-18c9-46d9-b72c-5e551ad90cf2.txt,C1259293,c_specimen,train,False,yiwuyaru,1
C1259294_V03_F00012_5b21750c-730e-4928-b247-408a92ae626a.jpg,C1259294_V03_F00012_5b21750c-730e-4928-b247-408a92ae626a.txt,C1259294,c_specimen,train,False,yiwuyaru,1
C1259429_V03_F00000_fb81ed08-8aa0-4cb4-9dac-397bfc1d3d36.jpg,C1259429_V03_F00000_fb81ed08-8aa0-4cb4-9dac-397bfc1d3d36.txt,C1259429,c_specimen,train,False,jieba,2
C1259685_V02_F00005_796d14ed-9849-485e-b515-a2aa3ec55b99.jpg,C1259685_V02_F00005_796d14ed-9849-485e-b515-a2aa3ec55b99.txt,C1259685,c_specimen,val,False,yiwuyaru,1
C1259697_V01_F00000_27cf75e2-d75d-4e1f-b7cd-7f4b54b6b066.jpg,C1259697_V01_F00000_27cf75e2-d75d-4e1f-b7cd-7f4b54b6b066.txt,C1259697,c_specimen,train,False,jieba,2
C1259734_V13_F00001_95904598-996e-43b3-a049-e65381caa214.jpg,C1259734_V13_F00001_95904598-996e-43b3-a049-e65381caa214.txt,C1259734,c_specimen,train,False,jieba,1
C1259745_V03_F00001_2f58fba2-7f8c-40ab-9351-2ee351a23f00.jpg,C1259745_V03_F00001_2f58fba2-7f8c-40ab-9351-2ee351a23f00.txt,C1259745,c_specimen,train,False,"jieba,yiwuyaru",2
C1259763_V03_F00000_3d46802a-0280-4561-98dd-d5c4c84baaeb.jpg,C1259763_V03_F00000_3d46802a-0280-4561-98dd-d5c4c84baaeb.txt,C1259763,c_specimen,train,False,jieba,2
C1259793_V00_F00001_9f18b31e-9e4a-4fff-93e8-861feec3b72e.jpg,C1259793_V00_F00001_9f18b31e-9e4a-4fff-93e8-861feec3b72e.txt,C1259793,c_specimen,train,False,yiwuyaru,1
C1259898_V00_F00005_0c327b61-09cd-4211-8ea7-eb2fc18934bd.jpg,C1259898_V00_F00005_0c327b61-09cd-4211-8ea7-eb2fc18934bd.txt,C1259898,c_specimen,train,False,yiwuyaru,1
C1259914_V01_F00002_c0e150ce-7904-466c-9303-a5055776146f.jpg,C1259914_V01_F00002_c0e150ce-7904-466c-9303-a5055776146f.txt,C1259914,c_specimen,train,False,jieba,1
C1259928_V03_F00001_d8cf2fbd-c999-4c2d-b175-e3638a73e03c.jpg,C1259928_V03_F00001_d8cf2fbd-c999-4c2d-b175-e3638a73e03c.txt,C1259928,c_specimen,train,False,"huashang,jieba,yiwuyaru",5
C1260050_V03_F00001_b3f5781c-32d6-465a-9c31-f7a076daed50.jpg,C1260050_V03_F00001_b3f5781c-32d6-465a-9c31-f7a076daed50.txt,C1260050,c_specimen,train,False,jieba,1
C1260079_V03_F00011_efc29883-15e5-4c8e-84fa-ed53d24eef8a.jpg,C1260079_V03_F00011_efc29883-15e5-4c8e-84fa-ed53d24eef8a.txt,C1260079,c_specimen,train,False,yiwuyaru,1
C1260080_V00_F00002_b3217d1a-21a8-44aa-bba0-675f1d22b820.jpg,C1260080_V00_F00002_b3217d1a-21a8-44aa-bba0-675f1d22b820.txt,C1260080,c_specimen,val,False,yiwuyaru,1
C1260088_V10_F00001_33d35a42-b436-4d74-bedc-e99e33ebe8f2.jpg,C1260088_V10_F00001_33d35a42-b436-4d74-bedc-e99e33ebe8f2.txt,C1260088,c_specimen,train,False,jieba,2
C1260107_V13_F00002_5195b250-c218-49c7-8bf8-c8bcee56513a.jpg,C1260107_V13_F00002_5195b250-c218-49c7-8bf8-c8bcee56513a.txt,C1260107,c_specimen,train,False,yiwuyaru,1
C1260173_V13_F00000_be495a82-b30f-4920-a26c-057840c5da27.jpg,C1260173_V13_F00000_be495a82-b30f-4920-a26c-057840c5da27.txt,C1260173,c_specimen,train,False,jieba,1
C1260330_V00_F00001_dab3910e-6027-47c9-8f81-4f12816b8abe.jpg,C1260330_V00_F00001_dab3910e-6027-47c9-8f81-4f12816b8abe.txt,C1260330,c_specimen,train,False,yiwuyaru,1
C1260482_V13_F00001_25186c6b-54fa-4bcb-9f5e-d925f5039c36.jpg,C1260482_V13_F00001_25186c6b-54fa-4bcb-9f5e-d925f5039c36.txt,C1260482,c_specimen,train,False,"huashang,jieba",2
C1260507_V01_F00006_d283d8fd-4fd6-4e99-9b67-035419e9c504.jpg,C1260507_V01_F00006_d283d8fd-4fd6-4e99-9b67-035419e9c504.txt,C1260507,c_specimen,train,False,yiwuyaru,1
C1260556_V03_F00003_d0b806f8-74ab-4181-961f-7de55031665f.jpg,C1260556_V03_F00003_d0b806f8-74ab-4181-961f-7de55031665f.txt,C1260556,c_specimen,train,False,jiaza,1
C1260599_V13_F00009_5734b38d-664e-4ca1-bb56-466f12b4409d.jpg,C1260599_V13_F00009_5734b38d-664e-4ca1-bb56-466f12b4409d.txt,C1260599,c_specimen,train,False,yiwuyaru,1
C1260601_V10_F00002_c5f3f208-d8be-4a22-96a6-ee651bac3906.jpg,C1260601_V10_F00002_c5f3f208-d8be-4a22-96a6-ee651bac3906.txt,C1260601,c_specimen,train,False,yiwuyaru,3
C1260688_V00_F00002_ba878ee2-3e33-4abc-9cd9-695dd10e4d78.jpg,C1260688_V00_F00002_ba878ee2-3e33-4abc-9cd9-695dd10e4d78.txt,C1260688,c_specimen,train,False,mamianmakeng,1
C1260691_V01_F00004_f314dabc-bf69-49cd-b49e-1a457fc78293.jpg,C1260691_V01_F00004_f314dabc-bf69-49cd-b49e-1a457fc78293.txt,C1260691,c_specimen,train,False,zonglie,1
C1260691_V01_F00005_20409b08-9f5d-4f5f-9434-a10c69a1df90.jpg,C1260691_V01_F00005_20409b08-9f5d-4f5f-9434-a10c69a1df90.txt,C1260691,c_specimen,train,False,zonglie,1
C1260695_V11_F00010_fb0f6e43-e613-47a9-9b2a-fcc2a676909f.jpg,C1260695_V11_F00010_fb0f6e43-e613-47a9-9b2a-fcc2a676909f.txt,C1260695,c_specimen,train,False,yiwuyaru,1
C1260709_V01_F00003_b8a5a04e-6dd9-4e04-86d7-ddc8704f3d59.jpg,C1260709_V01_F00003_b8a5a04e-6dd9-4e04-86d7-ddc8704f3d59.txt,C1260709,c_specimen,train,False,mamianmakeng,2
C1260738_V13_F00005_4be3d879-ea59-4cd9-88c6-3555cca91250.jpg,C1260738_V13_F00005_4be3d879-ea59-4cd9-88c6-3555cca91250.txt,C1260738,c_specimen,train,False,yiwuyaru,1
C1260756_V02_F00002_75d52127-fed1-4cee-bf3a-93c4319eb74d.jpg,C1260756_V02_F00002_75d52127-fed1-4cee-bf3a-93c4319eb74d.txt,C1260756,c_specimen,train,False,yiwuyaru,7
C1260979_V12_F00001_bdce7b4a-865d-4164-a50b-99b3ff12d32b.jpg,C1260979_V12_F00001_bdce7b4a-865d-4164-a50b-99b3ff12d32b.txt,C1260979,c_specimen,train,False,jieba,1
C1260992_V01_F00011_2b1c5456-9b41-4827-a286-096eae9da2d9.jpg,C1260992_V01_F00011_2b1c5456-9b41-4827-a286-096eae9da2d9.txt,C1260992,c_specimen,train,False,zonglie,1
C1260997_V01_F00006_d52c50bf-1651-436e-af6d-0a4869ff5c42.jpg,C1260997_V01_F00006_d52c50bf-1651-436e-af6d-0a4869ff5c42.txt,C1260997,c_specimen,train,False,jieba,1
C1260997_V01_F00008_a239d699-7307-4409-8395-5cdc878e8383.jpg,C1260997_V01_F00008_a239d699-7307-4409-8395-5cdc878e8383.txt,C1260997,c_specimen,train,False,jieba,1
C1261042_V00_F00006_187554e2-e05a-499f-8850-1ca12a6e646a.jpg,C1261042_V00_F00006_187554e2-e05a-499f-8850-1ca12a6e646a.txt,C1261042,c_specimen,val,False,yiwuyaru,1
C1261068_V03_F00006_d3cd5a5f-3d15-4929-85d9-3d7242cc4f22.jpg,C1261068_V03_F00006_d3cd5a5f-3d15-4929-85d9-3d7242cc4f22.txt,C1261068,c_specimen,train,False,jieba,1
C1261072_V03_F00008_3dcdcf10-9ad0-4e2e-897d-d4a10c443315.jpg,C1261072_V03_F00008_3dcdcf10-9ad0-4e2e-897d-d4a10c443315.txt,C1261072,c_specimen,train,False,jieba,1
C1261076_V10_F00004_bd87d211-99e7-4b36-b59c-142fd4773d1a.jpg,C1261076_V10_F00004_bd87d211-99e7-4b36-b59c-142fd4773d1a.txt,C1261076,c_specimen,train,False,yiwuyaru,3
C1261174_V11_F00001_869e7606-d4db-4136-86de-e62486abdfaa.jpg,C1261174_V11_F00001_869e7606-d4db-4136-86de-e62486abdfaa.txt,C1261174,c_specimen,train,False,yiwuyaru,2
C1261175_V01_F00007_519d0b8a-555a-4367-b838-33da6b00c034.jpg,C1261175_V01_F00007_519d0b8a-555a-4367-b838-33da6b00c034.txt,C1261175,c_specimen,train,False,jieba,1
C1261175_V02_F00007_10bebcf1-c523-4a02-af3c-9772e61e9047.jpg,C1261175_V02_F00007_10bebcf1-c523-4a02-af3c-9772e61e9047.txt,C1261175,c_specimen,train,False,jieba,1
C1261230_V02_F00003_84a579ad-cb2f-4005-b371-78f03d855e5d.jpg,C1261230_V02_F00003_84a579ad-cb2f-4005-b371-78f03d855e5d.txt,C1261230,c_specimen,train,False,jieba,2
C1261230_V03_F00003_74b0f9f0-8fa8-478a-a945-756a2f00b0bf.jpg,C1261230_V03_F00003_74b0f9f0-8fa8-478a-a945-756a2f00b0bf.txt,C1261230,c_specimen,train,False,jieba,2
C1261307_V01_F00007_4c9841b7-8888-492d-8beb-347e822342b0.jpg,C1261307_V01_F00007_4c9841b7-8888-492d-8beb-347e822342b0.txt,C1261307,c_specimen,train,False,zonglie,2
C1261307_V01_F00008_0b71ff73-79a6-4b27-857f-746fdabd050b.jpg,C1261307_V01_F00008_0b71ff73-79a6-4b27-857f-746fdabd050b.txt,C1261307,c_specimen,train,False,zonglie,2
C1261307_V01_F00009_2f1fe4ff-495f-4075-abf0-f83664d66bc3.jpg,C1261307_V01_F00009_2f1fe4ff-495f-4075-abf0-f83664d66bc3.txt,C1261307,c_specimen,train,False,zonglie,1
C1261366_V03_F00001_476dd62e-9f2c-4b39-8b7b-602ace1e2188.jpg,C1261366_V03_F00001_476dd62e-9f2c-4b39-8b7b-602ace1e2188.txt,C1261366,c_specimen,train,False,jieba,1
C1261396_V03_F00009_27e132cd-f056-44d3-a8dc-289cfc6d3883.jpg,C1261396_V03_F00009_27e132cd-f056-44d3-a8dc-289cfc6d3883.txt,C1261396,c_specimen,train,False,yiwuyaru,1
C1261431_V02_F00000_79b92d99-558e-4b1a-9f0a-f01459671d99.jpg,C1261431_V02_F00000_79b92d99-558e-4b1a-9f0a-f01459671d99.txt,C1261431,c_specimen,train,False,jieba,5
C1261463_V03_F00001_4ffeb467-7d3d-4ea2-9cab-6b63c62d592e.jpg,C1261463_V03_F00001_4ffeb467-7d3d-4ea2-9cab-6b63c62d592e.txt,C1261463,c_specimen,train,False,"jieba,zonglie",3
C1261503_V02_F00003_f93cba78-9fad-49a9-b051-bc09bcf732a6.jpg,C1261503_V02_F00003_f93cba78-9fad-49a9-b051-bc09bcf732a6.txt,C1261503,c_specimen,train,False,jieba,1
C1261503_V03_F00003_de6446d2-c17d-4a0d-8176-92060e1a024d.jpg,C1261503_V03_F00003_de6446d2-c17d-4a0d-8176-92060e1a024d.txt,C1261503,c_specimen,train,False,jieba,1
C1261567_V03_F00005_8970954b-6357-4d07-b10b-1640756c5aec.jpg,C1261567_V03_F00005_8970954b-6357-4d07-b10b-1640756c5aec.txt,C1261567,c_specimen,train,False,jieba,1
C1261585_V01_F00002_4c5238c8-3fd8-4e0d-a296-e043becfba36.jpg,C1261585_V01_F00002_4c5238c8-3fd8-4e0d-a296-e043becfba36.txt,C1261585,c_specimen,train,False,zonglie,1
C1261585_V01_F00004_06749858-30be-4979-8d51-a1ac778a2a0c.jpg,C1261585_V01_F00004_06749858-30be-4979-8d51-a1ac778a2a0c.txt,C1261585,c_specimen,train,False,zonglie,1
C1261672_V01_F00009_aa2fe8d4-8d23-400f-ab0c-fff1b0b62b2c.jpg,C1261672_V01_F00009_aa2fe8d4-8d23-400f-ab0c-fff1b0b62b2c.txt,C1261672,c_specimen,train,False,zonglie,1
C1261672_V01_F00010_0456fb1d-60f5-4bfd-803d-01c139a510db.jpg,C1261672_V01_F00010_0456fb1d-60f5-4bfd-803d-01c139a510db.txt,C1261672,c_specimen,train,False,zonglie,1
C1261674_V01_F00011_ec6754ab-d3cd-4726-9b6f-1b8724f9c892.jpg,C1261674_V01_F00011_ec6754ab-d3cd-4726-9b6f-1b8724f9c892.txt,C1261674,c_specimen,train,False,zonglie,1
C1261674_V01_F00012_1a86123c-1f88-4d29-b97c-048bbfeb1a9a.jpg,C1261674_V01_F00012_1a86123c-1f88-4d29-b97c-048bbfeb1a9a.txt,C1261674,c_specimen,train,False,zonglie,1
C1261674_V01_F00013_d45d6b0b-fabd-4a31-a472-6688f063beba.jpg,C1261674_V01_F00013_d45d6b0b-fabd-4a31-a472-6688f063beba.txt,C1261674,c_specimen,train,False,zonglie,1
C1261850_V00_F00014_71d6687e-2ffc-40bf-bcfd-885a07181214.jpg,C1261850_V00_F00014_71d6687e-2ffc-40bf-bcfd-885a07181214.txt,C1261850,c_specimen,train,False,yiwuyaru,1
C1261952_V01_F00006_2537fcb4-cf2f-4bf8-b520-1b72cf7b25e6.jpg,C1261952_V01_F00006_2537fcb4-cf2f-4bf8-b520-1b72cf7b25e6.txt,C1261952,c_specimen,train,False,zonglie,1
C1261962_V03_F00011_9938d772-1454-4aff-b516-bc0b315c3132.jpg,C1261962_V03_F00011_9938d772-1454-4aff-b516-bc0b315c3132.txt,C1261962,c_specimen,train,False,yiwuyaru,2
C1261963_V01_F00001_e5dfd10b-1d97-4ff8-be0e-c8f8a0a92be0.jpg,C1261963_V01_F00001_e5dfd10b-1d97-4ff8-be0e-c8f8a0a92be0.txt,C1261963,c_specimen,train,False,zonglie,4
C1261972_V02_F00004_3786ee37-bc0b-43b1-9dfd-4435aab50d62.jpg,C1261972_V02_F00004_3786ee37-bc0b-43b1-9dfd-4435aab50d62.txt,C1261972,c_specimen,train,False,zonglie,1
C1261975_V01_F00001_69a7fc78-2b71-4be7-ae04-92536dde2605.jpg,C1261975_V01_F00001_69a7fc78-2b71-4be7-ae04-92536dde2605.txt,C1261975,c_specimen,train,False,jieba,1
C1261992_V01_F00003_6ef6c319-2695-4af8-a663-eca4efa501f9.jpg,C1261992_V01_F00003_6ef6c319-2695-4af8-a663-eca4efa501f9.txt,C1261992,c_specimen,train,False,zonglie,9
C1261997_V02_F00004_0da73a27-2db0-4107-82bc-8161f7677103.jpg,C1261997_V02_F00004_0da73a27-2db0-4107-82bc-8161f7677103.txt,C1261997,c_specimen,train,False,zonglie,2
C1262000_V02_F00003_cd49b0a0-9f1f-41ee-a109-9e1b363fb45a.jpg,C1262000_V02_F00003_cd49b0a0-9f1f-41ee-a109-9e1b363fb45a.txt,C1262000,c_specimen,train,False,zonglie,3
C1262000_V02_F00010_0693e775-3d7b-4d94-afb1-c560f32e6025.jpg,C1262000_V02_F00010_0693e775-3d7b-4d94-afb1-c560f32e6025.txt,C1262000,c_specimen,train,False,zonglie,1
C1262044_V02_F00011_2fd7d085-d174-4a5b-aca2-04d3130c4105.jpg,C1262044_V02_F00011_2fd7d085-d174-4a5b-aca2-04d3130c4105.txt,C1262044,c_specimen,train,False,"yanghuatiepi,zonglie",3
C1262049_V00_F00003_2ddf5e8f-1e1f-4969-a7a0-4a66a6fb2e5d.jpg,C1262049_V00_F00003_2ddf5e8f-1e1f-4969-a7a0-4a66a6fb2e5d.txt,C1262049,c_specimen,train,False,"mamianmakeng,yiwuyaru",3
C1262054_V13_F00005_300aca4a-4f91-44ce-bc1e-10934c2f1087.jpg,C1262054_V13_F00005_300aca4a-4f91-44ce-bc1e-10934c2f1087.txt,C1262054,c_specimen,train,False,"huashang,yiwuyaru",3
C1262104_V00_F00004_2670814e-471a-454f-baf7-c347a8b94a55.jpg,C1262104_V00_F00004_2670814e-471a-454f-baf7-c347a8b94a55.txt,C1262104,c_specimen,train,False,yiwuyaru,1
C1262131_V00_F00005_58240c4b-7399-4209-b4ad-aa1acbc0a86a.jpg,C1262131_V00_F00005_58240c4b-7399-4209-b4ad-aa1acbc0a86a.txt,C1262131,c_specimen,train,False,yiwuyaru,2
C1262244_V02_F00001_657c03ab-3ade-4df7-925a-8eadf348d651.jpg,C1262244_V02_F00001_657c03ab-3ade-4df7-925a-8eadf348d651.txt,C1262244,c_specimen,train,False,"yanghuatiepi,yiwuyaru",2
C1262244_V03_F00001_ffafb366-b039-4003-9702-f2145e48d251.jpg,C1262244_V03_F00001_ffafb366-b039-4003-9702-f2145e48d251.txt,C1262244,c_specimen,train,False,"jieba,yiwuyaru",2
C1262283_V02_F00008_e52ddf1f-6bb6-4d8f-83cb-88a2edc0bb98.jpg,C1262283_V02_F00008_e52ddf1f-6bb6-4d8f-83cb-88a2edc0bb98.txt,C1262283,c_specimen,train,False,jieba,1
C1262391_V02_F00008_0ae6ee3f-0a39-40d5-9383-19742efd883a.jpg,C1262391_V02_F00008_0ae6ee3f-0a39-40d5-9383-19742efd883a.txt,C1262391,c_specimen,train,False,yiwuyaru,1
C1262407_V02_F00019_264a898b-2277-4302-8aff-ff8dec23df58.jpg,C1262407_V02_F00019_264a898b-2277-4302-8aff-ff8dec23df58.txt,C1262407,c_specimen,train,False,jieba,2
C1262466_V00_F00003_43421b61-d21d-4da5-a7f4-36a4df45ef20.jpg,C1262466_V00_F00003_43421b61-d21d-4da5-a7f4-36a4df45ef20.txt,C1262466,c_specimen,train,False,yiwuyaru,1
C1262469_V00_F00000_ce31e9e7-a206-47a2-86b3-8f27147e580c.jpg,C1262469_V00_F00000_ce31e9e7-a206-47a2-86b3-8f27147e580c.txt,C1262469,c_specimen,train,False,jieba,1
C1262469_V00_F00001_2da1a850-6fdd-4c4d-b6ab-acb0f3dd1242.jpg,C1262469_V00_F00001_2da1a850-6fdd-4c4d-b6ab-acb0f3dd1242.txt,C1262469,c_specimen,train,False,jieba,3
C1262484_V02_F00009_9ee6e1f6-3972-4789-a0e4-0133ed8b801a.jpg,C1262484_V02_F00009_9ee6e1f6-3972-4789-a0e4-0133ed8b801a.txt,C1262484,c_specimen,val,False,jiaza,1
C1262531_V00_F00004_49eb12e2-fec3-4194-850d-2c08124bc760.jpg,C1262531_V00_F00004_49eb12e2-fec3-4194-850d-2c08124bc760.txt,C1262531,c_specimen,train,False,jieba,1
C1262539_V01_F00007_d6019b4f-5802-48f9-94d0-f90df9a36aef.jpg,C1262539_V01_F00007_d6019b4f-5802-48f9-94d0-f90df9a36aef.txt,C1262539,c_specimen,train,False,jiaza,1
C1262596_V12_F00004_6e4012d7-c8c3-4e46-9145-50e7b6cc9e33.jpg,C1262596_V12_F00004_6e4012d7-c8c3-4e46-9145-50e7b6cc9e33.txt,C1262596,c_specimen,train,False,jieba,1
C1262608_V11_F00002_d95374a3-5f07-4270-8d39-2f4675abe3bc.jpg,C1262608_V11_F00002_d95374a3-5f07-4270-8d39-2f4675abe3bc.txt,C1262608,c_specimen,train,False,yiwuyaru,1
C1262639_V01_F00008_a983882f-c258-4924-a722-761850a6a4d0.jpg,C1262639_V01_F00008_a983882f-c258-4924-a722-761850a6a4d0.txt,C1262639,c_specimen,train,False,jieba,2
C1262639_V02_F00008_cbcb82a1-681f-4692-93b6-5a2ae8e2262c.jpg,C1262639_V02_F00008_cbcb82a1-681f-4692-93b6-5a2ae8e2262c.txt,C1262639,c_specimen,train,False,jieba,2
C1262690_V02_F00009_5b60de1e-0f87-463f-ae1f-473ed8913ea2.jpg,C1262690_V02_F00009_5b60de1e-0f87-463f-ae1f-473ed8913ea2.txt,C1262690,c_specimen,val,False,yiwuyaru,1
C1262775_V00_F00000_ba88a758-e40b-46d4-a72c-e39dd8e1c574.jpg,C1262775_V00_F00000_ba88a758-e40b-46d4-a72c-e39dd8e1c574.txt,C1262775,c_specimen,train,False,"jieba,yanghuatiepi",2
C1262783_V00_F00002_7815444a-eb46-446a-a3ae-44100def5734.jpg,C1262783_V00_F00002_7815444a-eb46-446a-a3ae-44100def5734.txt,C1262783,c_specimen,train,False,jieba,1
C1262847_V03_F00001_d923e1f8-c5bf-4d1b-afa4-f038b0d6b3c8.jpg,C1262847_V03_F00001_d923e1f8-c5bf-4d1b-afa4-f038b0d6b3c8.txt,C1262847,c_specimen,train,False,"jieba,yiwuyaru",2
C1262953_V13_F00003_eaf8cdb8-1332-4843-94c1-b0e8d89f3b52.jpg,C1262953_V13_F00003_eaf8cdb8-1332-4843-94c1-b0e8d89f3b52.txt,C1262953,c_specimen,train,False,"jieba,yiwuyaru",3
C1262982_V12_F00002_d2c28aba-db48-4ff3-bc3d-65d0630335b0.jpg,C1262982_V12_F00002_d2c28aba-db48-4ff3-bc3d-65d0630335b0.txt,C1262982,c_specimen,train,False,jieba,2
C1262982_V13_F00002_1ccc3570-d687-4b97-9df4-336d628b1235.jpg,C1262982_V13_F00002_1ccc3570-d687-4b97-9df4-336d628b1235.txt,C1262982,c_specimen,train,False,"jieba,yiwuyaru",8
C1263142_V01_F00001_25742919-b706-4e1a-8e59-c6c46d659d2d.jpg,C1263142_V01_F00001_25742919-b706-4e1a-8e59-c6c46d659d2d.txt,C1263142,c_specimen,train,False,jieba,2
C1263178_V11_F00001_affed22c-94db-4573-850d-aeeeb7efe92e.jpg,C1263178_V11_F00001_affed22c-94db-4573-850d-aeeeb7efe92e.txt,C1263178,c_specimen,train,False,jieba,1
C1263228_V03_F00000_f99167a6-2713-47e1-a825-740c1fb9f2c1.jpg,C1263228_V03_F00000_f99167a6-2713-47e1-a825-740c1fb9f2c1.txt,C1263228,c_specimen,train,False,jieba,2
C1263232_V10_F00000_54ef7f5a-da6d-4ef4-9070-58b30d209a77.jpg,C1263232_V10_F00000_54ef7f5a-da6d-4ef4-9070-58b30d209a77.txt,C1263232,c_specimen,train,False,jieba,1
C1263498_V10_F00001_70cf32cb-6f84-4e6c-8abf-ff6bbfc2bc2d.jpg,C1263498_V10_F00001_70cf32cb-6f84-4e6c-8abf-ff6bbfc2bc2d.txt,C1263498,c_specimen,train,False,jieba,1
C1264124_V02_F00007_cf79b162-03a6-4f9f-a6b0-f5829abc6b71.jpg,C1264124_V02_F00007_cf79b162-03a6-4f9f-a6b0-f5829abc6b71.txt,C1264124,c_specimen,train,False,"jieba,yanghuatiepi",3
C1264298_V01_F00008_97caa284-4ba2-45c0-8377-9766ad55c2f9.jpg,C1264298_V01_F00008_97caa284-4ba2-45c0-8377-9766ad55c2f9.txt,C1264298,c_specimen,train,False,jieba,1
C1264398_V01_F00014_4ae40bc9-67f1-4db3-8dab-7f5def2c101e.jpg,C1264398_V01_F00014_4ae40bc9-67f1-4db3-8dab-7f5def2c101e.txt,C1264398,c_specimen,val,False,zonglie,3
C1264398_V01_F00026_e8df472c-15f4-4925-aa9e-405f03971352.jpg,C1264398_V01_F00026_e8df472c-15f4-4925-aa9e-405f03971352.txt,C1264398,c_specimen,val,False,"jiaza,zonglie",5
C1264398_V01_F00028_ac5bc3a8-2a42-4432-abd4-61cc3ec15953.jpg,C1264398_V01_F00028_ac5bc3a8-2a42-4432-abd4-61cc3ec15953.txt,C1264398,c_specimen,val,False,zonglie,3
C1264398_V01_F00029_ff4d947c-8dfc-43d7-997c-5e9ffcf8c3d4.jpg,C1264398_V01_F00029_ff4d947c-8dfc-43d7-997c-5e9ffcf8c3d4.txt,C1264398,c_specimen,val,False,zonglie,3
C1264398_V01_F00032_f50b8213-dda3-4254-8348-8b930041190f.jpg,C1264398_V01_F00032_f50b8213-dda3-4254-8348-8b930041190f.txt,C1264398,c_specimen,val,False,zonglie,1
C1264502_V11_F00002_3d9c0ce6-34b3-4ce2-abab-d2e6e3dd646c.jpg,C1264502_V11_F00002_3d9c0ce6-34b3-4ce2-abab-d2e6e3dd646c.txt,C1264502,c_specimen,train,False,"jieba,yiwuyaru",2
C1264502_V12_F00003_22655db0-966e-4378-863e-502d25cb50ec.jpg,C1264502_V12_F00003_22655db0-966e-4378-863e-502d25cb50ec.txt,C1264502,c_specimen,train,False,"jieba,yiwuyaru",2
C1264877_V00_F00001_3e4ab89c-87b2-44bb-84a7-706355c344ac.jpg,C1264877_V00_F00001_3e4ab89c-87b2-44bb-84a7-706355c344ac.txt,C1264877,c_specimen,train,False,mamianmakeng,4
C1264884_V01_F00005_01b68913-1709-4491-9238-8f8f996a2123.jpg,C1264884_V01_F00005_01b68913-1709-4491-9238-8f8f996a2123.txt,C1264884,c_specimen,train,False,mamianmakeng,1
C1264937_V12_F00006_dbb0918d-09ca-4f36-ab2b-a97327e2386d.jpg,C1264937_V12_F00006_dbb0918d-09ca-4f36-ab2b-a97327e2386d.txt,C1264937,c_specimen,train,False,"huashang,jieba,yiwuyaru",9
C1265029_V01_F00005_f1268278-684d-45f5-b694-29c3515b9333.jpg,C1265029_V01_F00005_f1268278-684d-45f5-b694-29c3515b9333.txt,C1265029,c_specimen,train,False,jieba,1
C1265029_V01_F00008_98363a41-36ed-4460-aaf0-2d0f3e0cf800.jpg,C1265029_V01_F00008_98363a41-36ed-4460-aaf0-2d0f3e0cf800.txt,C1265029,c_specimen,train,False,yiwuyaru,1
C1265111_V10_F00000_1566f424-f469-44d2-b1ce-36ef48bb0060.jpg,C1265111_V10_F00000_1566f424-f469-44d2-b1ce-36ef48bb0060.txt,C1265111,c_specimen,train,False,jieba,1
C1265128_V12_F00002_e8669fbf-0aa5-44d2-96d9-a25821dbca5b.jpg,C1265128_V12_F00002_e8669fbf-0aa5-44d2-96d9-a25821dbca5b.txt,C1265128,c_specimen,train,False,yiwuyaru,1
C1265194_V01_F00005_4a645f9d-67f6-4467-a1aa-a6c5e761cd98.jpg,C1265194_V01_F00005_4a645f9d-67f6-4467-a1aa-a6c5e761cd98.txt,C1265194,c_specimen,train,False,yiwuyaru,1
C1265199_V00_F00001_d0a0e4d0-cc65-4e54-a64d-afa41dfcf910.jpg,C1265199_V00_F00001_d0a0e4d0-cc65-4e54-a64d-afa41dfcf910.txt,C1265199,c_specimen,train,False,yiwuyaru,1
C1265199_V01_F00001_11d2615a-efb0-41d9-83af-4e0b27f9da3d.jpg,C1265199_V01_F00001_11d2615a-efb0-41d9-83af-4e0b27f9da3d.txt,C1265199,c_specimen,train,False,yiwuyaru,1
C1265201_V13_F00003_69bead18-0521-4b4c-9915-dccb8288fc81.jpg,C1265201_V13_F00003_69bead18-0521-4b4c-9915-dccb8288fc81.txt,C1265201,c_specimen,train,False,yiwuyaru,1
C1265203_V10_F00003_47139c96-60f0-4678-8786-df3bf1ed910d.jpg,C1265203_V10_F00003_47139c96-60f0-4678-8786-df3bf1ed910d.txt,C1265203,c_specimen,train,False,yiwuyaru,1
C1265203_V11_F00003_18e8add4-97dd-43a2-8cb5-adcb01c88b25.jpg,C1265203_V11_F00003_18e8add4-97dd-43a2-8cb5-adcb01c88b25.txt,C1265203,c_specimen,train,False,yiwuyaru,1
C1265224_V13_F00003_92fbdca6-2d8a-4ae1-9852-66fcb1419a52.jpg,C1265224_V13_F00003_92fbdca6-2d8a-4ae1-9852-66fcb1419a52.txt,C1265224,c_specimen,train,False,jieba,1
C1265380_V10_F00000_7be60d3b-a83a-4efa-9ec3-0c907a7fa267.jpg,C1265380_V10_F00000_7be60d3b-a83a-4efa-9ec3-0c907a7fa267.txt,C1265380,c_specimen,train,False,jieba,1
C1265403_V00_F00002_8b5d6869-f8ce-4d1e-92fd-32d38a5f0296.jpg,C1265403_V00_F00002_8b5d6869-f8ce-4d1e-92fd-32d38a5f0296.txt,C1265403,c_specimen,train,False,yiwuyaru,1
C1265423_V12_F00003_8fc9dfb2-9e75-470e-917a-5a4e5a7da814.jpg,C1265423_V12_F00003_8fc9dfb2-9e75-470e-917a-5a4e5a7da814.txt,C1265423,c_specimen,val,False,jieba,2
C1265425_V01_F00006_3d0f3925-a58a-43a1-97f1-0fd43421331d.jpg,C1265425_V01_F00006_3d0f3925-a58a-43a1-97f1-0fd43421331d.txt,C1265425,c_specimen,train,False,mamianmakeng,1
C1265510_V01_F00008_d0b9abdf-b0db-4fe0-9651-516d705184b7.jpg,C1265510_V01_F00008_d0b9abdf-b0db-4fe0-9651-516d705184b7.txt,C1265510,c_specimen,train,False,mamianmakeng,1
C1265609_V10_F00001_99d79b4d-672a-48ae-b4e8-47f19e8d8ca7.jpg,C1265609_V10_F00001_99d79b4d-672a-48ae-b4e8-47f19e8d8ca7.txt,C1265609,c_specimen,train,False,jieba,1
C1265736_V00_F00006_e86e4ea4-5794-4440-b4ac-39e2bc5e5e3f.jpg,C1265736_V00_F00006_e86e4ea4-5794-4440-b4ac-39e2bc5e5e3f.txt,C1265736,c_specimen,train,False,jieba,1
C1265771_V02_F00011_123b96c0-64fe-4ad6-92cd-dfb1474d852c.jpg,C1265771_V02_F00011_123b96c0-64fe-4ad6-92cd-dfb1474d852c.txt,C1265771,c_specimen,train,False,mamianmakeng,1
C1265818_V10_F00001_a40e9860-4187-4acb-ad66-0d141f0d4f9a.jpg,C1265818_V10_F00001_a40e9860-4187-4acb-ad66-0d141f0d4f9a.txt,C1265818,c_specimen,train,False,jieba,1
C1265818_V13_F00001_3713e5aa-55d0-45d7-a935-9ddeb55359fd.jpg,C1265818_V13_F00001_3713e5aa-55d0-45d7-a935-9ddeb55359fd.txt,C1265818,c_specimen,train,False,jieba,2
C1266019_V02_F00000_2b91989d-31cb-4198-bce5-54bbc72e9078.jpg,C1266019_V02_F00000_2b91989d-31cb-4198-bce5-54bbc72e9078.txt,C1266019,c_specimen,train,False,jieba,1
C1266042_V13_F00000_edc3a2cb-4e52-404c-b538-7d614673c6a4.jpg,C1266042_V13_F00000_edc3a2cb-4e52-404c-b538-7d614673c6a4.txt,C1266042,c_specimen,val,False,yiwuyaru,1
C1266122_V01_F00010_49af1b95-c687-4fba-9d80-82e18a6f7a4c.jpg,C1266122_V01_F00010_49af1b95-c687-4fba-9d80-82e18a6f7a4c.txt,C1266122,c_specimen,train,False,zonglie,1
C1266122_V01_F00011_a73c3276-76df-492e-bc96-d0143abd05d9.jpg,C1266122_V01_F00011_a73c3276-76df-492e-bc96-d0143abd05d9.txt,C1266122,c_specimen,train,False,zonglie,1
C1266152_V00_F00001_cfc32365-695d-4419-b9a7-56c7c7dfbc03.jpg,C1266152_V00_F00001_cfc32365-695d-4419-b9a7-56c7c7dfbc03.txt,C1266152,c_specimen,train,False,jieba,1
C1266292_V12_F00003_99366444-5565-49c3-ac1e-ed08e38fc2ac.jpg,C1266292_V12_F00003_99366444-5565-49c3-ac1e-ed08e38fc2ac.txt,C1266292,c_specimen,train,False,jieba,1
C1266296_V01_F00004_a80f21ee-4a8a-4405-9107-d4f1e5650a85.jpg,C1266296_V01_F00004_a80f21ee-4a8a-4405-9107-d4f1e5650a85.txt,C1266296,c_specimen,train,False,mamianmakeng,1
C1266313_V02_F00008_f0be224b-32f0-4375-bef9-47a0299ad91a.jpg,C1266313_V02_F00008_f0be224b-32f0-4375-bef9-47a0299ad91a.txt,C1266313,c_specimen,train,False,yiwuyaru,1
C1266382_V01_F00000_72949299-9b48-4fe4-9b3d-9a21d4a0cd39.jpg,C1266382_V01_F00000_72949299-9b48-4fe4-9b3d-9a21d4a0cd39.txt,C1266382,c_specimen,train,False,jieba,1
C1266442_V01_F00002_358ce17c-bb27-436c-8c7a-7658eee2f888.jpg,C1266442_V01_F00002_358ce17c-bb27-436c-8c7a-7658eee2f888.txt,C1266442,c_specimen,train,False,"jieba,yanghuatiepi",2
C1266470_V01_F00006_1b081354-ee7c-400d-80cb-9199f373f4d8.jpg,C1266470_V01_F00006_1b081354-ee7c-400d-80cb-9199f373f4d8.txt,C1266470,c_specimen,train,False,jiaza,8
C1266470_V02_F00001_cd072ed2-2046-4936-a254-ce5adfd1874a.jpg,C1266470_V02_F00001_cd072ed2-2046-4936-a254-ce5adfd1874a.txt,C1266470,c_specimen,train,False,"jiaza,yanghuatiepi",8
C1266470_V02_F00004_6110a13d-03cf-415c-aa9b-81e2ddc15a35.jpg,C1266470_V02_F00004_6110a13d-03cf-415c-aa9b-81e2ddc15a35.txt,C1266470,c_specimen,train,False,jiaza,9
C1266542_V01_F00008_80e13bc3-f5b7-4a03-be12-0f33313aeda9.jpg,C1266542_V01_F00008_80e13bc3-f5b7-4a03-be12-0f33313aeda9.txt,C1266542,c_specimen,train,False,zonglie,1
C1266542_V01_F00009_37643df6-c9e9-4a32-9624-6c9d19dd17b8.jpg,C1266542_V01_F00009_37643df6-c9e9-4a32-9624-6c9d19dd17b8.txt,C1266542,c_specimen,train,False,zonglie,1
C1266542_V01_F00010_0570746c-a5db-4fcd-9de9-7d79f8a7fbc7.jpg,C1266542_V01_F00010_0570746c-a5db-4fcd-9de9-7d79f8a7fbc7.txt,C1266542,c_specimen,train,False,zonglie,1
C1266543_V01_F00003_92f989be-707c-4e08-8229-e13a6851f7b7.jpg,C1266543_V01_F00003_92f989be-707c-4e08-8229-e13a6851f7b7.txt,C1266543,c_specimen,train,False,zonglie,2
C1266548_V00_F00002_cbe95448-5b8f-425a-97dc-f7dd7678a670.jpg,C1266548_V00_F00002_cbe95448-5b8f-425a-97dc-f7dd7678a670.txt,C1266548,c_specimen,train,False,jieba,1
C1266548_V01_F00002_221346fb-8682-4fc1-9d45-c69dd9d4c9b0.jpg,C1266548_V01_F00002_221346fb-8682-4fc1-9d45-c69dd9d4c9b0.txt,C1266548,c_specimen,train,False,jieba,1
C1266633_V01_F00013_4cb26666-dd74-48a2-b0be-1d04500bc805.jpg,C1266633_V01_F00013_4cb26666-dd74-48a2-b0be-1d04500bc805.txt,C1266633,c_specimen,train,False,zonglie,1
C1266642_V01_F00011_81b6d415-7994-46d4-a1c4-222ed9b11a31.jpg,C1266642_V01_F00011_81b6d415-7994-46d4-a1c4-222ed9b11a31.txt,C1266642,c_specimen,train,False,zonglie,1
C1266643_V01_F00001_fa89d778-7782-41a9-bd3a-b5ca2869f4b4.jpg,C1266643_V01_F00001_fa89d778-7782-41a9-bd3a-b5ca2869f4b4.txt,C1266643,c_specimen,train,False,zonglie,1
C1266663_V03_F00001_4f45cd0a-dbaf-42fc-873d-34ad81163a62.jpg,C1266663_V03_F00001_4f45cd0a-dbaf-42fc-873d-34ad81163a62.txt,C1266663,c_specimen,train,False,jieba,1
C1266716_V00_F00008_12add84a-20bf-4d30-aee0-80883dd58bce.jpg,C1266716_V00_F00008_12add84a-20bf-4d30-aee0-80883dd58bce.txt,C1266716,c_specimen,train,False,yiwuyaru,1
C1266734_V02_F00009_ec807507-ed3d-49f1-96da-8aa416e2d158.jpg,C1266734_V02_F00009_ec807507-ed3d-49f1-96da-8aa416e2d158.txt,C1266734,c_specimen,train,False,jiaza,1
C1266736_V02_F00008_5f848b4e-a3cc-4a05-b9d1-d9e09ccceafb.jpg,C1266736_V02_F00008_5f848b4e-a3cc-4a05-b9d1-d9e09ccceafb.txt,C1266736,c_specimen,train,False,yiwuyaru,1
C1266800_V00_F00003_7a260541-0f50-4a5d-bb39-b376ff33b6cb.jpg,C1266800_V00_F00003_7a260541-0f50-4a5d-bb39-b376ff33b6cb.txt,C1266800,c_specimen,train,False,mamianmakeng,1
C1266830_V10_F00001_0c6b2c18-0d46-4b3a-a70a-716a55aa8549.jpg,C1266830_V10_F00001_0c6b2c18-0d46-4b3a-a70a-716a55aa8549.txt,C1266830,c_specimen,train,False,jieba,1
C1266831_V13_F00007_fe0a8a73-e479-4e2d-9d43-2576c84f59b7.jpg,C1266831_V13_F00007_fe0a8a73-e479-4e2d-9d43-2576c84f59b7.txt,C1266831,c_specimen,train,False,jieba,1
C1266840_V01_F00006_5776faea-3476-4ad7-8294-73cfdde0145d.jpg,C1266840_V01_F00006_5776faea-3476-4ad7-8294-73cfdde0145d.txt,C1266840,c_specimen,train,False,zonglie,1
C1266876_V00_F00005_5fc65f29-22b8-46b4-b802-33825b41ab40.jpg,C1266876_V00_F00005_5fc65f29-22b8-46b4-b802-33825b41ab40.txt,C1266876,c_specimen,val,False,yiwuyaru,1
C1266888_V00_F00010_9bdb89a6-4b68-46d3-83d9-ab5321dbc1fa.jpg,C1266888_V00_F00010_9bdb89a6-4b68-46d3-83d9-ab5321dbc1fa.txt,C1266888,c_specimen,train,False,yiwuyaru,1
C1266899_V13_F00006_ca875c85-5e31-405f-a274-bbdefeca27e5.jpg,C1266899_V13_F00006_ca875c85-5e31-405f-a274-bbdefeca27e5.txt,C1266899,c_specimen,train,False,yiwuyaru,1
C1266903_V13_F00005_37c77e52-0283-433f-8b15-4d4790e7b0a5.jpg,C1266903_V13_F00005_37c77e52-0283-433f-8b15-4d4790e7b0a5.txt,C1266903,c_specimen,val,False,yiwuyaru,1
C1266913_V01_F00008_55b73738-e26c-49d7-8065-fbad25a4fec3.jpg,C1266913_V01_F00008_55b73738-e26c-49d7-8065-fbad25a4fec3.txt,C1266913,c_specimen,train,False,zonglie,1
C1266941_V02_F00001_cfdfcfd6-4ddc-45d4-a045-16eb67d0de89.jpg,C1266941_V02_F00001_cfdfcfd6-4ddc-45d4-a045-16eb67d0de89.txt,C1266941,c_specimen,train,False,"jieba,yanghuatiepi,yiwuyaru",4
C1266943_V03_F00011_eddfe8a6-95e6-4540-836c-ab590ae93e17.jpg,C1266943_V03_F00011_eddfe8a6-95e6-4540-836c-ab590ae93e17.txt,C1266943,c_specimen,train,False,jieba,1
C1266959_V00_F00014_d780bf82-95fc-44ec-8c73-4b5d5f1cae16.jpg,C1266959_V00_F00014_d780bf82-95fc-44ec-8c73-4b5d5f1cae16.txt,C1266959,c_specimen,train,False,jieba,1
C1266980_V10_F00001_e7aa1a86-a2ff-4327-835c-e04ddfa7a4d7.jpg,C1266980_V10_F00001_e7aa1a86-a2ff-4327-835c-e04ddfa7a4d7.txt,C1266980,c_specimen,train,False,jieba,1
C1267018_V03_F00008_aeb3e4f6-0354-40f1-83de-f7bf4b10019e.jpg,C1267018_V03_F00008_aeb3e4f6-0354-40f1-83de-f7bf4b10019e.txt,C1267018,c_specimen,train,False,"jieba,zonglie",2
C1267020_V02_F00007_951412ef-d2dc-4535-870a-f52ad8453257.jpg,C1267020_V02_F00007_951412ef-d2dc-4535-870a-f52ad8453257.txt,C1267020,c_specimen,train,False,zonglie,1
C1267020_V02_F00008_f477b9e8-4980-4b1a-b742-8cb09b3de3a4.jpg,C1267020_V02_F00008_f477b9e8-4980-4b1a-b742-8cb09b3de3a4.txt,C1267020,c_specimen,train,False,zonglie,3
C1267166_V00_F00006_566b6636-7391-480e-9ce9-f43418498149.jpg,C1267166_V00_F00006_566b6636-7391-480e-9ce9-f43418498149.txt,C1267166,c_specimen,train,False,jieba,1
C1267178_V00_F00001_c887f2f6-a22e-46c2-83aa-3d351dbad6e8.jpg,C1267178_V00_F00001_c887f2f6-a22e-46c2-83aa-3d351dbad6e8.txt,C1267178,c_specimen,train,False,"jieba,yanghuatiepi",5
C1267178_V01_F00004_4b0a778d-7ec9-4612-8b0c-b5c75458cb8b.jpg,C1267178_V01_F00004_4b0a778d-7ec9-4612-8b0c-b5c75458cb8b.txt,C1267178,c_specimen,train,False,jieba,1
C1267184_V02_F00011_daa724ab-e115-42ba-ba56-28392110aa10.jpg,C1267184_V02_F00011_daa724ab-e115-42ba-ba56-28392110aa10.txt,C1267184,c_specimen,train,False,jiaza,1
C1267209_V00_F00004_40539414-2553-41e1-8d5b-013abd7ce19b.jpg,C1267209_V00_F00004_40539414-2553-41e1-8d5b-013abd7ce19b.txt,C1267209,c_specimen,train,False,jieba,1
C1267247_V02_F00002_72354ca5-c1a0-480f-8c7a-def5cf9f17d3.jpg,C1267247_V02_F00002_72354ca5-c1a0-480f-8c7a-def5cf9f17d3.txt,C1267247,c_specimen,train,False,zonglie,2
C1267248_V01_F00006_4f250fb3-f9a8-4a0f-b8b5-a1218617fa7e.jpg,C1267248_V01_F00006_4f250fb3-f9a8-4a0f-b8b5-a1218617fa7e.txt,C1267248,c_specimen,train,False,zonglie,1
C1267249_V01_F00001_73b5a791-4a40-479a-9711-377e14f36d32.jpg,C1267249_V01_F00001_73b5a791-4a40-479a-9711-377e14f36d32.txt,C1267249,c_specimen,train,False,zonglie,1
C1267249_V01_F00008_12a43c39-1966-4a33-b267-dc21e9a6d928.jpg,C1267249_V01_F00008_12a43c39-1966-4a33-b267-dc21e9a6d928.txt,C1267249,c_specimen,train,False,zonglie,1
C1267251_V01_F00008_3f2cbf39-1848-4cee-a4e1-65b9090a86b5.jpg,C1267251_V01_F00008_3f2cbf39-1848-4cee-a4e1-65b9090a86b5.txt,C1267251,c_specimen,val,False,zonglie,2
C1267251_V01_F00032_b81fd13b-d9c2-446c-88e0-256ac6ce76ad.jpg,C1267251_V01_F00032_b81fd13b-d9c2-446c-88e0-256ac6ce76ad.txt,C1267251,c_specimen,val,False,zonglie,1
C1267251_V01_F00033_aaab1d84-ccc3-4031-a09c-68e6eb40cdee.jpg,C1267251_V01_F00033_aaab1d84-ccc3-4031-a09c-68e6eb40cdee.txt,C1267251,c_specimen,val,False,zonglie,1
C1267271_V01_F00006_25e320f0-0477-4cb8-8cc2-87f8ae42ef49.jpg,C1267271_V01_F00006_25e320f0-0477-4cb8-8cc2-87f8ae42ef49.txt,C1267271,c_specimen,train,False,zonglie,1
C1267272_V01_F00004_2bd97466-5baa-4204-99ad-51bade406278.jpg,C1267272_V01_F00004_2bd97466-5baa-4204-99ad-51bade406278.txt,C1267272,c_specimen,train,False,zonglie,1
C1267290_V01_F00004_21108fb1-84f2-4dff-a521-40d8067d4429.jpg,C1267290_V01_F00004_21108fb1-84f2-4dff-a521-40d8067d4429.txt,C1267290,c_specimen,train,False,mamianmakeng,1
C1267292_V01_F00003_de6f2daa-8b99-410d-994d-71fc4844562c.jpg,C1267292_V01_F00003_de6f2daa-8b99-410d-994d-71fc4844562c.txt,C1267292,c_specimen,val,False,jieba,3
C1267321_V13_F00000_35fbdbb4-1fee-4099-b5c3-c0a94bf1aedc.jpg,C1267321_V13_F00000_35fbdbb4-1fee-4099-b5c3-c0a94bf1aedc.txt,C1267321,c_specimen,train,False,"huashang,yiwuyaru",3
C1267324_V11_F00008_fd0add87-dde7-49d2-8c4b-2fda3892b117.jpg,C1267324_V11_F00008_fd0add87-dde7-49d2-8c4b-2fda3892b117.txt,C1267324,c_specimen,val,False,jieba,1
C1267329_V00_F00001_428c7ee9-787c-40d5-9855-2218b22674c2.jpg,C1267329_V00_F00001_428c7ee9-787c-40d5-9855-2218b22674c2.txt,C1267329,c_specimen,train,False,jieba,1
C1267335_V13_F00003_8ba01bd8-5ba1-4661-a7da-6b91efa1e02a.jpg,C1267335_V13_F00003_8ba01bd8-5ba1-4661-a7da-6b91efa1e02a.txt,C1267335,c_specimen,train,False,yiwuyaru,1
C1267341_V02_F00007_ebe5370a-68fa-4feb-bf30-e8d33a4d53db.jpg,C1267341_V02_F00007_ebe5370a-68fa-4feb-bf30-e8d33a4d53db.txt,C1267341,c_specimen,train,False,"jieba,yiwuyaru",2
C1267342_V01_F00008_1de4a9f2-979f-4822-9ab8-2cd7fc3bcbab.jpg,C1267342_V01_F00008_1de4a9f2-979f-4822-9ab8-2cd7fc3bcbab.txt,C1267342,c_specimen,train,False,zonglie,1
C1267342_V01_F00009_7247e54f-bcc5-4a98-aeab-ba93a1ab2466.jpg,C1267342_V01_F00009_7247e54f-bcc5-4a98-aeab-ba93a1ab2466.txt,C1267342,c_specimen,train,False,zonglie,1
C1267416_V11_F00001_d4271fa3-e87f-48da-b838-e589433adbd1.jpg,C1267416_V11_F00001_d4271fa3-e87f-48da-b838-e589433adbd1.txt,C1267416,c_specimen,train,False,yiwuyaru,1
C1267417_V12_F00010_91f25bae-2a7d-45f5-90f2-916767013d82.jpg,C1267417_V12_F00010_91f25bae-2a7d-45f5-90f2-916767013d82.txt,C1267417,c_specimen,val,False,jieba,1
C1267431_V12_F00002_40d1f111-f27b-430a-9d65-9c6c460361ea.jpg,C1267431_V12_F00002_40d1f111-f27b-430a-9d65-9c6c460361ea.txt,C1267431,c_specimen,train,False,"jieba,yiwuyaru",2
C1267433_V12_F00011_1aa4efb8-4334-459e-9b4b-b26726a97604.jpg,C1267433_V12_F00011_1aa4efb8-4334-459e-9b4b-b26726a97604.txt,C1267433,c_specimen,val,False,jieba,1
C1267433_V13_F00011_ef754cb2-4765-40f9-8ad2-db3bd575dce3.jpg,C1267433_V13_F00011_ef754cb2-4765-40f9-8ad2-db3bd575dce3.txt,C1267433,c_specimen,val,False,jieba,1
C1267444_V13_F00011_97887f60-086c-40c7-9fcc-6a5e1033dea4.jpg,C1267444_V13_F00011_97887f60-086c-40c7-9fcc-6a5e1033dea4.txt,C1267444,c_specimen,train,False,yiwuyaru,1
C1267445_V03_F00003_d702ebb9-ce25-462e-ae7e-94a59af555be.jpg,C1267445_V03_F00003_d702ebb9-ce25-462e-ae7e-94a59af555be.txt,C1267445,c_specimen,train,False,"jieba,yiwuyaru",2
C1267453_V00_F00001_b2b91085-da8a-4c89-a605-1f9745e49149.jpg,C1267453_V00_F00001_b2b91085-da8a-4c89-a605-1f9745e49149.txt,C1267453,c_specimen,train,False,"yanghuatiepi,yiwuyaru",3
C1267468_V03_F00011_2006b648-dea1-44af-9600-64b457faaad9.jpg,C1267468_V03_F00011_2006b648-dea1-44af-9600-64b457faaad9.txt,C1267468,c_specimen,train,False,yiwuyaru,1
C1267468_V03_F00011_7fa4524f-bdd7-4a5a-8792-8525e462cec9.jpg,C1267468_V03_F00011_7fa4524f-bdd7-4a5a-8792-8525e462cec9.txt,C1267468,c_specimen,train,False,yiwuyaru,1
C1267556_V13_F00004_3517847c-8ad9-49dc-a042-f50cae031e13.jpg,C1267556_V13_F00004_3517847c-8ad9-49dc-a042-f50cae031e13.txt,C1267556,c_specimen,train,False,yiwuyaru,2
C1267564_V03_F00010_c6e94d8c-7db7-45b4-ae50-434961e18b67.jpg,C1267564_V03_F00010_c6e94d8c-7db7-45b4-ae50-434961e18b67.txt,C1267564,c_specimen,train,False,jieba,3
C1267662_V11_F00000_6de30ab9-f677-4bd1-94a8-d75e8c5be948.jpg,C1267662_V11_F00000_6de30ab9-f677-4bd1-94a8-d75e8c5be948.txt,C1267662,c_specimen,train,False,huashang,3
C1267763_V02_F00008_a5f6ef17-b002-4974-a61a-1d6ad6b1eeb6.jpg,C1267763_V02_F00008_a5f6ef17-b002-4974-a61a-1d6ad6b1eeb6.txt,C1267763,c_specimen,val,False,jieba,1
C1268003_V00_F00004_f66f241a-d03b-47da-9a08-cb376131dc39.jpg,C1268003_V00_F00004_f66f241a-d03b-47da-9a08-cb376131dc39.txt,C1268003,c_specimen,train,False,yiwuyaru,1
C1268045_V13_F00000_6f43454f-5887-4257-afc4-bafa9986316d.jpg,C1268045_V13_F00000_6f43454f-5887-4257-afc4-bafa9986316d.txt,C1268045,c_specimen,train,False,yiwuyaru,1
C1268118_V13_F00009_a2489f81-2893-4a43-a6f0-033ed821fdb6.jpg,C1268118_V13_F00009_a2489f81-2893-4a43-a6f0-033ed821fdb6.txt,C1268118,c_specimen,train,False,yiwuyaru,1
C1268119_V02_F00003_64ff857a-10cb-437c-ab23-2f765a4f6cbc.jpg,C1268119_V02_F00003_64ff857a-10cb-437c-ab23-2f765a4f6cbc.txt,C1268119,c_specimen,train,False,"jieba,yiwuyaru",2
C1268243_V02_F00002_991ae682-198c-4bb3-9fcf-b2ffb2d3bb80.jpg,C1268243_V02_F00002_991ae682-198c-4bb3-9fcf-b2ffb2d3bb80.txt,C1268243,c_specimen,train,False,jieba,1
C1268273_V02_F00009_e38be029-0550-4691-9f2c-ce5d54675c45.jpg,C1268273_V02_F00009_e38be029-0550-4691-9f2c-ce5d54675c45.txt,C1268273,c_specimen,train,False,yiwuyaru,1
C1268276_V03_F00002_937b46b3-37b0-4a97-866d-2a35a0d51f38.jpg,C1268276_V03_F00002_937b46b3-37b0-4a97-866d-2a35a0d51f38.txt,C1268276,c_specimen,train,False,"jieba,zonglie",2
C1268397_V01_F00001_9ad25bc8-f173-47e6-af5f-d2ce6f4befc8.jpg,C1268397_V01_F00001_9ad25bc8-f173-47e6-af5f-d2ce6f4befc8.txt,C1268397,c_specimen,val,False,jieba,1
C1268397_V01_F00003_e1dc33a8-e49e-4d1e-a3a1-01a37fd5b839.jpg,C1268397_V01_F00003_e1dc33a8-e49e-4d1e-a3a1-01a37fd5b839.txt,C1268397,c_specimen,val,False,jieba,1
C1268404_V00_F00000_216ed0f8-dfbf-41c8-b9a2-b7e676cf4b1d.jpg,C1268404_V00_F00000_216ed0f8-dfbf-41c8-b9a2-b7e676cf4b1d.txt,C1268404,c_specimen,train,False,"jieba,yanghuatiepi",2
C1268520_V02_F00007_92af7c57-a453-4f28-a06e-5b9fe3b9ffb0.jpg,C1268520_V02_F00007_92af7c57-a453-4f28-a06e-5b9fe3b9ffb0.txt,C1268520,c_specimen,train,False,jiaza,1
C1268570_V13_F00010_970abf2b-fa53-4381-8951-0ed0c5109381.jpg,C1268570_V13_F00010_970abf2b-fa53-4381-8951-0ed0c5109381.txt,C1268570,c_specimen,train,False,huashang,1
C1268610_V03_F00005_c71ea0a8-082d-492a-b60d-5eb2a187328e.jpg,C1268610_V03_F00005_c71ea0a8-082d-492a-b60d-5eb2a187328e.txt,C1268610,c_specimen,train,False,jiaza,1
C1268611_V01_F00009_1300f496-4810-4b0a-8111-59fc0648012d.jpg,C1268611_V01_F00009_1300f496-4810-4b0a-8111-59fc0648012d.txt,C1268611,c_specimen,train,False,jiaza,1
C1268661_V13_F00004_5f1e06d9-843e-4815-bea1-44550d87e1ac.jpg,C1268661_V13_F00004_5f1e06d9-843e-4815-bea1-44550d87e1ac.txt,C1268661,c_specimen,train,False,yiwuyaru,1
C1268737_V00_F00002_008599ae-e199-4f20-a4f8-4a15144e6dc2.jpg,C1268737_V00_F00002_008599ae-e199-4f20-a4f8-4a15144e6dc2.txt,C1268737,c_specimen,train,False,jieba,1
C1268800_V01_F00005_57192bb9-9bf8-4529-aa71-0344094bb477.jpg,C1268800_V01_F00005_57192bb9-9bf8-4529-aa71-0344094bb477.txt,C1268800,c_specimen,train,False,yiwuyaru,2
C1269171_V00_F00005_d1325c63-907f-4a9f-af03-aced386f40cf.jpg,C1269171_V00_F00005_d1325c63-907f-4a9f-af03-aced386f40cf.txt,C1269171,c_specimen,train,False,yiwuyaru,1
C1269421_V00_F00003_4c4e1635-7896-453e-93d4-5eebd52c7eea.jpg,C1269421_V00_F00003_4c4e1635-7896-453e-93d4-5eebd52c7eea.txt,C1269421,c_specimen,train,False,yiwuyaru,2
C1269421_V01_F00003_91349264-2e8e-44b2-ab4b-5cc67bbbf780.jpg,C1269421_V01_F00003_91349264-2e8e-44b2-ab4b-5cc67bbbf780.txt,C1269421,c_specimen,train,False,yiwuyaru,1
C1269465_V01_F00012_316e50ec-9579-48e2-b71d-0de36af0b5ed.jpg,C1269465_V01_F00012_316e50ec-9579-48e2-b71d-0de36af0b5ed.txt,C1269465,c_specimen,train,False,mamianmakeng,1
C1269501_V12_F00002_502a430d-bfd0-454f-8e64-9ec79e1f2bca.jpg,C1269501_V12_F00002_502a430d-bfd0-454f-8e64-9ec79e1f2bca.txt,C1269501,c_specimen,train,False,yiwuyaru,3
C1269699_V13_F00009_2b0fa62e-be2c-4bc8-b49a-11fc19f747e3.jpg,C1269699_V13_F00009_2b0fa62e-be2c-4bc8-b49a-11fc19f747e3.txt,C1269699,c_specimen,train,False,jieba,1
C1269777_V02_F00010_4e23a86f-2a65-4e16-a0d4-08b7db417c28.jpg,C1269777_V02_F00010_4e23a86f-2a65-4e16-a0d4-08b7db417c28.txt,C1269777,c_specimen,train,False,yiwuyaru,1
C1269807_V02_F00005_7f04a465-26b9-40b4-a89b-eaf02bed6f2a.jpg,C1269807_V02_F00005_7f04a465-26b9-40b4-a89b-eaf02bed6f2a.txt,C1269807,c_specimen,val,False,zonglie,1
C1269807_V02_F00008_c21bf6a0-647a-4180-89ba-bda5e16c9289.jpg,C1269807_V02_F00008_c21bf6a0-647a-4180-89ba-bda5e16c9289.txt,C1269807,c_specimen,val,False,zonglie,1
C1269807_V02_F00009_d2c85d60-ddb7-4766-a69b-593cc91a5ec0.jpg,C1269807_V02_F00009_d2c85d60-ddb7-4766-a69b-593cc91a5ec0.txt,C1269807,c_specimen,val,False,zonglie,1
C1269807_V02_F00011_b0518a69-efd6-48ca-9365-8d33f35e41d9.jpg,C1269807_V02_F00011_b0518a69-efd6-48ca-9365-8d33f35e41d9.txt,C1269807,c_specimen,val,False,zonglie,1
C1269821_V13_F00004_ed828d95-175f-490a-8516-57ae3c28f610.jpg,C1269821_V13_F00004_ed828d95-175f-490a-8516-57ae3c28f610.txt,C1269821,c_specimen,train,False,yiwuyaru,1
C1269840_V13_F00010_c310eaef-8316-49e0-949c-d2cf60a2a1b7.jpg,C1269840_V13_F00010_c310eaef-8316-49e0-949c-d2cf60a2a1b7.txt,C1269840,c_specimen,train,False,jieba,1
C1269901_V03_F00007_6eb8c02c-1fbe-4ec6-a6a3-4b03dab0a8e4.jpg,C1269901_V03_F00007_6eb8c02c-1fbe-4ec6-a6a3-4b03dab0a8e4.txt,C1269901,c_specimen,train,False,yiwuyaru,1
C1269906_V00_F00003_b6ce78fe-030f-4959-906f-db53bd630b33.jpg,C1269906_V00_F00003_b6ce78fe-030f-4959-906f-db53bd630b33.txt,C1269906,c_specimen,train,False,yiwuyaru,1
C1269934_V00_F00003_8d1e87d4-7ccc-483f-a7d2-00a9ec7ea219.jpg,C1269934_V00_F00003_8d1e87d4-7ccc-483f-a7d2-00a9ec7ea219.txt,C1269934,c_specimen,train,False,mamianmakeng,1
C1269988_V03_F00006_7dc46f38-daeb-4e4a-8c93-055bcc223f35.jpg,C1269988_V03_F00006_7dc46f38-daeb-4e4a-8c93-055bcc223f35.txt,C1269988,c_specimen,train,False,jieba,5
C1270076_V13_F00003_bd4df53f-bbb7-4aba-b740-7c8650a3352c.jpg,C1270076_V13_F00003_bd4df53f-bbb7-4aba-b740-7c8650a3352c.txt,C1270076,c_specimen,train,False,huashang,10
C1270077_V11_F00009_20434c12-37b6-415e-b5fb-bcb41ddb9b9e.jpg,C1270077_V11_F00009_20434c12-37b6-415e-b5fb-bcb41ddb9b9e.txt,C1270077,c_specimen,train,False,"huashang,yiwuyaru",4
C1270084_V01_F00002_5dff3ca9-a9b6-4eae-baba-87497b36af2f.jpg,C1270084_V01_F00002_5dff3ca9-a9b6-4eae-baba-87497b36af2f.txt,C1270084,c_specimen,train,False,"mamianmakeng,yanghuatiepi",9
C1270160_V13_F00012_aaa4f253-9237-4da4-b2a2-68a25cfc9457.jpg,C1270160_V13_F00012_aaa4f253-9237-4da4-b2a2-68a25cfc9457.txt,C1270160,c_specimen,train,False,jieba,1
C1270166_V03_F00003_d0a6511c-fc09-47bf-9d3d-162fdc9afb8b.jpg,C1270166_V03_F00003_d0a6511c-fc09-47bf-9d3d-162fdc9afb8b.txt,C1270166,c_specimen,train,False,jieba,2
C1270186_V03_F00011_aa53c4c5-4a4c-4801-9f45-640c2bbfb2e8.jpg,C1270186_V03_F00011_aa53c4c5-4a4c-4801-9f45-640c2bbfb2e8.txt,C1270186,c_specimen,train,False,jieba,2
C1270219_V02_F00001_a748af48-fac8-47b3-bff7-5fc85718f442.jpg,C1270219_V02_F00001_a748af48-fac8-47b3-bff7-5fc85718f442.txt,C1270219,c_specimen,train,False,jieba,2
C1270236_V03_F00000_e679f7e3-19ae-47cd-b15c-92803813654e.jpg,C1270236_V03_F00000_e679f7e3-19ae-47cd-b15c-92803813654e.txt,C1270236,c_specimen,train,False,"jieba,yiwuyaru",8
C1270236_V03_F00003_9a7d488a-8152-4abb-95fc-1e8626a276f5.jpg,C1270236_V03_F00003_9a7d488a-8152-4abb-95fc-1e8626a276f5.txt,C1270236,c_specimen,train,False,"jieba,yiwuyaru",5
C1270241_V10_F00000_1c972860-1e0c-4989-8308-856755fe3282.jpg,C1270241_V10_F00000_1c972860-1e0c-4989-8308-856755fe3282.txt,C1270241,c_specimen,train,False,jieba,1
C1270257_V03_F00003_08f4af6d-e70d-479f-b591-925d147db32c.jpg,C1270257_V03_F00003_08f4af6d-e70d-479f-b591-925d147db32c.txt,C1270257,c_specimen,train,False,"jieba,zonglie",9
C1270268_V03_F00000_2078f1ec-be23-446d-8d72-f0d9f1950e61.jpg,C1270268_V03_F00000_2078f1ec-be23-446d-8d72-f0d9f1950e61.txt,C1270268,c_specimen,train,False,jieba,1
C1270268_V03_F00003_a1a233a6-c9d0-40fe-a687-18505a015145.jpg,C1270268_V03_F00003_a1a233a6-c9d0-40fe-a687-18505a015145.txt,C1270268,c_specimen,train,False,"jieba,yanghuatiepi",5
C1270274_V03_F00007_8cff950b-cd51-4961-9584-0bd8655b7097.jpg,C1270274_V03_F00007_8cff950b-cd51-4961-9584-0bd8655b7097.txt,C1270274,c_specimen,train,False,jieba,9
C1270280_V03_F00007_6f99666a-f8b4-412c-9905-ff9d89fa64d2.jpg,C1270280_V03_F00007_6f99666a-f8b4-412c-9905-ff9d89fa64d2.txt,C1270280,c_specimen,train,False,jieba,4
C1270280_V03_F00009_b1fbf14f-82fa-4637-8285-3f6d9787fd80.jpg,C1270280_V03_F00009_b1fbf14f-82fa-4637-8285-3f6d9787fd80.txt,C1270280,c_specimen,train,False,"jieba,zonglie",10
C1270288_V13_F00001_23a70c47-c586-4564-9802-a657301139df.jpg,C1270288_V13_F00001_23a70c47-c586-4564-9802-a657301139df.txt,C1270288,c_specimen,train,False,yiwuyaru,1
C1270290_V03_F00004_b0f118d6-38ce-4450-ac48-d21a4a7e3efb.jpg,C1270290_V03_F00004_b0f118d6-38ce-4450-ac48-d21a4a7e3efb.txt,C1270290,c_specimen,train,False,jieba,2
C1270307_V03_F00001_4db93be7-7d6c-497d-bedd-16fb16ccd3c0.jpg,C1270307_V03_F00001_4db93be7-7d6c-497d-bedd-16fb16ccd3c0.txt,C1270307,c_specimen,val,False,"jieba,yanghuatiepi",2
C1270307_V03_F00006_99f03dd5-526c-4072-a75f-5ada0ca8ece5.jpg,C1270307_V03_F00006_99f03dd5-526c-4072-a75f-5ada0ca8ece5.txt,C1270307,c_specimen,val,False,jieba,7
C1270335_V02_F00002_f386b6fd-beed-4b1f-b0cc-cb3c4fad56ba.jpg,C1270335_V02_F00002_f386b6fd-beed-4b1f-b0cc-cb3c4fad56ba.txt,C1270335,c_specimen,train,False,jieba,1
C1270364_V03_F00013_727b1ec3-f6f8-443e-803b-2f966c13c814.jpg,C1270364_V03_F00013_727b1ec3-f6f8-443e-803b-2f966c13c814.txt,C1270364,c_specimen,train,False,jieba,2
C1270366_V13_F00001_0238e078-3386-49d1-8979-8d1bba11833d.jpg,C1270366_V13_F00001_0238e078-3386-49d1-8979-8d1bba11833d.txt,C1270366,c_specimen,train,False,yiwuyaru,1
C1270444_V03_F00002_1397014f-d4ce-4e8a-b685-911d734a942e.jpg,C1270444_V03_F00002_1397014f-d4ce-4e8a-b685-911d734a942e.txt,C1270444,c_specimen,val,False,jieba,11
C1270444_V03_F00004_b9c76f0c-db35-4acf-9610-f657bb593d5f.jpg,C1270444_V03_F00004_b9c76f0c-db35-4acf-9610-f657bb593d5f.txt,C1270444,c_specimen,val,False,jieba,3
C1270518_V02_F00000_bf5801eb-2fad-4df6-8e0b-5c383399f2b5.jpg,C1270518_V02_F00000_bf5801eb-2fad-4df6-8e0b-5c383399f2b5.txt,C1270518,c_specimen,train,False,jieba,7
C1270518_V02_F00005_299852a6-3a15-44cb-bc71-3486dc39ef34.jpg,C1270518_V02_F00005_299852a6-3a15-44cb-bc71-3486dc39ef34.txt,C1270518,c_specimen,train,False,"jieba,yanghuatiepi",7
C1270621_V03_F00003_2599373a-4fa0-4c0e-a319-3fa366b98927.jpg,C1270621_V03_F00003_2599373a-4fa0-4c0e-a319-3fa366b98927.txt,C1270621,c_specimen,train,False,jieba,1
C1270652_V00_F00007_11330a20-857c-4770-a918-baf71c6dd28e.jpg,C1270652_V00_F00007_11330a20-857c-4770-a918-baf71c6dd28e.txt,C1270652,c_specimen,train,False,jieba,2
C1270730_V03_F00005_d664c2d3-d8b9-4cf3-a9c9-6dda79b7a110.jpg,C1270730_V03_F00005_d664c2d3-d8b9-4cf3-a9c9-6dda79b7a110.txt,C1270730,c_specimen,train,False,jieba,1
C1270757_V03_F00008_baa3f445-48c9-4cd2-b0a3-1e265850ba42.jpg,C1270757_V03_F00008_baa3f445-48c9-4cd2-b0a3-1e265850ba42.txt,C1270757,c_specimen,train,False,jieba,3
C1270890_V03_F00006_39c243ac-2a3e-4fdc-92c1-8e43990f5702.jpg,C1270890_V03_F00006_39c243ac-2a3e-4fdc-92c1-8e43990f5702.txt,C1270890,c_specimen,train,False,jieba,2
C1270890_V03_F00008_d2394f9b-023c-4b9e-99e9-911524b33174.jpg,C1270890_V03_F00008_d2394f9b-023c-4b9e-99e9-911524b33174.txt,C1270890,c_specimen,train,False,jieba,2
C1270890_V03_F00009_d1ef8913-e01d-46c7-be80-fa5c86afac91.jpg,C1270890_V03_F00009_d1ef8913-e01d-46c7-be80-fa5c86afac91.txt,C1270890,c_specimen,train,False,jieba,2
C1270890_V10_F00000_21ca98e5-a0eb-4160-8562-cb415f57418b.jpg,C1270890_V10_F00000_21ca98e5-a0eb-4160-8562-cb415f57418b.txt,C1270890,c_specimen,train,False,jieba,1
C1270933_V03_F00006_46fde222-96c4-464f-9605-8cb869fdefde.jpg,C1270933_V03_F00006_46fde222-96c4-464f-9605-8cb869fdefde.txt,C1270933,c_specimen,train,False,jieba,1
C1271058_V01_F00001_ef111d0b-95dc-4504-86d2-91f68c2de2b8.jpg,C1271058_V01_F00001_ef111d0b-95dc-4504-86d2-91f68c2de2b8.txt,C1271058,c_specimen,val,False,jieba,1
C1271087_V00_F00001_ee3dae04-1bbb-4525-aa8b-4ea52c290835.jpg,C1271087_V00_F00001_ee3dae04-1bbb-4525-aa8b-4ea52c290835.txt,C1271087,c_specimen,train,False,jieba,1
C1271187_V00_F00005_1de71d86-e0db-40b0-8cb6-d868bb595064.jpg,C1271187_V00_F00005_1de71d86-e0db-40b0-8cb6-d868bb595064.txt,C1271187,c_specimen,train,False,jieba,1
C1271201_V03_F00007_147e0938-c5bc-4213-bd3a-798e2daccc82.jpg,C1271201_V03_F00007_147e0938-c5bc-4213-bd3a-798e2daccc82.txt,C1271201,c_specimen,train,False,jieba,1
C1271225_V11_F00001_7ad0e5af-4293-47c3-9a9e-3b4f4f844703.jpg,C1271225_V11_F00001_7ad0e5af-4293-47c3-9a9e-3b4f4f844703.txt,C1271225,c_specimen,train,False,jieba,1
C1271350_V03_F00009_b0532482-b0cd-4eb7-a3e0-55e28c31562a.jpg,C1271350_V03_F00009_b0532482-b0cd-4eb7-a3e0-55e28c31562a.txt,C1271350,c_specimen,val,False,jieba,1
C1271359_V11_F00002_4926bff7-5d7a-4064-81aa-323a84aa9062.jpg,C1271359_V11_F00002_4926bff7-5d7a-4064-81aa-323a84aa9062.txt,C1271359,c_specimen,train,False,jieba,2
C1271359_V12_F00005_26d6e9eb-ec57-4fe5-8a22-c2a1bfe46327.jpg,C1271359_V12_F00005_26d6e9eb-ec57-4fe5-8a22-c2a1bfe46327.txt,C1271359,c_specimen,train,False,jieba,2
C1271362_V02_F00012_4c05a38d-fde7-4f09-adc5-667d0448c9cf.jpg,C1271362_V02_F00012_4c05a38d-fde7-4f09-adc5-667d0448c9cf.txt,C1271362,c_specimen,train,False,jieba,1
C1271362_V11_F00010_c266f766-a779-4fd8-804f-e1ee6478ab20.jpg,C1271362_V11_F00010_c266f766-a779-4fd8-804f-e1ee6478ab20.txt,C1271362,c_specimen,train,False,jieba,1
C1271363_V11_F00001_b7da01f1-5b0e-4414-9758-2d843b25ef7b.jpg,C1271363_V11_F00001_b7da01f1-5b0e-4414-9758-2d843b25ef7b.txt,C1271363,c_specimen,train,False,jieba,2
C1271363_V13_F00004_31281aef-f9ef-4dc5-849a-e131644869be.jpg,C1271363_V13_F00004_31281aef-f9ef-4dc5-849a-e131644869be.txt,C1271363,c_specimen,train,False,jieba,1
C1271382_V03_F00000_a0b18529-341c-452b-8240-af9765a108d4.jpg,C1271382_V03_F00000_a0b18529-341c-452b-8240-af9765a108d4.txt,C1271382,c_specimen,val,False,jieba,1
C1271491_V10_F00001_e03c9aeb-8b29-432e-ad6b-d45c33261606.jpg,C1271491_V10_F00001_e03c9aeb-8b29-432e-ad6b-d45c33261606.txt,C1271491,c_specimen,train,False,jieba,1
C1271781_V01_F00009_bfba8345-3db2-4cf4-9f99-748475e484b1.jpg,C1271781_V01_F00009_bfba8345-3db2-4cf4-9f99-748475e484b1.txt,C1271781,c_specimen,train,False,mamianmakeng,2
C1271807_V11_F00007_751a5dff-85f8-43ba-8283-934b68ab52ba.jpg,C1271807_V11_F00007_751a5dff-85f8-43ba-8283-934b68ab52ba.txt,C1271807,c_specimen,train,False,yiwuyaru,2
C1271932_V01_F00003_44549c4c-4077-4ffe-8ca0-1f5b6a64bdee.jpg,C1271932_V01_F00003_44549c4c-4077-4ffe-8ca0-1f5b6a64bdee.txt,C1271932,c_specimen,train,False,mamianmakeng,1
C1271932_V01_F00004_624563a2-b4dd-493e-86db-f96289e1fc44.jpg,C1271932_V01_F00004_624563a2-b4dd-493e-86db-f96289e1fc44.txt,C1271932,c_specimen,train,False,"mamianmakeng,yiwuyaru",2
C1271932_V02_F00000_4ad65ca2-7585-4a4d-a981-be02ae77e34c.jpg,C1271932_V02_F00000_4ad65ca2-7585-4a4d-a981-be02ae77e34c.txt,C1271932,c_specimen,train,False,mamianmakeng,1
C1271932_V02_F00003_e2860d1b-2128-48b1-9470-fee95ed322bb.jpg,C1271932_V02_F00003_e2860d1b-2128-48b1-9470-fee95ed322bb.txt,C1271932,c_specimen,train,False,"yanghuatiepi,yiwuyaru",2
C1271933_V13_F00004_dc146696-f637-4066-bb0f-29f4de3899ac.jpg,C1271933_V13_F00004_dc146696-f637-4066-bb0f-29f4de3899ac.txt,C1271933,c_specimen,train,False,"huashang,yiwuyaru",2
C1271941_V00_F00001_6d3aa7a8-4f82-4604-ab72-643f5d85c00d.jpg,C1271941_V00_F00001_6d3aa7a8-4f82-4604-ab72-643f5d85c00d.txt,C1271941,c_specimen,train,False,yiwuyaru,1
C1272006_V03_F00001_86d8f036-a9e6-45ef-82a2-0f3da4db3f41.jpg,C1272006_V03_F00001_86d8f036-a9e6-45ef-82a2-0f3da4db3f41.txt,C1272006,c_specimen,train,False,yiwuyaru,1
C1272008_V00_F00023_aa5b72d5-ce7a-466e-b222-7b08aa2f5eab.jpg,C1272008_V00_F00023_aa5b72d5-ce7a-466e-b222-7b08aa2f5eab.txt,C1272008,c_specimen,train,False,jieba,1
C1272166_V02_F00001_a73fa988-5568-4c6b-b18f-dbe386a8f531.jpg,C1272166_V02_F00001_a73fa988-5568-4c6b-b18f-dbe386a8f531.txt,C1272166,c_specimen,train,False,jieba,2
C1272176_V00_F00004_6c584bc5-5f9d-4086-b070-6d584efbbebc.jpg,C1272176_V00_F00004_6c584bc5-5f9d-4086-b070-6d584efbbebc.txt,C1272176,c_specimen,train,False,yiwuyaru,1
C1272365_V13_F00001_5049eda2-98a5-40bd-ac68-0299d69867b8.jpg,C1272365_V13_F00001_5049eda2-98a5-40bd-ac68-0299d69867b8.txt,C1272365,c_specimen,val,False,jieba,1
C1272496_V01_F00008_b9eb299d-452d-4aee-b36e-48ed266aff11.jpg,C1272496_V01_F00008_b9eb299d-452d-4aee-b36e-48ed266aff11.txt,C1272496,c_specimen,train,False,yiwuyaru,1
C1272520_V11_F00000_7a73da85-6dec-4242-8e23-2459ddfaf32e.jpg,C1272520_V11_F00000_7a73da85-6dec-4242-8e23-2459ddfaf32e.txt,C1272520,c_specimen,train,False,"huashang,jieba",4
C1272640_V02_F00008_108f3d5d-d61b-4c9f-a39b-d6739e491d54.jpg,C1272640_V02_F00008_108f3d5d-d61b-4c9f-a39b-d6739e491d54.txt,C1272640,c_specimen,train,False,jieba,1
C1272677_V01_F00010_54ca2719-fc2c-4555-bd61-335ca4cbbd8e.jpg,C1272677_V01_F00010_54ca2719-fc2c-4555-bd61-335ca4cbbd8e.txt,C1272677,c_specimen,train,False,yiwuyaru,1
C1273099_V03_F00003_653779e9-95c4-446b-8f45-3c04a46812fd.jpg,C1273099_V03_F00003_653779e9-95c4-446b-8f45-3c04a46812fd.txt,C1273099,c_specimen,val,False,"jieba,yiwuyaru",9
C1273099_V10_F00008_0c465685-47a5-45c5-be29-32d45b2d99e2.jpg,C1273099_V10_F00008_0c465685-47a5-45c5-be29-32d45b2d99e2.txt,C1273099,c_specimen,val,False,yiwuyaru,2
C1273105_V03_F00001_93ee89cf-3960-4ea3-a43e-f50f406844ea.jpg,C1273105_V03_F00001_93ee89cf-3960-4ea3-a43e-f50f406844ea.txt,C1273105,c_specimen,train,False,jieba,1
C1273105_V03_F00007_417fdb31-9b37-4bec-84e9-da853aa54559.jpg,C1273105_V03_F00007_417fdb31-9b37-4bec-84e9-da853aa54559.txt,C1273105,c_specimen,train,False,"jieba,mamianmakeng",2
C1273105_V03_F00010_b714121e-b599-4728-8ee4-a1266955f0eb.jpg,C1273105_V03_F00010_b714121e-b599-4728-8ee4-a1266955f0eb.txt,C1273105,c_specimen,train,False,"jieba,yiwuyaru",5
C1273110_V03_F00002_83a5f01e-db07-4ceb-a574-284e57c3d72c.jpg,C1273110_V03_F00002_83a5f01e-db07-4ceb-a574-284e57c3d72c.txt,C1273110,c_specimen,train,False,jieba,10
C1273130_V03_F00001_210214e8-6e10-48ae-bb2c-6e769b7b13b9.jpg,C1273130_V03_F00001_210214e8-6e10-48ae-bb2c-6e769b7b13b9.txt,C1273130,c_specimen,train,False,"jieba,yiwuyaru",8
C1273130_V03_F00002_bd6dd312-8c9c-4a32-bf7b-9da7ef67299a.jpg,C1273130_V03_F00002_bd6dd312-8c9c-4a32-bf7b-9da7ef67299a.txt,C1273130,c_specimen,train,False,jieba,6
C1273130_V10_F00003_46a2a14d-71b2-473d-bfe0-695ff57410d8.jpg,C1273130_V10_F00003_46a2a14d-71b2-473d-bfe0-695ff57410d8.txt,C1273130,c_specimen,train,False,"jieba,yanghuatiepi",2
C1273142_V00_F00001_98fa5238-6d0a-4f0f-a4eb-3f2e4859eda8.jpg,C1273142_V00_F00001_98fa5238-6d0a-4f0f-a4eb-3f2e4859eda8.txt,C1273142,c_specimen,train,False,yiwuyaru,1
C1273142_V03_F00003_7e517a9e-bd62-4ab8-88a1-6dccf50a1a9e.jpg,C1273142_V03_F00003_7e517a9e-bd62-4ab8-88a1-6dccf50a1a9e.txt,C1273142,c_specimen,train,False,jieba,3
C1273145_V00_F00005_4e8c3017-a0d0-4f25-84b2-aca1ea912c16.jpg,C1273145_V00_F00005_4e8c3017-a0d0-4f25-84b2-aca1ea912c16.txt,C1273145,c_specimen,train,False,jieba,3
C1273153_V10_F00007_eaeae059-dd1a-4d0f-9c23-61d2979acc9c.jpg,C1273153_V10_F00007_eaeae059-dd1a-4d0f-9c23-61d2979acc9c.txt,C1273153,c_specimen,train,False,"yanghuatiepi,yiwuyaru",2
C1273207_V00_F00001_ddbadfe5-997f-45f4-b3dd-0cff3c54ff53.jpg,C1273207_V00_F00001_ddbadfe5-997f-45f4-b3dd-0cff3c54ff53.txt,C1273207,c_specimen,val,False,"yanghuatiepi,yiwuyaru",3
C1273217_V00_F00001_ec070916-f281-4ad2-ad37-5335dbbd8e40.jpg,C1273217_V00_F00001_ec070916-f281-4ad2-ad37-5335dbbd8e40.txt,C1273217,c_specimen,train,False,yiwuyaru,1
C1273330_V13_F00011_cc5d46bf-e09d-4bc1-926c-dddd9d282501.jpg,C1273330_V13_F00011_cc5d46bf-e09d-4bc1-926c-dddd9d282501.txt,C1273330,c_specimen,train,False,huashang,1
C1273338_V00_F00009_50eb441e-8f0b-4eb3-9874-62bcd1e158d3.jpg,C1273338_V00_F00009_50eb441e-8f0b-4eb3-9874-62bcd1e158d3.txt,C1273338,c_specimen,train,False,yiwuyaru,1
C1273338_V10_F00004_72655f19-5561-4e5b-b374-1991756482dd.jpg,C1273338_V10_F00004_72655f19-5561-4e5b-b374-1991756482dd.txt,C1273338,c_specimen,train,False,yiwuyaru,2
C1273373_V01_F00006_721c3e5c-1670-48e9-b0d2-9e47483b0d24.jpg,C1273373_V01_F00006_721c3e5c-1670-48e9-b0d2-9e47483b0d24.txt,C1273373,c_specimen,train,False,jieba,1
C1293676_V02_F00002_2923aa2c-8dd0-4b31-84fd-0096a99771ad.jpg,C1293676_V02_F00002_2923aa2c-8dd0-4b31-84fd-0096a99771ad.txt,C1293676,c_specimen,train,False,yiwuyaru,1
C1293802_V01_F00002_6dd7a775-e406-4461-aa00-e3b1dc5f456c.jpg,C1293802_V01_F00002_6dd7a775-e406-4461-aa00-e3b1dc5f456c.txt,C1293802,c_specimen,train,False,jieba,1
C1293828_V11_F00000_9498c671-07ba-48d0-80b3-d7a232f2fbbe.jpg,C1293828_V11_F00000_9498c671-07ba-48d0-80b3-d7a232f2fbbe.txt,C1293828,c_specimen,train,False,jieba,1
C1293885_V02_F00008_d71f5e5e-ebfb-46bb-b9cf-86a8e64db4e3.jpg,C1293885_V02_F00008_d71f5e5e-ebfb-46bb-b9cf-86a8e64db4e3.txt,C1293885,c_specimen,train,False,yiwuyaru,1
C1293885_V03_F00008_9556d9f0-8223-4b45-950d-d485a3071e19.jpg,C1293885_V03_F00008_9556d9f0-8223-4b45-950d-d485a3071e19.txt,C1293885,c_specimen,train,False,yiwuyaru,1
C1293942_V00_F00009_7896a95e-34c5-4dc8-915f-bb6ce710ccbd.jpg,C1293942_V00_F00009_7896a95e-34c5-4dc8-915f-bb6ce710ccbd.txt,C1293942,c_specimen,train,False,mamianmakeng,1
C1293966_V10_F00002_92ec01d0-7947-4c8e-ac7b-7a7c26918956.jpg,C1293966_V10_F00002_92ec01d0-7947-4c8e-ac7b-7a7c26918956.txt,C1293966,c_specimen,train,False,yiwuyaru,1
C1293989_V03_F00001_4364c6ae-a5f6-4d32-8b6b-8d6b9814c9a4.jpg,C1293989_V03_F00001_4364c6ae-a5f6-4d32-8b6b-8d6b9814c9a4.txt,C1293989,c_specimen,train,False,"jieba,zonglie",5
C1293989_V03_F00004_3cb88a86-c018-45aa-b30e-b6806422d850.jpg,C1293989_V03_F00004_3cb88a86-c018-45aa-b30e-b6806422d850.txt,C1293989,c_specimen,train,False,"jieba,zonglie",8
C1293989_V03_F00006_45c53b57-84a6-47d2-bdee-f19841e39cb4.jpg,C1293989_V03_F00006_45c53b57-84a6-47d2-bdee-f19841e39cb4.txt,C1293989,c_specimen,train,False,"jieba,zonglie",11
C1293989_V10_F00003_77191c66-2cc9-40d4-bf93-de6c4c131a8a.jpg,C1293989_V10_F00003_77191c66-2cc9-40d4-bf93-de6c4c131a8a.txt,C1293989,c_specimen,train,False,yiwuyaru,1
C1293995_V13_F00006_699d36c0-0e99-490c-8120-f96e2d8cb551.jpg,C1293995_V13_F00006_699d36c0-0e99-490c-8120-f96e2d8cb551.txt,C1293995,c_specimen,train,False,yiwuyaru,1
C1293997_V01_F00003_b976ff45-c9e2-4384-9572-720af61c61e4.jpg,C1293997_V01_F00003_b976ff45-c9e2-4384-9572-720af61c61e4.txt,C1293997,c_specimen,train,False,yiwuyaru,1
C1294000_V03_F00007_37beec22-a501-4ef5-9202-657007d14e39.jpg,C1294000_V03_F00007_37beec22-a501-4ef5-9202-657007d14e39.txt,C1294000,c_specimen,val,False,"jieba,zonglie",2
C1294000_V03_F00010_367031c3-924f-4769-9c9e-9f5287f5f46c.jpg,C1294000_V03_F00010_367031c3-924f-4769-9c9e-9f5287f5f46c.txt,C1294000,c_specimen,val,False,"jieba,zonglie",3
C1294000_V03_F00012_e04cf712-cbea-411d-b0d1-6833539f5df0.jpg,C1294000_V03_F00012_e04cf712-cbea-411d-b0d1-6833539f5df0.txt,C1294000,c_specimen,val,False,"jieba,zonglie",2
C1294003_V10_F00007_fdd77aa0-26e0-4a14-8c5a-2f5e5aa8baee.jpg,C1294003_V10_F00007_fdd77aa0-26e0-4a14-8c5a-2f5e5aa8baee.txt,C1294003,c_specimen,train,False,yiwuyaru,1
C1294020_V03_F00011_bea4cfba-3674-45e4-8594-b9ec54883a55.jpg,C1294020_V03_F00011_bea4cfba-3674-45e4-8594-b9ec54883a55.txt,C1294020,c_specimen,train,False,"jieba,zonglie",5
C1294024_V00_F00006_2939a24e-efde-4f73-8279-c7a1a852e44f.jpg,C1294024_V00_F00006_2939a24e-efde-4f73-8279-c7a1a852e44f.txt,C1294024,c_specimen,train,False,yiwuyaru,1
C1294026_V01_F00005_bb8c4b15-3cf3-428b-9853-68d09cfcc9c0.jpg,C1294026_V01_F00005_bb8c4b15-3cf3-428b-9853-68d09cfcc9c0.txt,C1294026,c_specimen,train,False,yiwuyaru,1
C1294031_V03_F00006_ba8253d3-984f-4461-b802-10fef1865a0b.jpg,C1294031_V03_F00006_ba8253d3-984f-4461-b802-10fef1865a0b.txt,C1294031,c_specimen,train,False,"jieba,yiwuyaru,zonglie",4
C1294031_V03_F00013_22534c97-ebe6-4b5e-b0b0-279ef350b6c8.jpg,C1294031_V03_F00013_22534c97-ebe6-4b5e-b0b0-279ef350b6c8.txt,C1294031,c_specimen,train,False,jieba,3
C1294032_V03_F00001_10b29499-8355-41d6-84f8-019d36f2bcb6.jpg,C1294032_V03_F00001_10b29499-8355-41d6-84f8-019d36f2bcb6.txt,C1294032,c_specimen,train,False,"jieba,qilie,zonglie",4
C1294034_V03_F00005_89c071e9-94a9-46c5-956e-f2ac95800950.jpg,C1294034_V03_F00005_89c071e9-94a9-46c5-956e-f2ac95800950.txt,C1294034,c_specimen,train,False,"jieba,zonglie",9
C1294034_V03_F00007_93fe914e-4ddd-43ad-ae94-d8c200d15e6f.jpg,C1294034_V03_F00007_93fe914e-4ddd-43ad-ae94-d8c200d15e6f.txt,C1294034,c_specimen,train,False,"jieba,zonglie",6
C1294036_V03_F00010_20af1f14-d147-4bfd-8f2b-5c8d4377b4cf.jpg,C1294036_V03_F00010_20af1f14-d147-4bfd-8f2b-5c8d4377b4cf.txt,C1294036,c_specimen,train,False,"jieba,zonglie",5
C1294036_V03_F00013_3b219e2b-5851-4676-9970-b8f5bc39a9ec.jpg,C1294036_V03_F00013_3b219e2b-5851-4676-9970-b8f5bc39a9ec.txt,C1294036,c_specimen,train,False,"jieba,zonglie",2
C1294047_V03_F00004_b2d06f2d-99dc-452c-bd3b-6d597e82f7bb.jpg,C1294047_V03_F00004_b2d06f2d-99dc-452c-bd3b-6d597e82f7bb.txt,C1294047,c_specimen,train,False,"jieba,zonglie",7
C1294073_V03_F00002_8330669a-50af-4d15-bcdf-b15f139a2895.jpg,C1294073_V03_F00002_8330669a-50af-4d15-bcdf-b15f139a2895.txt,C1294073,c_specimen,train,False,"jieba,qilie",4
C1294073_V03_F00005_216e3d9c-29a2-40c4-8875-6e1819c4bb86.jpg,C1294073_V03_F00005_216e3d9c-29a2-40c4-8875-6e1819c4bb86.txt,C1294073,c_specimen,train,False,"jieba,qilie,zonglie",3
C1294073_V03_F00006_cb67c080-a3ad-494d-b7a5-b53b2e65182d.jpg,C1294073_V03_F00006_cb67c080-a3ad-494d-b7a5-b53b2e65182d.txt,C1294073,c_specimen,train,False,"jieba,qilie,zonglie",4
C1294073_V03_F00010_6b2723be-75d8-4db7-9ecc-9eb70a514a0f.jpg,C1294073_V03_F00010_6b2723be-75d8-4db7-9ecc-9eb70a514a0f.txt,C1294073,c_specimen,train,False,jieba,1
C1294133_V00_F00002_3f54626e-09f6-4783-b20b-717b74946003.jpg,C1294133_V00_F00002_3f54626e-09f6-4783-b20b-717b74946003.txt,C1294133,c_specimen,train,False,yiwuyaru,2
C1294147_V03_F00003_3dfc8220-062e-459f-805e-abb1fe80f844.jpg,C1294147_V03_F00003_3dfc8220-062e-459f-805e-abb1fe80f844.txt,C1294147,c_specimen,train,False,"jieba,qilie",2
C1294147_V03_F00005_5a224b2f-f3d0-417f-8dbe-5f6f88ca2632.jpg,C1294147_V03_F00005_5a224b2f-f3d0-417f-8dbe-5f6f88ca2632.txt,C1294147,c_specimen,train,False,"jieba,qilie",8
C1294205_V13_F00008_68142f5a-a591-425f-a9dc-f5f0bd55cb5b.jpg,C1294205_V13_F00008_68142f5a-a591-425f-a9dc-f5f0bd55cb5b.txt,C1294205,c_specimen,train,False,jieba,1
C1294213_V03_F00046_cbaed96f-b229-4665-b2ed-303d0f3cec47.jpg,C1294213_V03_F00046_cbaed96f-b229-4665-b2ed-303d0f3cec47.txt,C1294213,c_specimen,train,False,"jieba,qilie,zonglie",8
C1294231_V01_F00005_fb167e80-934e-4bdf-b229-9607450746a5.jpg,C1294231_V01_F00005_fb167e80-934e-4bdf-b229-9607450746a5.txt,C1294231,c_specimen,train,False,yiwuyaru,1
C1294245_V01_F00008_c1bded78-5a14-4d41-80de-2af49bc9e028.jpg,C1294245_V01_F00008_c1bded78-5a14-4d41-80de-2af49bc9e028.txt,C1294245,c_specimen,train,False,yiwuyaru,1
C1294249_V11_F00006_542f52ab-48db-4c71-be41-6ebb0e3dce91.jpg,C1294249_V11_F00006_542f52ab-48db-4c71-be41-6ebb0e3dce91.txt,C1294249,c_specimen,train,False,yiwuyaru,1
C1294270_V03_F00003_b27b70fe-ae23-43cf-a498-10c59d5caadd.jpg,C1294270_V03_F00003_b27b70fe-ae23-43cf-a498-10c59d5caadd.txt,C1294270,c_specimen,train,False,jieba,4
C1294270_V03_F00004_cf70c2b8-44ff-4d49-871b-3b5e724a5f20.jpg,C1294270_V03_F00004_cf70c2b8-44ff-4d49-871b-3b5e724a5f20.txt,C1294270,c_specimen,train,False,"jieba,zonglie",3
C1294270_V03_F00007_c03ff699-27cf-42d0-ba91-3a12c238cc4a.jpg,C1294270_V03_F00007_c03ff699-27cf-42d0-ba91-3a12c238cc4a.txt,C1294270,c_specimen,train,False,"jieba,qilie,zonglie",6
C1294270_V03_F00008_e8b915f1-3f4a-44b9-8fca-dc06bca48669.jpg,C1294270_V03_F00008_e8b915f1-3f4a-44b9-8fca-dc06bca48669.txt,C1294270,c_specimen,train,False,jieba,3
C1294270_V03_F00010_fe883ad5-65a2-43ac-90c7-7136caf01f27.jpg,C1294270_V03_F00010_fe883ad5-65a2-43ac-90c7-7136caf01f27.txt,C1294270,c_specimen,train,False,"jieba,yiwuyaru,zonglie",6
C1294270_V10_F00004_84361afb-2f65-462d-a7ab-2d9fb948d3bf.jpg,C1294270_V10_F00004_84361afb-2f65-462d-a7ab-2d9fb948d3bf.txt,C1294270,c_specimen,train,False,jieba,2
C1294273_V10_F00010_b1db2c78-8890-4f51-a140-5f934fdb1926.jpg,C1294273_V10_F00010_b1db2c78-8890-4f51-a140-5f934fdb1926.txt,C1294273,c_specimen,train,False,yiwuyaru,1
C1294305_V03_F00002_bb7d94c8-2cbd-4bdb-a908-7a16080320b0.jpg,C1294305_V03_F00002_bb7d94c8-2cbd-4bdb-a908-7a16080320b0.txt,C1294305,c_specimen,train,False,jieba,5
C1294305_V03_F00007_52243113-ce0b-44e6-ae32-724d8f3cdae2.jpg,C1294305_V03_F00007_52243113-ce0b-44e6-ae32-724d8f3cdae2.txt,C1294305,c_specimen,train,False,"jieba,yiwuyaru,zonglie",4
C1294313_V03_F00004_32157f46-667d-4b1f-b444-db42c6e24388.jpg,C1294313_V03_F00004_32157f46-667d-4b1f-b444-db42c6e24388.txt,C1294313,c_specimen,train,False,jieba,1
C1294315_V03_F00002_a3f173f8-6277-4c97-a417-e1e5e3c2fa81.jpg,C1294315_V03_F00002_a3f173f8-6277-4c97-a417-e1e5e3c2fa81.txt,C1294315,c_specimen,val,False,jieba,2
C1294324_V03_F00003_4bf687af-353f-49a9-9328-1b0e362a0dec.jpg,C1294324_V03_F00003_4bf687af-353f-49a9-9328-1b0e362a0dec.txt,C1294324,c_specimen,train,False,"jieba,qilie",2
C1294352_V01_F00001_424a19c1-3b0a-4178-aca8-fd8a80ed8cc7.jpg,C1294352_V01_F00001_424a19c1-3b0a-4178-aca8-fd8a80ed8cc7.txt,C1294352,c_specimen,train,False,yiwuyaru,2
C1294369_V13_F00005_08d0cad3-b0f5-4476-9c59-4723c1d7756b.jpg,C1294369_V13_F00005_08d0cad3-b0f5-4476-9c59-4723c1d7756b.txt,C1294369,c_specimen,train,False,yiwuyaru,1
C1294466_V00_F00001_bd2b1373-aadd-4a2b-a872-602f58056fc4.jpg,C1294466_V00_F00001_bd2b1373-aadd-4a2b-a872-602f58056fc4.txt,C1294466,c_specimen,train,False,yiwuyaru,1
C1294466_V03_F00002_21845a46-354f-4e46-bb5c-92e7045cad81.jpg,C1294466_V03_F00002_21845a46-354f-4e46-bb5c-92e7045cad81.txt,C1294466,c_specimen,train,False,jieba,1
C1294466_V10_F00001_b8d9cde4-2c18-419c-b809-fa81dc170a24.jpg,C1294466_V10_F00001_b8d9cde4-2c18-419c-b809-fa81dc170a24.txt,C1294466,c_specimen,train,False,"jieba,yiwuyaru",2
C1294466_V11_F00002_2d6b650e-be08-4d25-bef0-0f853821cc77.jpg,C1294466_V11_F00002_2d6b650e-be08-4d25-bef0-0f853821cc77.txt,C1294466,c_specimen,train,False,jieba,3
C1294466_V12_F00001_74d4564d-4dcf-49b4-91f1-72060c48a1d6.jpg,C1294466_V12_F00001_74d4564d-4dcf-49b4-91f1-72060c48a1d6.txt,C1294466,c_specimen,train,False,"jieba,yiwuyaru",4
C1294467_V03_F00007_426b1d8e-70cb-46a7-8db4-e4dac28f4c5e.jpg,C1294467_V03_F00007_426b1d8e-70cb-46a7-8db4-e4dac28f4c5e.txt,C1294467,c_specimen,val,False,"jieba,yiwuyaru",4
C1294467_V03_F00007_d6e06aa9-d635-4eb6-81fe-7b44997e9740.jpg,C1294467_V03_F00007_d6e06aa9-d635-4eb6-81fe-7b44997e9740.txt,C1294467,c_specimen,val,False,"jieba,yiwuyaru",4
C1294474_V01_F00001_c44e2dbf-8388-4d5e-8a76-a5b126189bb9.jpg,C1294474_V01_F00001_c44e2dbf-8388-4d5e-8a76-a5b126189bb9.txt,C1294474,c_specimen,train,False,zonglie,1
C1294526_V10_F00012_5b7d01e0-d867-4d87-947b-6b45f703b5ab.jpg,C1294526_V10_F00012_5b7d01e0-d867-4d87-947b-6b45f703b5ab.txt,C1294526,c_specimen,train,False,yiwuyaru,1
C1294529_V03_F00017_955b30ec-b3df-480a-a4c9-5f8f984fd0b8.jpg,C1294529_V03_F00017_955b30ec-b3df-480a-a4c9-5f8f984fd0b8.txt,C1294529,c_specimen,train,False,yiwuyaru,2
C1294529_V12_F00003_fad3f2fc-7688-4cb2-87b3-41b0ff0bfcce.jpg,C1294529_V12_F00003_fad3f2fc-7688-4cb2-87b3-41b0ff0bfcce.txt,C1294529,c_specimen,train,False,jieba,1
C1294531_V11_F00009_e4dacd3d-e126-4b78-a9bd-a0d04b06b496.jpg,C1294531_V11_F00009_e4dacd3d-e126-4b78-a9bd-a0d04b06b496.txt,C1294531,c_specimen,train,False,"jieba,yiwuyaru",2
C1294531_V13_F00010_cb9c2a3b-fc14-4179-bc0f-29a1e98f949e.jpg,C1294531_V13_F00010_cb9c2a3b-fc14-4179-bc0f-29a1e98f949e.txt,C1294531,c_specimen,train,False,"huashang,jieba,yanghuatiepi",8
C1294536_V00_F00003_e9a8fd85-11ce-43c3-bb4e-60f2bef88698.jpg,C1294536_V00_F00003_e9a8fd85-11ce-43c3-bb4e-60f2bef88698.txt,C1294536,c_specimen,val,False,"jieba,yanghuatiepi,yiwuyaru",4
C1294536_V11_F00005_5f852a5d-53c1-412b-bf65-cbb1d9771de0.jpg,C1294536_V11_F00005_5f852a5d-53c1-412b-bf65-cbb1d9771de0.txt,C1294536,c_specimen,val,False,"jieba,yiwuyaru",2
C1294536_V12_F00003_f2549483-3809-4ede-b55d-ac93212a1276.jpg,C1294536_V12_F00003_f2549483-3809-4ede-b55d-ac93212a1276.txt,C1294536,c_specimen,val,False,jieba,3
C1294538_V01_F00014_83627962-903f-46ac-8e33-57967cd43f0a.jpg,C1294538_V01_F00014_83627962-903f-46ac-8e33-57967cd43f0a.txt,C1294538,c_specimen,val,False,yiwuyaru,1
C1294538_V11_F00006_f8ab0cdc-9105-478b-8ddc-89904425d50d.jpg,C1294538_V11_F00006_f8ab0cdc-9105-478b-8ddc-89904425d50d.txt,C1294538,c_specimen,val,False,jieba,2
C1294554_V00_F00000_06312540-2ab9-49a5-8564-a3e0b1bebfd8.jpg,C1294554_V00_F00000_06312540-2ab9-49a5-8564-a3e0b1bebfd8.txt,C1294554,c_specimen,train,False,jieba,1
C1294670_V01_F00000_569520cf-50ca-472c-9adc-7b907689b927.jpg,C1294670_V01_F00000_569520cf-50ca-472c-9adc-7b907689b927.txt,C1294670,c_specimen,train,False,jieba,1
C1294839_V01_F00001_4fe12df3-5df7-49cf-a028-051c9f894651.jpg,C1294839_V01_F00001_4fe12df3-5df7-49cf-a028-051c9f894651.txt,C1294839,c_specimen,train,False,yiwuyaru,1
C1294906_V01_F00004_61b52282-624c-4f81-83be-59abfbc8f726.jpg,C1294906_V01_F00004_61b52282-624c-4f81-83be-59abfbc8f726.txt,C1294906,c_specimen,train,False,zonglie,1
C1295187_V01_F00007_07546bee-9158-42b2-aa91-5e8c7ea1ac6e.jpg,C1295187_V01_F00007_07546bee-9158-42b2-aa91-5e8c7ea1ac6e.txt,C1295187,c_specimen,train,False,jieba,1
C1295255_V00_F00004_73f9d1f6-c32a-4d7a-a6c3-cb37c876410f.jpg,C1295255_V00_F00004_73f9d1f6-c32a-4d7a-a6c3-cb37c876410f.txt,C1295255,c_specimen,train,False,yiwuyaru,1
C1295404_V03_F00007_0fa1e637-2b1b-462e-969a-8371def87461.jpg,C1295404_V03_F00007_0fa1e637-2b1b-462e-969a-8371def87461.txt,C1295404,c_specimen,train,False,jieba,1
C1295451_V02_F00001_5c3f274f-4eab-4427-b66b-181a57003f2c.jpg,C1295451_V02_F00001_5c3f274f-4eab-4427-b66b-181a57003f2c.txt,C1295451,c_specimen,train,False,yiwuyaru,1
C1296057_V12_F00003_42c3b802-c062-498e-920d-81e2580eab65.jpg,C1296057_V12_F00003_42c3b802-c062-498e-920d-81e2580eab65.txt,C1296057,c_specimen,train,False,yiwuyaru,1
C1296092_V00_F00005_9879084a-adb6-42bc-832e-d49697858bf5.jpg,C1296092_V00_F00005_9879084a-adb6-42bc-832e-d49697858bf5.txt,C1296092,c_specimen,train,False,yiwuyaru,1
C1296268_V00_F00006_47746798-7565-4a80-8592-fad67f41dd03.jpg,C1296268_V00_F00006_47746798-7565-4a80-8592-fad67f41dd03.txt,C1296268,c_specimen,train,False,yiwuyaru,1
C1296289_V00_F00002_2d72779a-099c-457a-8d6c-5f84586a1b8e.jpg,C1296289_V00_F00002_2d72779a-099c-457a-8d6c-5f84586a1b8e.txt,C1296289,c_specimen,train,False,yiwuyaru,1
C1296446_V02_F00001_47104441-acc4-4e83-b94c-cf8a75b85087.jpg,C1296446_V02_F00001_47104441-acc4-4e83-b94c-cf8a75b85087.txt,C1296446,c_specimen,val,False,jieba,1
C1296455_V01_F00001_0d8561d1-1c44-4d29-93a5-bfd9563d4261.jpg,C1296455_V01_F00001_0d8561d1-1c44-4d29-93a5-bfd9563d4261.txt,C1296455,c_specimen,val,False,yiwuyaru,2
C1296567_V00_F00008_e08e112c-ee40-4a0c-82cc-d8beb80bd9d0.jpg,C1296567_V00_F00008_e08e112c-ee40-4a0c-82cc-d8beb80bd9d0.txt,C1296567,c_specimen,val,False,yiwuyaru,1
C1296567_V11_F00008_d11b705f-c291-4cf7-9bed-0eb0c9dd6f5e.jpg,C1296567_V11_F00008_d11b705f-c291-4cf7-9bed-0eb0c9dd6f5e.txt,C1296567,c_specimen,val,False,yiwuyaru,1
C1296842_V00_F00010_e333762d-1b16-4ba3-aebc-09387d6277d1.jpg,C1296842_V00_F00010_e333762d-1b16-4ba3-aebc-09387d6277d1.txt,C1296842,c_specimen,train,False,jiaza,1
C1297232_V00_F00019_b47fce44-8b57-4765-85bd-f260c47cb4a8.jpg,C1297232_V00_F00019_b47fce44-8b57-4765-85bd-f260c47cb4a8.txt,C1297232,c_specimen,train,False,mamianmakeng,3
C1297407_V03_F00002_127c2d25-0f68-4fac-a54c-cf66074fee73.jpg,C1297407_V03_F00002_127c2d25-0f68-4fac-a54c-cf66074fee73.txt,C1297407,c_specimen,train,False,yiwuyaru,1
C1297454_V03_F00021_ae5fb6ee-05bf-43ae-88ce-57db262b3e83.jpg,C1297454_V03_F00021_ae5fb6ee-05bf-43ae-88ce-57db262b3e83.txt,C1297454,c_specimen,train,False,yiwuyaru,1
C1297626_V01_F00005_4d817204-1d1f-4ca8-aeef-f00a04e9a496.jpg,C1297626_V01_F00005_4d817204-1d1f-4ca8-aeef-f00a04e9a496.txt,C1297626,c_specimen,train,False,huashang,6
C1297627_V00_F00001_4774872f-b8b0-4b2b-acb3-27391ec220d7.jpg,C1297627_V00_F00001_4774872f-b8b0-4b2b-acb3-27391ec220d7.txt,C1297627,c_specimen,val,False,huashang,5
C1297627_V01_F00002_08304277-d9b9-4278-992a-2fbf45ac0c3f.jpg,C1297627_V01_F00002_08304277-d9b9-4278-992a-2fbf45ac0c3f.txt,C1297627,c_specimen,val,False,huashang,11
C1297678_V00_F00158_266cd878-043c-49d9-853d-89842973bdaf.jpg,C1297678_V00_F00158_266cd878-043c-49d9-853d-89842973bdaf.txt,C1297678,c_specimen,train,False,yiwuyaru,1
C1297684_V03_F00021_a4be7103-f191-4e3d-94fd-b1066c448db4.jpg,C1297684_V03_F00021_a4be7103-f191-4e3d-94fd-b1066c448db4.txt,C1297684,c_specimen,train,False,jieba,1
C1297732_V12_F00002_690ce01b-87b3-4403-bdc5-8138915ae7ce.jpg,C1297732_V12_F00002_690ce01b-87b3-4403-bdc5-8138915ae7ce.txt,C1297732,c_specimen,train,False,jieba,2
C1297734_V01_F00001_b975d59b-9dfa-45c8-9458-e7556446b4e5.jpg,C1297734_V01_F00001_b975d59b-9dfa-45c8-9458-e7556446b4e5.txt,C1297734,c_specimen,train,False,yiwuyaru,1
C1297791_V03_F00006_00e6301e-ac54-46db-a02e-9b80b31e0a90.jpg,C1297791_V03_F00006_00e6301e-ac54-46db-a02e-9b80b31e0a90.txt,C1297791,c_specimen,val,False,jieba,1
C1297928_V11_F00002_15c2d26c-bfb1-4d1f-8c43-74ead97f9022.jpg,C1297928_V11_F00002_15c2d26c-bfb1-4d1f-8c43-74ead97f9022.txt,C1297928,c_specimen,train,False,"yiwuyaru,zonglie",2
C1297979_V00_F00005_93d77e6c-1d40-438c-ab55-e782374f4262.jpg,C1297979_V00_F00005_93d77e6c-1d40-438c-ab55-e782374f4262.txt,C1297979,c_specimen,train,False,mamianmakeng,1
C1297980_V12_F00004_2044277b-3f43-471b-b4dc-fb9c677ba949.jpg,C1297980_V12_F00004_2044277b-3f43-471b-b4dc-fb9c677ba949.txt,C1297980,c_specimen,train,False,yiwuyaru,2
C1297983_V13_F00004_a6b6ad49-7461-4329-a002-c872c9450c39.jpg,C1297983_V13_F00004_a6b6ad49-7461-4329-a002-c872c9450c39.txt,C1297983,c_specimen,train,False,"jieba,yiwuyaru",2
C1298001_V01_F00001_a36b32c7-68c1-4ab6-a9b5-c756be4046d2.jpg,C1298001_V01_F00001_a36b32c7-68c1-4ab6-a9b5-c756be4046d2.txt,C1298001,c_specimen,train,False,yiwuyaru,1
C1298002_V10_F00006_cba74ab4-142c-4dae-ad91-81bfa3787104.jpg,C1298002_V10_F00006_cba74ab4-142c-4dae-ad91-81bfa3787104.txt,C1298002,c_specimen,train,False,yiwuyaru,1
C1298008_V10_F00003_61301276-b02e-420e-9b9f-5fc5e31427e5.jpg,C1298008_V10_F00003_61301276-b02e-420e-9b9f-5fc5e31427e5.txt,C1298008,c_specimen,train,False,"jieba,yiwuyaru",6
